shopify_id,first_name,last_name,email,phone,address,city,state,zip
SHP_21395,Alexander,Taylor,alexander.taylor@hotmail.com,+1-851-785-8976x811,89149 Megan Mill Suite 991,Stevenside,WV,04417
SHP_87397,Robert,Schultz,robert.schultz@hotmail.com,(789)640-6041,35962 Jessica Knolls,East Dawnshire,MI,18776
SHP_65302,Michael,Smith,michael.smith@gmail.com,+1-868-346-8737x561,375 Hodges Harbor Apt. 140,Deborahberg,MH,44837
SHP_14165,Rebecca,Cisneros,rebecca.cisneros@hotmail.com,(583)684-3247x6114,335 Richard Port,Leonardview,LA,88807
SHP_13905,Carla,Tran,carla.tran@hotmail.com,596-366-8673x4815,19043 Johnson Island,Duncanview,WV,31641
SHP_22280,Steven,Craig,steven.craig@gmail.com,+1-651-995-4746,75098 Roman Skyway,North Larryhaven,TN,69585
SHP_38657,Victoria,Chung,victoria.chung@yahoo.com,209-534-3688x6914,6569 Andrew Burg,East Williamfort,MD,84536
SHP_40495,Kathryn,Huffman,kathryn.huffman@hotmail.com,357.353.8481,703 Ellis Locks Apt. 164,South Jacob,MP,44321
SHP_76237,Leslie,Massey,leslie.massey@hotmail.com,798.362.2140,86604 Parker Ways,East Andrea,MP,12335
SHP_88907,Christopher,Grant,christopher.grant@hotmail.com,+1-618-696-5583,6229 Hernandez Park Suite 056,Smithchester,CT,55551
SHP_13478,Alexander,Torres,alexander.torres@yahoo.com,868-343-2109x5496,3079 Ashley Club Suite 676,South Andrewshire,MN,15980
SHP_83563,Mark,Lawson,mark.lawson@gmail.com,(244)791-5321x80113,15682 Keith Plains,Sarahtown,VA,16935
SHP_36062,Jacob,Hernandez,jacob.hernandez@gmail.com,+1-500-291-7316x3324,44783 Sandra Crest Apt. 125,Harveyside,OR,57081
SHP_95181,Mary,Barnes,mary.barnes@hotmail.com,+1-897-493-9828x02562,762 Whitaker Valleys,Alexandriafort,LA,92559
SHP_81426,Annette,Nelson,annette.nelson@gmail.com,241-978-8007x1921,9182 Samantha Mall,Lake Michelleberg,TX,07946
SHP_64987,Beth,Roberts,beth.roberts@hotmail.com,001-982-988-6845,98014 James Drive Apt. 290,Lake Timothyville,IL,57979
SHP_38893,Erika,Sharp,erika.sharp@gmail.com,(375)849-8111x809,089 Jennifer Drives Apt. 471,Johnport,AZ,14568
SHP_68878,Melissa,Burns,melissa.burns@gmail.com,001-614-479-3442x3665,36178 Horn Route,West Christianview,LA,57372
SHP_87236,Grace,Williams,grace.williams@gmail.com,249.439.0981x122,1285 Jason Pass,Antonioport,MP,14679
SHP_46463,Jeffery,Fox,jeffery.fox@yahoo.com,8093537234,2313 Kristin Crescent Apt. 944,South Kevinborough,VT,13495
SHP_10851,Matthew,Dean,matthew.dean@yahoo.com,508-288-8503x7219,80848 Brenda Lodge Apt. 462,Port Kimberlyfort,IN,72654
SHP_30926,Paul,Newton,paul.newton@gmail.com,(650)782-5726x9677,8996 John Street Apt. 563,Andreamouth,WV,82307
SHP_65392,Melissa,Solomon,melissa.solomon@yahoo.com,+1-795-523-1362x8141,3880 Michelle Loop,North Marchaven,NE,23093
SHP_54597,Melissa,Howard,melissa.howard@yahoo.com,(326)725-5483,293 Monica Creek,South Carolside,WI,47931
SHP_46421,David,Delgado,david.delgado@yahoo.com,(608)401-2893,92053 Morris Heights,Reginaldchester,RI,55389
SHP_30379,Jessica,Horn,jessica.horn@gmail.com,001-868-356-8888,597 Shelly Parkway,Downsfort,VI,77985
SHP_38221,Patrick,Ibarra,patrick.ibarra@hotmail.com,586.418.1546x329,847 Johnson Port Apt. 745,Vegafurt,NY,32331
SHP_54118,Earl,Johnson,earl.johnson@yahoo.com,767-903-8706x8829,4031 Perry Shore Suite 609,Lake Ryan,DE,93559
SHP_23396,John,Moore,john.moore@gmail.com,001-358-592-0790x4266,763 Garrett Pike Suite 285,New Vanessa,VI,67810
SHP_22156,James,Graham,james.graham@yahoo.com,(652)687-1694,498 Andrews Mall,West Todd,LA,50793
SHP_59797,Robin,Alvarez,robin.alvarez@gmail.com,464.804.0465x511,110 Smith Dale,New Jennifer,GA,05463
SHP_22676,Jared,Sanchez,jared.sanchez@hotmail.com,407-249-0068x326,123 Brandi Wells,Rodrigueztown,NY,71929
SHP_57052,Peter,Ramirez,peter.ramirez@yahoo.com,001-999-800-9378x14604,3788 Hill Mount,South Jessicaland,ND,99125
SHP_55082,James,Hawkins,james.hawkins@gmail.com,9955079337,97341 Holmes Center,Lake Hannah,TN,49406
SHP_89131,Ruben,Bradley,ruben.bradley@yahoo.com,+1-817-220-8496x4985,56253 Jason Landing,Dustinmouth,DE,01763
SHP_44671,Jessica,Richards,jessica.richards@gmail.com,(638)466-4297,4175 Samantha Summit,Castanedamouth,MN,29277
SHP_15695,Nicholas,Pena,nicholas.pena@yahoo.com,001-409-568-5075x66386,841 Elizabeth Cliffs,Duncanstad,ND,01174
SHP_70217,Randy,White,randy.white@gmail.com,919-581-0250x7853,0206 Sharp Springs,Port James,OH,17764
SHP_80284,Denise,Hancock,denise.hancock@yahoo.com,935.936.7577,2658 Morris Ford,North Kevinshire,NV,79047
SHP_26361,Brett,Mullins,brett.mullins@hotmail.com,+1-470-669-8329,16280 Kimberly Plains,South Johnburgh,PW,68469
SHP_59615,Michael,Richardson,michael.richardson@gmail.com,+1-600-929-0695,6427 Brittney Ford,Sototon,WY,80481
SHP_20328,Tami,Cohen,tami.cohen@gmail.com,001-849-335-4881x07327,77731 Albert Extension,Hannahborough,WY,60085
SHP_82357,Stephen,Jones,stephen.jones@yahoo.com,400-612-8801x4341,88067 Shields Estate Suite 339,South Ashleeport,SC,21249
SHP_48427,April,Johnson,april.johnson@hotmail.com,001-971-617-8444x002,44379 Richard Meadow Apt. 448,Floydmouth,DE,16167
SHP_92397,Cynthia,Henderson,cynthia.henderson@yahoo.com,(301)579-1809,1689 Gutierrez Mount,Alexandraland,NC,68025
SHP_91070,Alicia,Stout,alicia.stout@gmail.com,378.887.0584,1349 Morales Mountain,Petermouth,NY,56649
SHP_57400,Lauren,Park,lauren.park@yahoo.com,001-977-796-6054x85625,2246 Sherman Loaf,Elizabethhaven,MT,99705
SHP_85674,Paige,Robertson,paige.robertson@hotmail.com,956-312-5780x473,176 Fernandez Shoal Suite 455,Kevinberg,CT,48689
SHP_35203,Tyler,Leonard,tyler.leonard@gmail.com,9907641367,53194 Christina Mountain Suite 959,South William,FL,37294
SHP_19116,Janet,Taylor,janet.taylor@gmail.com,853-615-7033x9004,7897 Carter Hills Apt. 303,Brandtburgh,NV,54622
SHP_16006,Chris,Daugherty,chris.daugherty@yahoo.com,+1-560-738-4457x055,7500 Moses Knoll,Prestonfurt,FM,49712
SHP_96673,Jody,Garcia,jody.garcia@gmail.com,+1-551-536-6513x06791,46318 Ramos Creek Apt. 406,New Emily,NV,66769
SHP_39871,Donald,Herrera,donald.herrera@gmail.com,950-713-5247x11788,513 Natalie Roads,Christophertown,MI,98629
SHP_47930,Jennifer,Guzman,jennifer.guzman@gmail.com,+1-568-850-9894x79398,9061 Christie Camp Apt. 382,Lake Melanie,OH,83197
SHP_20458,Wendy,Bright,wendy.bright@gmail.com,673.853.4972,25350 Susan Falls,Villaview,SD,52345
SHP_40512,Stephanie,Hess,stephanie.hess@yahoo.com,783-803-0523x263,3367 Bryan Cove Suite 141,Alexaland,PR,20829
SHP_23238,Gerald,Rodriguez,gerald.rodriguez@hotmail.com,404.489.5783x16979,75265 Jessica Shoal,South Jasminburgh,AK,41240
SHP_59823,Michelle,Smith,michelle.smith@gmail.com,(262)547-3650,909 Jacqueline Roads,South Kevinmouth,MT,09355
SHP_46434,Daniel,Morales,daniel.morales@gmail.com,001-607-564-4490,616 David Extension Suite 726,North Matthewton,GA,95419
SHP_69429,Brandy,Wilson,brandy.wilson@hotmail.com,522-607-9078,64625 Myers Garden Apt. 228,South Joshuaburgh,SD,24962
SHP_93320,Melissa,Escobar,melissa.escobar@hotmail.com,238.757.0943x9137,379 David Creek Suite 822,Bankshaven,AL,81407
SHP_57819,Jennifer,Frey,jennifer.frey@gmail.com,912.499.5704,2612 Samantha Center Apt. 843,Petersonchester,MI,91784
SHP_31319,Anthony,Miranda,anthony.miranda@hotmail.com,5408024170,37331 Kerry Roads Apt. 414,Martinezhaven,OK,63723
SHP_58520,Dawn,Mendoza,dawn.mendoza@hotmail.com,(934)829-0004,459 Patricia Parkway Apt. 873,Lake Ashleyshire,SC,43258
SHP_56566,Edward,Jackson,edward.jackson@hotmail.com,+1-510-573-3673,22462 Wilson Plains,Port Damonton,VI,84355
SHP_37460,Emily,Hardin,emily.hardin@yahoo.com,+1-307-660-8816x1688,66413 Barton Brook,Davidburgh,ID,80212
SHP_97841,Samuel,Martinez,samuel.martinez@gmail.com,001-728-333-1090x6929,490 Cynthia Springs,New Rachelton,AR,87872
SHP_44993,Kyle,Hale,kyle.hale@gmail.com,377-274-1546x3344,80291 Harris Ports,Susanberg,WI,07582
SHP_99593,Emily,Soto,emily.soto@yahoo.com,898-522-1672,0325 Todd Oval,New Austinshire,NC,34076
SHP_94939,Joseph,Delgado,joseph.delgado@hotmail.com,(851)576-7372x72590,312 Heidi Club Apt. 099,East Colleenshire,NC,24321
SHP_19358,Mary,Jones,mary.jones@hotmail.com,+1-973-370-6632x928,2606 Billy Mountains,South Angela,IN,34937
SHP_89840,Tammy,Walker,tammy.walker@gmail.com,+1-424-764-9339x934,014 Nicole Freeway Suite 809,Muellerbury,UT,16183
SHP_93227,Chad,Porter,chad.porter@gmail.com,250.763.6229x8225,653 David Island,Aprilview,FL,08496
SHP_32431,Chris,Murray,chris.murray@yahoo.com,5922071152,62192 Michael Pine,New Ashleyfort,VA,01061
SHP_80010,James,Jensen,james.jensen@gmail.com,599-547-1136,223 Rodriguez Garden Suite 699,Griffinbury,CT,11248
SHP_42087,Victoria,Coleman,victoria.coleman@yahoo.com,+1-317-793-2858x6427,16394 Lori Lodge Suite 112,South Kevin,IL,09530
SHP_31417,Chelsey,Santos,chelsey.santos@hotmail.com,+1-877-903-1272x710,78712 Boyd Bridge Apt. 007,Port Kennethstad,MS,50416
SHP_70589,Vanessa,Miller,vanessa.miller@gmail.com,3127484417,3961 Tracy Plains Apt. 152,West Anne,MP,26162
SHP_59735,Jacqueline,Thompson,jacqueline.thompson@gmail.com,(968)808-6631x52717,6620 Matthew Spurs Suite 094,Natashafort,ND,76752
SHP_45382,Amy,Perez,amy.perez@gmail.com,748-681-5687x0586,117 Bishop Fork Suite 130,Laurastad,CT,06821
SHP_93886,Brittany,Baker,brittany.baker@hotmail.com,5745882418,7207 Linda Radial Apt. 147,Lake Joshua,DC,61803
SHP_83000,Courtney,Gentry,courtney.gentry@gmail.com,+1-242-228-5220x433,30504 Daniels Mountains Suite 345,Parkborough,VA,83615
SHP_38785,Jeffrey,Jones,jeffrey.jones@yahoo.com,+1-508-510-2623,619 Robin Branch,North Sean,AL,51343
SHP_99733,Brenda,Little,brenda.little@hotmail.com,001-281-655-7800x33428,8640 Brown Extension Apt. 246,New April,MT,94026
SHP_52504,Stephanie,Leon,stephanie.leon@yahoo.com,211.284.2527x863,1210 Jennifer Harbors,East Kenneth,LA,64576
SHP_17331,Veronica,Lamb,veronica.lamb@hotmail.com,4476128144,0192 Donna Land Apt. 437,Port Alison,AZ,45438
SHP_40021,Kendra,Cox,kendra.cox@yahoo.com,(755)581-5196x13243,05449 Molina Roads Apt. 417,Ruthchester,AZ,79428
SHP_14207,Joseph,Vega,joseph.vega@yahoo.com,+1-243-874-0278,092 Scott Courts,Angelamouth,VA,85381
SHP_51347,Elizabeth,Dillon,elizabeth.dillon@gmail.com,238.537.1327,25304 Austin Place,West Elizabethstad,NY,90702
SHP_62581,Robert,Hardy,robert.hardy@yahoo.com,001-880-943-9398x81869,44643 Tristan Falls Apt. 780,New Stephanie,UT,60707
SHP_45093,Alex,Graves,alex.graves@gmail.com,(302)653-2484x0599,92650 Hill Plains Apt. 379,Davisbury,MN,64998
SHP_18675,Johnny,Wong,johnny.wong@yahoo.com,001-295-389-5748,62103 Rivera Terrace,Williamshaven,IN,46211
SHP_37653,Steven,Lang,steven.lang@hotmail.com,853.655.6093x2048,53693 Pierce Spur,Jonathanfort,VA,84609
SHP_84341,Glenn,Hanson,glenn.hanson@yahoo.com,394.220.1631x599,5381 Murray Wells,Kristiside,RI,65281
SHP_51245,Lucas,Smith,lucas.smith@yahoo.com,579.553.8164,491 Fleming Mews,Lisaborough,ID,07010
SHP_37869,Nicole,Roth,nicole.roth@hotmail.com,+1-231-321-6376x182,0100 John Corner Suite 290,Port Danielmouth,PR,93228
SHP_95909,Peter,Martinez,peter.martinez@gmail.com,001-688-945-2969x3389,9707 Kimberly Mount,New Toddborough,SD,94030
SHP_75435,Michael,Jimenez,michael.jimenez@yahoo.com,(302)673-4151x4888,11508 Matthew Spring,Johnview,ID,92990
SHP_61856,Micheal,Miller,micheal.miller@gmail.com,6509805491,4735 Michael Divide Suite 784,Port Kristinemouth,DE,47215
SHP_94259,Karen,Snyder,karen.snyder@yahoo.com,4287389378,414 Kimberly Greens,Port Amanda,SC,57312
SHP_70142,Anita,Sharp,anita.sharp@hotmail.com,687.597.0415x7429,59668 Ashley Terrace,Lewisfort,IA,96964
SHP_28726,Sarah,Lewis,sarah.lewis@gmail.com,001-799-683-9901x5059,1680 Hunt Freeway Apt. 400,Evelynview,VI,55555
SHP_44718,Sean,Edwards,sean.edwards@gmail.com,798.497.7475x94434,77403 Price Manor Suite 404,North Susan,NJ,55715
SHP_28301,James,Green,james.green@yahoo.com,+1-742-302-0765x79667,3447 Davenport Light,East Randy,UT,75064
SHP_42325,Andrew,Thornton,andrew.thornton@gmail.com,+1-726-453-9746x2499,036 Rodriguez Rue,Mcdonaldmouth,AS,61610
SHP_83579,Angela,Mclean,angela.mclean@gmail.com,+1-389-418-6359,0431 Jonathan Bypass Apt. 140,Lake Julianshire,VT,20524
SHP_80644,Caroline,Pittman,caroline.pittman@yahoo.com,6633516098,4830 Amber Circle Suite 551,New David,CA,69676
SHP_44438,Kenneth,Contreras,kenneth.contreras@yahoo.com,416.656.0880x41890,2882 Jones Ford Suite 608,Robinsonchester,MP,26927
SHP_86622,Kent,Olsen,kent.olsen@gmail.com,830-561-0753,19095 Nixon Track Apt. 429,Mcguirechester,KS,96639
SHP_66155,Juan,Gonzales,juan.gonzales@hotmail.com,+1-809-241-4250x9563,552 James Fords,New Christine,NE,64227
SHP_86484,Thomas,Williams,thomas.williams@yahoo.com,3587353458,7285 Michael Garden Apt. 998,West Erik,MO,86937
SHP_62350,Denise,Mitchell,denise.mitchell@yahoo.com,323-911-2327x48979,3342 Jackson Fields Suite 217,Jenniferside,AR,09318
SHP_57447,Cory,Jones,cory.jones@hotmail.com,9715898424,212 Lisa Estate,Baxterside,AS,10802
SHP_38746,Michelle,Brown,michelle.brown@gmail.com,6547459406,58144 Green Fall,East Justintown,MP,95725
SHP_28131,Matthew,Rivera,matthew.rivera@gmail.com,442.329.6428,1605 Shannon Green Apt. 507,East Alexandra,FM,86221
SHP_76784,Jessica,Diaz,jessica.diaz@gmail.com,(678)313-6750x09421,2769 Heather Pine,Hoffmanberg,WV,63155
SHP_74686,Melissa,Roberts,melissa.roberts@hotmail.com,001-664-965-8894x921,570 Johnson Trafficway Apt. 643,Jensenton,DC,94378
SHP_21915,David,Green,david.green@gmail.com,480.655.2578,67275 Adam Streets,Deborahport,NJ,38489
SHP_16175,Michael,Carter,michael.carter@hotmail.com,(993)756-5352x437,6557 Todd Wall,Annstad,VA,98793
SHP_24371,Jack,Chang,jack.chang@hotmail.com,001-822-877-7733x1680,707 Jared Lake Apt. 360,Christinaburgh,RI,66485
SHP_30033,Christina,Cohen,christina.cohen@hotmail.com,887-562-6748,915 Lacey Extension Suite 224,Patrickville,NV,16801
SHP_92240,Alyssa,Carney,alyssa.carney@gmail.com,754-947-5124,9848 Jane Drive,Port Francesburgh,PR,68462
SHP_30969,Dan,Hanson,dan.hanson@yahoo.com,505-992-0865,455 Brittney Corner Suite 665,Nicolebury,KS,61085
SHP_99192,Monica,Grant,monica.grant@hotmail.com,520.620.4871x0365,4144 Jennifer Station Suite 197,Matthewland,VI,39376
SHP_65333,Gabriella,Rodriguez,gabriella.rodriguez@hotmail.com,926.878.9044x220,190 Jason Mountain Apt. 803,Julieville,PW,56820
SHP_88172,Adam,Ward,adam.ward@gmail.com,888.956.2258x66059,4227 Dixon Streets Suite 859,Oconnellmouth,WY,93912
SHP_18326,Mario,Moore,mario.moore@yahoo.com,(834)481-3505,328 Kimberly Mount Apt. 672,Lake Brianmouth,OH,13616
SHP_60432,James,Jackson,james.jackson@yahoo.com,937.919.4020x7127,101 King Loaf,New Donaldside,DC,15141
SHP_60019,Roberto,Martinez,roberto.martinez@gmail.com,853.942.2132,25989 Williams Ports Apt. 947,Amyhaven,PA,32578
SHP_88104,Eric,Harris,eric.harris@gmail.com,+1-486-306-4277x25947,27022 Beck Underpass Suite 286,Matthewtown,GA,59655
SHP_71348,Sue,Brandt,sue.brandt@gmail.com,224-883-8279,5734 Nelson Forge Apt. 366,South Isaacstad,HI,29774
SHP_79352,William,Fisher,william.fisher@yahoo.com,3674917665,50014 Amy Grove,Port Cody,WA,90511
SHP_42953,Adam,Garza,adam.garza@hotmail.com,444.479.4080x308,4199 Nguyen Summit,Antonioshire,IA,61394
SHP_82512,Katie,Lawrence,katie.lawrence@gmail.com,299.961.8483x32793,06653 Micheal Shore,Thomasport,IL,70418
SHP_11504,Charles,Conley,charles.conley@yahoo.com,(919)763-4610,78638 Garrett Camp Suite 792,Arnoldview,NY,31561
SHP_99166,Tammy,Thompson,tammy.thompson@hotmail.com,254.515.8929,3766 John Mall,Jacksontown,NY,11294
SHP_25014,James,Wilkerson,james.wilkerson@hotmail.com,(241)399-7711,7436 Maria Plains Apt. 985,South Cory,KS,29776
SHP_99353,Joshua,Bell,joshua.bell@yahoo.com,(744)862-2016,39350 Keith Street Apt. 625,Lake Amanda,KY,02400
SHP_80381,Vanessa,White,vanessa.white@hotmail.com,001-231-653-0707x919,601 Brown Station Apt. 345,East Catherineberg,PA,85120
SHP_44973,Melissa,Curtis,melissa.curtis@gmail.com,(315)369-1085,6496 Wilson Throughway Apt. 961,Benjaminton,ME,42403
SHP_94012,Dawn,Owen,dawn.owen@yahoo.com,2269607902,16049 David Points,Port Robert,MA,07379
SHP_54587,Rebecca,Gomez,rebecca.gomez@hotmail.com,+1-361-250-8551,06154 Davis Island,Medinaton,IA,82650
SHP_24621,Heather,Bush,heather.bush@hotmail.com,324.510.2856x307,8258 Dawn Ranch Suite 166,Olsonburgh,AZ,49526
SHP_48469,Tracy,Schmidt,tracy.schmidt@gmail.com,(336)224-5276,508 Anderson Centers Apt. 883,West Jasmine,TN,39020
SHP_66985,Jennifer,Tran,jennifer.tran@gmail.com,(543)220-9317,227 Cunningham Drive,East Elizabeth,AZ,33103
SHP_30730,Julie,Rodriguez,julie.rodriguez@gmail.com,(248)293-6175x90887,1882 Michelle Lock,East Karenbury,IA,34853
SHP_69470,Cynthia,Trevino,cynthia.trevino@gmail.com,001-928-796-3406x46867,401 Erickson Skyway,Jasonland,AR,99482
SHP_10425,Diane,White,diane.white@gmail.com,(763)728-0858,197 Tracy Neck Apt. 955,South Russellbury,SC,18657
SHP_44522,Sean,Osborne,sean.osborne@yahoo.com,+1-500-349-3326x72446,94763 Amber Port Apt. 654,East Nicoleside,MD,14751
SHP_75612,Crystal,Wilson,crystal.wilson@yahoo.com,457-471-8074,665 Amanda Lakes,Lake Jonathonshire,AL,67675
SHP_33416,Karen,Guerrero,karen.guerrero@yahoo.com,+1-762-863-3656,3922 Randall Pines Suite 611,West Karen,RI,65125
SHP_76542,James,Le,james.le@gmail.com,885.422.3590,094 Natalie Spur Apt. 441,West Matthew,GA,24818
SHP_23947,Christy,Evans,christy.evans@hotmail.com,001-690-273-7229x176,1454 Johnson Stravenue,New Christopher,RI,47957
SHP_91959,Diane,Green,diane.green@hotmail.com,001-647-752-8972,898 Jacob Union Suite 554,Lake Deniseview,FL,16507
SHP_49117,Nicholas,Wright,nicholas.wright@hotmail.com,(614)281-9642,65451 Jennifer Vista Suite 002,East Ronald,MA,93812
SHP_93748,Catherine,Rodriguez,catherine.rodriguez@gmail.com,(578)549-1929,97459 Michael Brook Suite 294,Port Joyce,KY,82685
SHP_76540,Susan,Gordon,susan.gordon@yahoo.com,883.222.5702x11686,928 Jonathan Parkways,Barrchester,VI,86630
SHP_89818,Alison,Hansen,alison.hansen@hotmail.com,871.861.1586,99767 Riley Station,Lake James,MT,09108
SHP_36071,Jacqueline,Strickland,jacqueline.strickland@gmail.com,528.676.0320x8778,06283 Joseph Roads Suite 573,Pamelaburgh,ID,85746
SHP_30032,Nicole,Garcia,nicole.garcia@yahoo.com,4262892005,7441 Justin Loop,Erinton,FM,62899
SHP_59009,Andrew,Gray,andrew.gray@hotmail.com,(540)477-8487,7498 Casey Drives Suite 448,Shawnhaven,MS,96662
SHP_31174,Nicholas,Riggs,nicholas.riggs@gmail.com,+1-366-612-1123x7928,29835 Baker Hills,Davidberg,MP,38470
SHP_80697,Donald,Rush,donald.rush@gmail.com,335.791.3353,6287 Jennifer Knoll,Port Josephtown,OK,33752
SHP_79514,Chad,Jones,chad.jones@yahoo.com,302-790-6169,1067 Taylor Locks,Castillotown,HI,43008
SHP_10074,Michael,Wallace,michael.wallace@yahoo.com,228.309.5728x39783,9846 Marissa Terrace Suite 562,Erikafurt,SC,61810
SHP_88504,Kerry,Smith,kerry.smith@gmail.com,+1-618-578-5037,125 Justin Trace Suite 189,East Larrymouth,GU,94083
SHP_52487,Daniel,White,daniel.white@gmail.com,(388)584-1936x263,460 Hunt Stravenue Apt. 952,New Eileenside,MA,21959
SHP_74042,Ryan,Skinner,ryan.skinner@yahoo.com,(801)384-4576,295 Jessica Haven Apt. 031,Bryanfort,FM,32708
SHP_12552,Dustin,Hall,dustin.hall@hotmail.com,402-514-2172x19989,24282 Victoria Glens Apt. 907,East Tinabury,AK,21093
SHP_24662,Wendy,Combs,wendy.combs@yahoo.com,822.460.2784,68375 Love Pine Suite 023,South Danielleland,AZ,98763
SHP_57576,Bryan,Rose,bryan.rose@hotmail.com,291-761-6294,98677 Ryan Mills,Stephanietown,WY,15217
SHP_50306,Paul,Murphy,paul.murphy@gmail.com,+1-560-413-1321x070,2712 Sarah Hills Suite 394,Christopherport,OK,66572
SHP_41385,Anthony,Peterson,anthony.peterson@yahoo.com,517.471.5564x8964,469 Hall Valleys,West Samanthachester,AL,77365
SHP_17592,Paul,Campbell,paul.campbell@hotmail.com,001-453-804-5555x950,560 Jimenez Trafficway,Sandraborough,IN,85195
SHP_41571,John,Mcmillan,john.mcmillan@hotmail.com,001-586-259-1819x8052,06730 Lisa Forks Suite 016,Marshallfurt,OR,19155
SHP_84364,Lynn,Smith,lynn.smith@gmail.com,001-882-489-6818x14335,8805 Tucker Viaduct,Masonmouth,MT,73440
SHP_20322,Jeremy,Armstrong,jeremy.armstrong@hotmail.com,+1-957-734-6986,15422 Williams Stravenue Suite 577,North Olivia,FM,06650
SHP_21226,Lucas,Reynolds,lucas.reynolds@gmail.com,001-502-512-3720x550,00886 Laura Summit,Chavezshire,DE,80741
SHP_73699,Selena,Patterson,selena.patterson@hotmail.com,2815126003,6910 Moore Motorway Apt. 531,Port Jeffery,MH,45135
SHP_19071,Benjamin,Madden,benjamin.madden@gmail.com,(474)643-6193x5385,8588 Heather Pike,Lake Jamesberg,AS,33728
SHP_79822,Cynthia,Hansen,cynthia.hansen@hotmail.com,001-766-689-8010x652,305 Donna Summit Suite 141,Calderonbury,SD,58849
SHP_26483,Christopher,Mclaughlin,christopher.mclaughlin@gmail.com,+1-267-412-0072,5910 Patricia Isle Apt. 091,New Aaronborough,WY,22774
SHP_26828,Amy,Thompson,amy.thompson@yahoo.com,001-751-933-9660,96647 Theresa Course Apt. 320,Mooreshire,DE,76909
SHP_96474,Charlotte,Hamilton,charlotte.hamilton@hotmail.com,799-610-4716x4954,5771 Hailey Roads Suite 153,Garyhaven,WA,76786
SHP_72296,Brenda,Carter,brenda.carter@yahoo.com,+1-565-415-8237x271,47787 Wilson Via Apt. 751,Molinachester,FM,97354
SHP_82063,Jennifer,Irwin,jennifer.irwin@hotmail.com,815.295.8812x36886,23511 Diane Isle,East Marcus,KS,75916
SHP_31643,Ronald,Rogers,ronald.rogers@gmail.com,465.264.3694,4255 John Stream Apt. 241,Emilyhaven,OH,05748
SHP_44741,Matthew,Rangel,matthew.rangel@hotmail.com,001-690-757-3019x95261,824 Quinn Locks Suite 363,West Danielhaven,PW,11484
SHP_79163,Brett,Griffin,brett.griffin@hotmail.com,001-432-800-2426x363,476 Patrick Union,South Curtis,VA,87872
SHP_89507,Logan,Reid,logan.reid@hotmail.com,+1-342-641-4529x999,04063 Rangel Shoal,Scottshire,MA,11938
SHP_65461,David,Collins,david.collins@yahoo.com,915.292.9121x3588,20804 Holmes Stream Apt. 098,Nguyenfort,WV,26283
SHP_37760,Scott,Romero,scott.romero@gmail.com,5373820816,9082 Patricia Pass,Lynnbury,WA,55624
SHP_80686,Sarah,Hernandez,sarah.hernandez@gmail.com,001-641-999-6433x8532,0583 John Flats,Port Hannahland,CO,93091
SHP_36365,Benjamin,Price,benjamin.price@yahoo.com,(436)967-2374x7843,7015 Gabriel Stream,East Deannamouth,LA,99709
SHP_50857,Nicole,Hamilton,nicole.hamilton@yahoo.com,372.808.9791x8836,6939 Charles Corner Apt. 995,West Derek,TN,58261
SHP_62296,Jonathan,Cobb,jonathan.cobb@hotmail.com,(914)803-2095,09069 Freeman Circles Apt. 641,Markberg,ND,34593
SHP_98039,Richard,Valdez,richard.valdez@gmail.com,+1-840-826-9089x649,811 Mary Ports Apt. 324,Castroberg,HI,07376
SHP_95180,Katherine,Allen,katherine.allen@hotmail.com,643.296.3994x959,955 Perry Mews,Jamesfort,AR,67812
SHP_58944,Thomas,Frey,thomas.frey@yahoo.com,+1-387-957-4465x4482,821 Patricia Islands,Mullenview,GU,05742
SHP_67422,Heidi,Finley,heidi.finley@hotmail.com,757.932.4696,304 Shari Center Suite 146,Hatfieldville,AL,75227
SHP_77839,Joseph,Gonzalez,joseph.gonzalez@yahoo.com,6783703301,260 Steele Tunnel,Roseland,NJ,81654
SHP_69177,Rachael,Henderson,rachael.henderson@hotmail.com,001-260-844-0999x757,516 Thompson Inlet,Lake Shaun,NY,12312
SHP_25860,April,Wallace,april.wallace@gmail.com,001-751-762-7136x111,62218 Chelsey Expressway Suite 532,Jensenmouth,VI,28975
SHP_42493,Dawn,Kline,dawn.kline@yahoo.com,(711)368-4603,234 Myers Drive Apt. 746,Markbury,CT,57275
SHP_39451,David,Taylor,david.taylor@gmail.com,257-441-7565x9230,2237 Richard Lights,Jeremyborough,TN,96209
SHP_18392,Desiree,Edwards,desiree.edwards@yahoo.com,+1-833-207-8111x719,9021 Mitchell Corners,Matthewshire,NE,59187
SHP_54313,Paul,Martinez,paul.martinez@hotmail.com,001-369-672-4735,772 Woods Trace,North Pamelahaven,KY,51251
SHP_12757,Robert,Williams,robert.williams@yahoo.com,585.541.3887x0305,912 Martha Bridge,Brittanytown,IA,17136
SHP_87110,Kathryn,Wilkinson,kathryn.wilkinson@yahoo.com,800-794-2663x84531,230 Ashley Lock,Davidfurt,WV,20360
SHP_82603,Kelly,Thomas,kelly.thomas@yahoo.com,(898)206-9087x2617,34838 Mark Shore Suite 382,Port Loriport,GU,00903
SHP_40161,Larry,Lindsey,larry.lindsey@hotmail.com,4364840697,723 David Camp Suite 264,South Jacob,CA,52793
SHP_87128,Joshua,Wood,joshua.wood@yahoo.com,672-515-6229,3598 Hawkins Viaduct,Hannahberg,WI,09414
SHP_38864,David,Barajas,david.barajas@gmail.com,+1-626-825-7489x4667,0575 Ashley Fort Suite 254,Lake Luis,AL,70719
SHP_10942,Cheyenne,Miller,cheyenne.miller@hotmail.com,524.201.0783x5674,38960 Williams Trafficway,Dominguezchester,UT,56446
SHP_19305,Alex,Day,alex.day@yahoo.com,+1-720-210-4663x79916,1616 Miller Forges Apt. 788,North Josephton,LA,66009
SHP_92719,Jesse,Stewart,jesse.stewart@yahoo.com,(443)594-4280x5400,507 Sanchez Walk,Gabrielleshire,AK,05474
SHP_17716,Erica,Vargas,erica.vargas@hotmail.com,(324)731-3872x1677,092 Cameron Cliffs,Lake Angela,RI,37356
SHP_40007,Morgan,Johnson,morgan.johnson@gmail.com,7327934233,768 Hall Shores,Hannahton,IA,41763
SHP_18834,Kevin,Vasquez,kevin.vasquez@hotmail.com,481.346.9023x305,583 Donald Mountain Suite 748,North Erika,MN,65153
SHP_14117,William,Garcia,william.garcia@hotmail.com,5023397704,5516 Alyssa Viaduct,East William,RI,58464
SHP_53309,Anthony,Stein,anthony.stein@hotmail.com,322.322.4930x4598,49781 Joseph Shoal Apt. 857,Port Justin,PW,57846
SHP_19287,Wendy,Carlson,wendy.carlson@yahoo.com,651-593-1784,74738 Cody Underpass,South Bruce,KS,75849
SHP_77391,Jose,Boyd,jose.boyd@gmail.com,387-603-4884x224,313 Ward Streets,West Rebeccamouth,GU,95812
SHP_41195,Eric,Walsh,eric.walsh@hotmail.com,381-216-0762,262 Nicholas Groves Suite 202,South Jamesport,CA,05058
SHP_46500,Cathy,Davis,cathy.davis@yahoo.com,519-619-8391,315 Austin Courts,New Josephborough,WI,21310
SHP_97684,Ashley,Tapia,ashley.tapia@gmail.com,942-720-5832x83715,9632 Anthony Highway Suite 604,Whiteview,NY,35486
SHP_73624,Susan,Fernandez,susan.fernandez@hotmail.com,282.670.3224x89136,4557 Graham Stream,New Michele,AK,70772
SHP_38080,Yvonne,Vasquez,yvonne.vasquez@yahoo.com,302-801-1934,692 Miller Keys,South Sharon,ID,73228
SHP_80678,Shawn,Williams,shawn.williams@yahoo.com,+1-673-726-2640x6249,64501 Dillon Squares,North Nicoleborough,NJ,97655
SHP_27342,James,Moran,james.moran@yahoo.com,930-927-1693x859,014 Reed Ville Suite 692,Wrightchester,NH,50919
SHP_84847,Raven,Benitez,raven.benitez@hotmail.com,(516)894-1351x2848,9582 Ford Circle Suite 992,South Carol,TN,14973
SHP_85525,Douglas,Brown,douglas.brown@hotmail.com,001-381-942-0768,68143 Ward Mountains,Lake Sarah,PA,98574
SHP_71953,Makayla,Chandler,makayla.chandler@gmail.com,629-998-1194x412,62042 Miller Orchard,Josephfurt,MP,32240
SHP_41850,Rebecca,Munoz,rebecca.munoz@yahoo.com,+1-815-783-7767x49961,6108 Mcpherson Springs,Lake Gina,FL,65423
SHP_71993,Cassandra,Smith,cassandra.smith@gmail.com,724-210-5047x44107,68607 Hernandez Mountain,Taylorton,OK,04792
SHP_63354,David,Allen,david.allen@gmail.com,410.212.3296x151,507 Graham Islands Apt. 446,West Dianaberg,NV,55415
SHP_34957,Holly,Nelson,holly.nelson@yahoo.com,677.406.1298x8972,092 Patricia Spur Apt. 641,Johnsonmouth,ID,65079
SHP_22363,Lisa,Kaiser,lisa.kaiser@gmail.com,225-343-4123,49860 Tyler Courts Suite 003,North Yvonne,ID,14268
SHP_22704,Laura,Jordan,laura.jordan@yahoo.com,+1-209-610-2319x379,0079 Nicole Glen Apt. 359,North Gregory,VI,28082
SHP_96374,Martin,Wood,martin.wood@hotmail.com,278.929.1595,2785 Tucker Drive,West Thomashaven,OR,47318
SHP_66498,Diane,Roberts,diane.roberts@yahoo.com,376.725.3847x669,16472 Martinez Hill,Wumouth,OR,02378
SHP_56438,Lacey,Wise,lacey.wise@gmail.com,993.806.6274,4110 Kim Point Suite 138,East John,MD,58287
SHP_65519,Kimberly,Floyd,kimberly.floyd@hotmail.com,606.871.9855,158 Miller Mount,Deborahburgh,OH,05656
SHP_63883,Suzanne,Hoffman,suzanne.hoffman@hotmail.com,772.826.9667x349,50085 Blake Ports,Lake Kellyfurt,MI,09351
SHP_71213,Patricia,Werner,patricia.werner@hotmail.com,764.812.6139x5574,058 Barbara Inlet,New Jeffreyview,SC,37103
SHP_17100,Kristi,Reynolds,kristi.reynolds@yahoo.com,437-207-5221x85093,6702 Sanchez Parks Suite 149,East Arielfort,PA,77835
SHP_98259,Jennifer,Clark,jennifer.clark@hotmail.com,001-465-338-9224,858 Banks Cliffs Suite 464,Kaitlynchester,AL,91226
SHP_95649,Diane,Marsh,diane.marsh@hotmail.com,596-788-1449x9080,40574 Rivera Port Suite 324,Kathymouth,FL,58352
SHP_94696,Felicia,Jensen,felicia.jensen@yahoo.com,+1-770-593-8202x07182,8994 Santiago Neck Apt. 608,Port Stephanie,MA,49715
SHP_22899,Jennifer,Wilson,jennifer.wilson@hotmail.com,9987205337,28479 Sanchez Corner,Karaberg,CO,53528
SHP_17944,James,Clayton,james.clayton@hotmail.com,508.854.4184,20931 Thomas Plaza Apt. 210,South Todd,VA,54659
SHP_62772,Sierra,Hernandez,sierra.hernandez@gmail.com,567.710.6656x02492,7414 Michael Corner Suite 532,Lake Tyler,TX,82295
SHP_54473,Debra,Moon,debra.moon@hotmail.com,829-352-4967x269,38050 Jeffrey Brook,Gabrielhaven,WV,90123
SHP_24322,Derek,Hancock,derek.hancock@yahoo.com,3257431639,4725 Brown Haven Suite 782,Lake Jamestown,MO,91426
SHP_42591,Laura,Baker,laura.baker@gmail.com,937-391-1569,84076 Cabrera Mountain Apt. 783,Parkerport,IA,66314
SHP_35112,Joshua,Zimmerman,joshua.zimmerman@yahoo.com,(826)681-3246x974,9838 Elliott Underpass Apt. 025,South Samuel,VT,59922
SHP_34931,Michele,Simpson,michele.simpson@gmail.com,746-339-9989x16190,37974 Andrew Cape,Jeffreyhaven,UT,80172
SHP_80292,Erin,Pittman,erin.pittman@yahoo.com,+1-904-264-0014x9133,2621 Petersen Cliff Suite 776,West Stevenbury,MI,43409
SHP_68800,Julia,Brooks,julia.brooks@gmail.com,(753)489-7390x76667,420 Dale Trafficway Suite 799,Smithstad,WY,73562
SHP_28373,Matthew,Norris,matthew.norris@hotmail.com,354-231-3742x0282,83213 Christopher Gardens Apt. 910,Coxfort,OH,81415
SHP_65296,Jillian,Duncan,jillian.duncan@gmail.com,241-643-6043x87243,064 Sarah Hills Suite 250,Rileybury,WI,65628
SHP_34050,Susan,Joseph,susan.joseph@hotmail.com,001-552-228-7363x792,76885 Edwin Vista,West Jerome,FL,26862
SHP_46509,Nicholas,Smith,nicholas.smith@gmail.com,9269184025,68605 Phillip Canyon,Fosterchester,MP,01597
SHP_70637,Charles,Stokes,charles.stokes@hotmail.com,850.940.9370x1185,095 Annette Islands Suite 095,Dorseyberg,NY,09337
SHP_42742,Mia,Ferguson,mia.ferguson@gmail.com,475.223.3554,5019 James Trail Suite 436,Hannahville,WV,43123
SHP_19880,Michelle,Adams,michelle.adams@gmail.com,(935)513-4010,99896 Jessica Skyway,East Stephaniestad,MO,86651
SHP_68082,Pamela,Key,pamela.key@gmail.com,(266)390-5510x762,357 Robertson Shore Apt. 050,Morganmouth,TX,58737
SHP_82132,Katherine,Norton,katherine.norton@yahoo.com,(277)771-9846,465 Mitchell Trace,New Parkerside,IN,34522
SHP_22833,Susan,Lane,susan.lane@hotmail.com,(556)785-1206x27672,793 Cohen Grove,North David,DE,39974
SHP_16630,Mary,Byrd,mary.byrd@yahoo.com,(764)507-6089,20339 Heather Garden,Davisfurt,FL,71843
SHP_95477,Becky,Lewis,becky.lewis@yahoo.com,9948832616,6879 Lutz Locks Suite 767,Paulbury,KY,05075
SHP_80855,Nancy,Valentine,nancy.valentine@hotmail.com,850.340.6188x04717,3442 Klein Burg Suite 043,Fergusonburgh,FM,14428
SHP_11934,Joshua,Whitney,joshua.whitney@gmail.com,265-482-0297,55690 Erika Land,Scottland,OK,18548
SHP_22224,Bryan,Edwards,bryan.edwards@yahoo.com,677-641-6867,51600 Jonathan Ford Suite 835,North Brandonfort,AZ,95139
SHP_40982,Jessica,Thompson,jessica.thompson@gmail.com,(469)819-8626x40592,0934 Timothy Crescent Suite 670,Shieldsberg,NV,20330
SHP_31798,Ashley,Davis,ashley.davis@hotmail.com,8583768694,65714 Dorothy Plaza Suite 410,Richardborough,FM,17501
SHP_63269,Allison,Mcdaniel,allison.mcdaniel@yahoo.com,532.769.7036x75881,590 Butler Ranch,Loganshire,AR,07937
SHP_73653,Lacey,Adams,lacey.adams@gmail.com,(559)860-7545x4223,9434 Anderson Springs,Rileybury,GA,14093
SHP_73092,Penny,Holloway,penny.holloway@yahoo.com,449-349-8194,428 Tyler Fork Suite 065,Lake Thomas,NV,47523
SHP_38016,Monique,Singleton,monique.singleton@gmail.com,4597678806,187 Clark Estate,Port Brendan,NJ,65256
SHP_62565,Rachel,Allen,rachel.allen@yahoo.com,363.885.6493,0749 Monroe Flats,Deannaland,CT,43020
SHP_17685,Danielle,Ellis,danielle.ellis@hotmail.com,512-786-1318,0160 Ronald Shore Suite 942,Heathermouth,WV,18485
SHP_31579,Brian,Castillo,brian.castillo@yahoo.com,665-422-7225x69923,8590 Casey Isle Apt. 607,South Harry,MO,96475
SHP_59672,Caleb,Haynes,caleb.haynes@yahoo.com,565-614-9898x502,50442 Nielsen Drive Apt. 760,North Audrey,PW,14722
SHP_10282,Earl,Gonzalez,earl.gonzalez@hotmail.com,(657)933-2351x15634,879 Davis Glen Apt. 208,Scotthaven,FL,82062
SHP_61173,Madison,Day,madison.day@gmail.com,+1-460-593-1417x3361,81894 Bright Harbors,Bellland,UT,89840
SHP_44760,Daniel,White,daniel.white@hotmail.com,+1-462-447-2863x94201,1499 Brooke Turnpike,New Jacquelinechester,MO,22814
SHP_69638,Michael,Lopez,michael.lopez@hotmail.com,+1-818-775-0677x610,88143 Christine Mountain,Huberville,NH,66452
SHP_47388,Susan,Murphy,susan.murphy@hotmail.com,7016842933,2298 Mary Trace Suite 966,Cobbland,MI,33163
SHP_65444,Lisa,Clay,lisa.clay@yahoo.com,+1-991-553-7038x240,37320 Sanchez Brooks,Masseychester,OH,72751
SHP_82845,Nicole,Fernandez,nicole.fernandez@yahoo.com,+1-482-380-5492x06259,100 Young Forest Apt. 875,North Wayne,VA,82328
SHP_96752,Alexander,Davis,alexander.davis@gmail.com,+1-375-334-4300x91093,269 Paula Square,West Kenneth,TN,10425
SHP_73788,John,Brown,john.brown@hotmail.com,641-685-2039x71010,05098 Lisa Radial,Port Jonathan,TN,76509
SHP_30289,Angela,Anderson,angela.anderson@gmail.com,217.223.6132,95940 King Knoll,East Jameschester,NV,04316
SHP_34890,Sarah,Boone,sarah.boone@yahoo.com,001-352-861-5878x989,71511 Jonathan Stream,Darrenport,UT,66135
SHP_48890,Jonathan,Barton,jonathan.barton@hotmail.com,3283457186,254 Daniel Hollow Suite 365,East Jayhaven,NE,15047
SHP_38534,Jennifer,Pierce,jennifer.pierce@gmail.com,001-711-498-9683x540,640 Johnson Junctions Suite 432,North Williammouth,AL,75927
SHP_17665,Heather,Pitts,heather.pitts@hotmail.com,+1-610-650-7197x0957,406 Pamela Gateway Suite 673,Johnmouth,WA,49346
SHP_85914,Jessica,Cunningham,jessica.cunningham@yahoo.com,(362)990-9137x41283,673 Williams Place Apt. 204,Barrettbury,AK,12970
SHP_81066,Jason,Mills,jason.mills@gmail.com,(987)315-9554,8470 Beth Overpass Apt. 109,Lake Carolineport,ID,33092
SHP_17989,Emily,Garrison,emily.garrison@yahoo.com,+1-729-205-2565,2330 Audrey Ferry,Hendersonport,PR,02774
SHP_51104,Pamela,Perry,pamela.perry@yahoo.com,519.666.6610x256,22234 Charles Fords,Stantonside,IN,55679
SHP_17492,Angela,West,angela.west@yahoo.com,+1-704-314-7140x8877,699 Dennis Crescent Apt. 790,South Angelaport,TX,02308
SHP_16572,Patrick,Wong,patrick.wong@gmail.com,265-732-6139,6560 Marissa Locks Apt. 052,North Sophia,HI,61390
SHP_86569,Marie,Ramos,marie.ramos@gmail.com,(260)245-0956x32174,101 John Track,New Christine,DC,21514
SHP_72493,Hayley,Hampton,hayley.hampton@gmail.com,448-896-7808,312 Tiffany Locks Apt. 947,Whiteview,MP,19395
SHP_75909,Kathy,Beard,kathy.beard@yahoo.com,(547)542-3122x09949,051 Anderson Vista,Josephstad,HI,51286
SHP_79615,Haley,Bond,haley.bond@gmail.com,543-974-8153,0423 Cunningham Lodge Suite 989,Carrietown,PA,31693
SHP_30635,Thomas,Holt,thomas.holt@yahoo.com,+1-259-995-9465x217,33793 Timothy Trafficway,Lindsayfurt,IL,52970
SHP_17455,Brianna,Mccarty,brianna.mccarty@hotmail.com,457-563-4339x971,06193 Espinoza Shores Suite 061,Kaneton,SD,11048
SHP_76562,Robert,Newman,robert.newman@yahoo.com,(941)647-3594x68953,2577 Ryan Village,Lovebury,TX,75545
SHP_20500,Jeremy,Mills,jeremy.mills@yahoo.com,969-322-0966x4087,2513 Vernon Drive,New Josephberg,HI,53533
SHP_34356,Daniel,Elliott,daniel.elliott@gmail.com,424.246.4956x65660,2451 Jessica Prairie Suite 127,West Jasmine,MP,44191
SHP_18981,James,Cunningham,james.cunningham@hotmail.com,2077119475,01127 Jessica Divide,Lake Mike,OK,95525
SHP_87992,Michael,Lawson,michael.lawson@yahoo.com,+1-366-793-2337x007,97140 Gonzalez Falls,West Jason,AK,99150
SHP_18907,Joshua,Mckay,joshua.mckay@gmail.com,+1-884-316-7347x853,9804 Stewart Turnpike Apt. 860,Tammieville,MP,04616
SHP_98501,Elizabeth,Smith,elizabeth.smith@gmail.com,+1-982-590-7121x1610,31976 Roberts Unions Apt. 978,Hopkinsstad,TX,43621
SHP_40828,Anthony,Rosales,anthony.rosales@yahoo.com,216.756.9386x512,52807 Gilmore Hills Suite 701,Bautistafurt,DC,02668
SHP_62923,Michele,Barton,michele.barton@hotmail.com,605.470.8109x1343,4312 Wesley Plains Suite 182,Lake Dianeview,WI,19761
SHP_25713,Sarah,Brown,sarah.brown@gmail.com,597.535.1090,683 Johnston Way,Hayleybury,VI,51959
SHP_84668,Donald,Padilla,donald.padilla@hotmail.com,(704)858-5976x07353,025 Peters Spring Apt. 499,South Scott,NJ,90377
SHP_42271,Molly,Douglas,molly.douglas@hotmail.com,+1-599-471-8428x5969,140 Hudson Turnpike Apt. 231,Port Kimberly,GU,29733
SHP_85880,Sara,Joseph,sara.joseph@hotmail.com,+1-911-820-9966,2037 Kenneth Glen,South Michael,NJ,00626
SHP_87924,Lori,Hawkins,lori.hawkins@hotmail.com,(288)908-1261x80790,8510 Shawn Islands Apt. 676,West Kayla,VI,50279
SHP_15209,Phillip,Bryant,phillip.bryant@yahoo.com,001-852-491-4835x6508,0252 Pratt Roads,Patriciaville,WY,14993
SHP_91183,Michael,Lewis,michael.lewis@gmail.com,543.683.2622x506,3230 Jordan Loop,Rogerstad,WI,04417
SHP_20745,Brandon,Henderson,brandon.henderson@yahoo.com,001-641-396-1772x6207,04249 Navarro Port,West Karenville,VI,87344
SHP_64948,James,Young,james.young@hotmail.com,391.292.9692,07122 Williams Centers Apt. 283,Wallaceview,HI,60011
SHP_96163,Tiffany,James,tiffany.james@yahoo.com,629.815.5487x2892,75679 Shea Park Suite 088,Port Joseph,HI,14904
SHP_86503,Steven,Nixon,steven.nixon@gmail.com,507-888-3127,8522 Thomas Avenue Apt. 970,Devinfort,KS,88767
SHP_84085,Brian,Rodriguez,brian.rodriguez@yahoo.com,908.444.4453x256,195 Susan Corners,New Josephberg,MO,46848
SHP_78522,Abigail,Gutierrez,abigail.gutierrez@yahoo.com,(504)952-6182x286,54876 Melissa Flat Suite 691,Harveyton,VA,81838
SHP_51467,Michael,Flores,michael.flores@gmail.com,+1-731-891-2604,9818 Nelson Bridge Apt. 865,Stephenburgh,MH,65981
SHP_44179,Taylor,Lopez,taylor.lopez@yahoo.com,+1-831-691-5942,2998 Jackson Trafficway Suite 071,Fuentestown,AS,78638
SHP_36772,Tanner,Baker,tanner.baker@hotmail.com,649-857-4218x842,151 Claire Crossing,Nelsonfort,SD,80514
SHP_97782,Luis,Barrett,luis.barrett@hotmail.com,001-977-737-9395,92474 Charles Neck Apt. 670,Lake Allison,FL,47050
SHP_51180,Eric,Smith,eric.smith@yahoo.com,001-631-519-6488x0165,0622 Benjamin Fords Apt. 333,New Annland,CA,86597
SHP_41285,Scott,Friedman,scott.friedman@gmail.com,3742837768,47173 Morales Plain,Deckerton,NC,95060
SHP_44814,Karen,Nelson,karen.nelson@yahoo.com,3605541137,631 Stacey Plains Apt. 786,Shawnfurt,AR,15112
SHP_61876,Steven,Hooper,steven.hooper@yahoo.com,001-783-693-1329x4027,0165 Diaz Island,Turnerfurt,IL,83679
SHP_27154,Margaret,Deleon,margaret.deleon@yahoo.com,740-612-1610x6065,694 Jennifer Club,East Jonathantown,MD,78893
SHP_98039,Kevin,Hobbs,kevin.hobbs@gmail.com,(257)372-1127x1681,6352 Matthew Manor Suite 371,North Shannontown,MO,70510
SHP_94607,Bonnie,Snyder,bonnie.snyder@yahoo.com,6196325267,21660 Thompson Pass,West Chelseamouth,CA,90816
SHP_49321,Robert,Coleman,robert.coleman@yahoo.com,+1-479-629-6263x273,0391 Mark Lodge,Feliciaville,KS,08744
SHP_69929,Nicole,Howard,nicole.howard@yahoo.com,410-472-5457x02789,7622 Gwendolyn Extensions,East Patriciaton,VI,93717
SHP_51441,Nathan,Lewis,nathan.lewis@yahoo.com,+1-448-536-8167,5606 Castillo Keys Suite 735,Craigtown,MD,98156
SHP_19508,Virginia,Saunders,virginia.saunders@hotmail.com,001-717-398-9033x03937,012 Stephen Ridge,Justinmouth,FM,61143
SHP_11220,Juan,Wright,juan.wright@yahoo.com,756-751-4682x9886,44125 Chavez Crest,New Jillborough,NV,94123
SHP_70068,Miguel,Ellis,miguel.ellis@gmail.com,+1-597-566-5620x670,7774 Bradford Bypass,Jamesfort,MH,16492
SHP_91416,Danielle,Stokes,danielle.stokes@yahoo.com,674.276.2661,087 Steven Court Suite 174,East Michaelberg,NV,01184
SHP_83792,Andrea,Barnett,andrea.barnett@gmail.com,(721)231-8960,6117 Kenneth Orchard,Rhondaview,MT,45779
SHP_23104,Erin,Garrett,erin.garrett@yahoo.com,+1-415-996-6849,562 Luke Hills,Johnsonstad,OK,90987
SHP_19602,William,Maldonado,william.maldonado@gmail.com,517.223.5137,3140 Donna Village,Traceyfurt,GU,30434
SHP_80468,Ashley,Davis,ashley.davis@yahoo.com,946-520-4245x7972,92118 William Way,Lake Brittany,VI,71634
SHP_37938,Jason,Wright,jason.wright@gmail.com,(886)592-3226x025,16073 Lisa Mount Suite 433,Lake Jamesmouth,KY,09600
SHP_76307,Pamela,Jones,pamela.jones@yahoo.com,001-649-285-7742x73598,54720 Ryan Vista Suite 529,Stevensview,MH,62278
SHP_44760,Candice,Sanchez,candice.sanchez@gmail.com,298.628.1368x33652,4017 Randy Mission Apt. 273,Port Kaitlynville,IA,58122
SHP_27361,Catherine,Delgado,catherine.delgado@gmail.com,+1-835-384-6553,38224 Carter Key Apt. 521,Judithton,MA,35776
SHP_55745,Joshua,Mcgee,joshua.mcgee@hotmail.com,807-200-1312,44312 Christopher Union Suite 868,New Sandra,VI,41610
SHP_19016,Jennifer,Padilla,jennifer.padilla@yahoo.com,001-846-577-8189,139 Montgomery Highway Suite 921,Lake Annmouth,HI,30602
SHP_42018,Jennifer,Lawrence,jennifer.lawrence@hotmail.com,+1-843-211-2409,66899 Snyder Haven Apt. 185,West Rodney,DC,30433
SHP_58434,Carrie,Gonzalez,carrie.gonzalez@gmail.com,001-277-337-2954x503,58515 Erica Spurs Apt. 450,New Clinton,IL,45513
SHP_47353,Matthew,Castro,matthew.castro@hotmail.com,(923)282-8892,12553 Padilla Cove,Lindahaven,OH,14071
SHP_30676,Angela,Williams,angela.williams@yahoo.com,7632369987,10401 King Pines,New Rosetown,KS,82496
SHP_67433,Todd,Spencer,todd.spencer@hotmail.com,(876)377-0740,0638 Coffey Run Suite 245,West Daniel,KY,13598
SHP_81200,David,Allen,david.allen@hotmail.com,8836022377,91209 Jeremy Mission Apt. 703,Juliantown,NJ,09834
SHP_49651,Julie,Murphy,julie.murphy@hotmail.com,+1-209-505-3805x3465,0307 Jacqueline Cape,Dawnburgh,IN,83822
SHP_90173,Barbara,Nguyen,barbara.nguyen@yahoo.com,547-863-1691x45590,54237 Vanessa Glens Suite 676,East Robert,UT,63656
SHP_95717,Troy,Schneider,troy.schneider@gmail.com,389.761.7832x250,3222 John Dale Suite 017,Justinfurt,RI,95852
SHP_79329,James,Hill,james.hill@yahoo.com,001-771-742-2410x98813,49321 Austin Junction Suite 020,Bergerton,CT,50780
SHP_11025,Sue,Webb,sue.webb@hotmail.com,(447)710-2767x7359,562 Robertson Coves Suite 371,Shannonberg,CT,07133
SHP_97538,Terri,Peters,terri.peters@gmail.com,337.722.7818,92588 Austin Extensions Apt. 367,South Brettbury,IA,66516
SHP_82692,Kelly,Salas,kelly.salas@yahoo.com,311-828-4256,26862 Davis Fields,Woodsfort,MO,88072
SHP_49240,Julie,Conner,julie.conner@yahoo.com,844.399.7585,8602 Michael Ramp,South Catherine,IL,60314
SHP_96951,Joshua,Hall,joshua.hall@hotmail.com,+1-584-796-5523x91703,04999 Paul Lodge,Jasonfurt,VT,15137
SHP_23577,Lisa,Collins,lisa.collins@hotmail.com,001-969-766-0818,1403 Zavala Inlet,Greenville,DC,97904
SHP_27601,Cathy,Wilkinson,cathy.wilkinson@hotmail.com,001-709-563-5159x117,70253 Victor Mountains,New Paulport,MH,85326
SHP_44664,Amanda,Maldonado,amanda.maldonado@gmail.com,(899)684-8022x05093,249 Mathis Ridge Apt. 145,Garretthaven,NH,98958
SHP_25129,Catherine,Moore,catherine.moore@yahoo.com,966-262-1591x832,46661 Hanna Road,Port Carlosville,AR,59081
SHP_24029,Jason,Ibarra,jason.ibarra@gmail.com,6346094884,19788 Spencer Islands Apt. 395,Lindseyburgh,IN,59217
SHP_82512,Wendy,Wilkerson,wendy.wilkerson@hotmail.com,2284606048,0654 Baker Unions,Schwartzmouth,AZ,94612
SHP_30374,Dawn,Robinson,dawn.robinson@hotmail.com,(228)757-0785x2433,956 Mary Field,East Marioland,WV,47801
SHP_45697,Nathan,Smith,nathan.smith@yahoo.com,001-683-400-3354x21689,44789 Hamilton Spur,West Wendy,NM,47588
SHP_46930,William,James,william.james@yahoo.com,+1-352-780-9242x87572,41502 Savage Village Suite 564,Chloeview,NC,41527
SHP_89276,Karen,Burgess,karen.burgess@yahoo.com,+1-810-958-0108,4761 Sean Valleys Suite 636,Paulmouth,IA,29239
SHP_37607,Joseph,Austin,joseph.austin@gmail.com,6076493093,63234 Sharp Cove,South Anthonyland,GU,28330
SHP_54942,Joseph,Rodriguez,joseph.rodriguez@hotmail.com,616.914.5387,5899 Mary Knoll,Nicoleburgh,NE,37383
SHP_36685,Gavin,Simmons,gavin.simmons@yahoo.com,+1-747-207-2176,04431 Evans Centers Suite 395,South Zoeton,RI,58754
SHP_93130,Angel,Davis,angel.davis@hotmail.com,+1-593-568-9529x74802,35845 Young Point Apt. 846,South Keithland,MO,98487
SHP_44600,Tiffany,Rodriguez,tiffany.rodriguez@gmail.com,549.892.1640x0698,53484 Nelson Canyon,North Jeffrey,NC,54269
SHP_76244,Hector,Lopez,hector.lopez@hotmail.com,001-770-762-5873x6080,262 Sharon Shores,South Victoriastad,PR,03133
SHP_74032,Natasha,Decker,natasha.decker@yahoo.com,403.491.1718,248 Brandt Plains Apt. 465,Lammouth,DE,32994
SHP_42914,Cindy,Turner,cindy.turner@hotmail.com,950-750-6815x11462,621 Donovan Squares Suite 272,Jerryhaven,MP,16639
SHP_16658,Matthew,Rogers,matthew.rogers@gmail.com,771-491-6849,49459 Mark Forest Suite 549,West Cassiemouth,VT,16134
SHP_22097,Jamie,Davis,jamie.davis@yahoo.com,+1-614-687-8245x5696,98591 Pope Port,Keithtown,NM,90354
SHP_93136,Amanda,Griffin,amanda.griffin@hotmail.com,849.929.4499x313,726 Wagner Station Apt. 536,Merritthaven,IL,24975
SHP_65518,Teresa,Chandler,teresa.chandler@yahoo.com,657.746.5857x856,924 Shane Garden,Paulberg,PR,86027
SHP_46265,Chad,Carr,chad.carr@gmail.com,958-724-2122,9913 Meredith Fork,Austinburgh,PA,93740
SHP_15778,Ryan,Benson,ryan.benson@yahoo.com,001-509-319-1935x26425,9708 Fisher Walks Suite 591,Lake Nicholaschester,VA,28361
SHP_10464,Melissa,Gibbs,melissa.gibbs@gmail.com,001-872-599-8955x34575,227 Melton Rapid Apt. 484,East Nicole,ID,53256
SHP_53719,Joshua,Kennedy,joshua.kennedy@hotmail.com,+1-871-927-7672x710,76836 Paul Parkways Suite 622,South Danielleshire,IL,94877
SHP_27146,Allison,Hill,allison.hill@hotmail.com,698-266-1329,57247 Allison Rapid Suite 726,Austinmouth,DC,72951
SHP_93507,Jessica,Davis,jessica.davis@yahoo.com,681-918-9172x845,400 Robert Plaza Suite 580,Douglastown,MP,07815
SHP_44335,Nicholas,Chavez,nicholas.chavez@gmail.com,(562)861-1424,585 Nunez Courts,New Jessicaville,WA,82129
SHP_31178,William,Peterson,william.peterson@yahoo.com,(812)670-8788,8622 Jones Rue Apt. 887,Lydiafurt,NJ,40578
SHP_67912,Mark,Knight,mark.knight@hotmail.com,430-995-5877x99364,9572 Abigail Road,South Susanland,DC,76915
SHP_82309,Catherine,Diaz,catherine.diaz@gmail.com,(709)296-6272,12008 Williams Lakes Apt. 227,Lake Larry,MD,78190
SHP_66057,Daniel,Johnson,daniel.johnson@gmail.com,9912371283,27363 Reid Forges,Graceshire,LA,33289
SHP_83519,Pedro,Haley,pedro.haley@yahoo.com,+1-622-990-1138x6047,903 Jared Crossing,Melodyhaven,OR,42791
SHP_11267,Jonathon,Castro,jonathon.castro@gmail.com,496.263.3266,56229 Cook Junction Apt. 972,South Denisestad,OK,98611
SHP_24663,Brandon,Cox,brandon.cox@hotmail.com,001-923-303-7432x7531,153 Garcia Viaduct Suite 427,Lake Nicholasmouth,CT,96972
SHP_19862,Amanda,Fisher,amanda.fisher@yahoo.com,772-788-5518,453 Reed Fords,Garyport,MT,16800
SHP_29536,Laurie,Davis,laurie.davis@yahoo.com,801.992.2095,32973 Jason Wall,Robertston,HI,73989
SHP_81511,Richard,Daniels,richard.daniels@gmail.com,5892348688,46728 Guzman Cliff Suite 091,West Charlesville,OR,99681
SHP_14722,Eric,Montgomery,eric.montgomery@hotmail.com,6365957562,168 Wu Turnpike,Brayhaven,ND,41844
SHP_58393,Jessica,Dennis,jessica.dennis@yahoo.com,683-448-9816,2617 Gonzalez Lock,North Donaldshire,AL,14733
SHP_86350,Steven,Farrell,steven.farrell@gmail.com,+1-593-372-8765x0388,2328 Lisa Roads Suite 935,West Jorge,KY,02989
SHP_82420,Nicholas,Crawford,nicholas.crawford@gmail.com,(446)735-1452x2823,8529 Farmer Port,Lake Jonathan,PR,53759
SHP_29410,Joshua,Sanders,joshua.sanders@hotmail.com,001-914-565-2121x81685,2786 Elizabeth Lights,East Tammy,PR,42212
SHP_66333,Crystal,Bennett,crystal.bennett@yahoo.com,872.572.2926x498,850 Bernard Drives,New Brandonland,PA,14905
SHP_26704,Katie,Small,katie.small@yahoo.com,+1-260-210-1632,2199 Rebekah Loaf,South Jamesville,HI,48717
SHP_15482,Carla,Thomas,carla.thomas@yahoo.com,985.419.6106x4628,64870 Davenport Hollow,Hansenmouth,IN,04018
SHP_50404,Jonathan,Nelson,jonathan.nelson@gmail.com,001-290-867-7421x083,443 Garcia Springs,Garymouth,FM,95782
SHP_57795,Robert,Castaneda,robert.castaneda@gmail.com,(541)779-7497,08021 Adams Stravenue,Acostabury,CO,20251
SHP_15229,Ashley,Richards,ashley.richards@yahoo.com,350-275-8837x63085,804 David Junction Suite 945,Benjaminmouth,CA,19202
SHP_56898,Evan,Hansen,evan.hansen@yahoo.com,7558457465,787 Duncan Fields Suite 920,Bryanberg,KS,82191
SHP_37535,Wesley,Gonzalez,wesley.gonzalez@hotmail.com,+1-839-563-0446x155,027 Williams Islands Apt. 815,New Kimberly,NH,56255
SHP_99399,Austin,Gordon,austin.gordon@hotmail.com,+1-587-961-2443x3031,74358 Michael Parks Suite 553,New Ashleyport,MD,99882
SHP_42706,Helen,Allison,helen.allison@yahoo.com,668.397.9903x238,00159 Carlson Fords Suite 419,East Samantha,FM,79094
SHP_97416,Christopher,Powell,christopher.powell@yahoo.com,893.207.4645x20599,387 Edwards Run Apt. 577,North Ronaldland,MS,17184
SHP_23473,Alexis,Arias,alexis.arias@gmail.com,626-920-6985x12468,0581 Lee Forges,East Stephanie,MT,89138
SHP_56357,Becky,Parks,becky.parks@yahoo.com,+1-919-944-5959x61409,84126 Carson Islands Apt. 529,Port Grant,NH,53675
SHP_83385,Denise,Schultz,denise.schultz@yahoo.com,+1-809-710-4623x8850,431 Paul Stream,West Amandashire,ID,45843
SHP_63264,Chris,Espinoza,chris.espinoza@gmail.com,001-455-697-9422x3413,2898 Nicholas Crescent,Robertview,MI,91152
SHP_91351,Jennifer,Evans,jennifer.evans@gmail.com,+1-826-880-8146x35506,0791 Kayla Village Suite 057,North Kimberlybury,GU,22242
SHP_30257,Jason,Barr,jason.barr@hotmail.com,001-687-620-3238x32270,74026 Cooper Islands,West Michael,AR,22193
SHP_41029,Patricia,Moore,patricia.moore@hotmail.com,8917413583,909 Robert Islands Suite 194,Tracystad,CT,07660
SHP_31299,Christine,Aguilar,christine.aguilar@gmail.com,(243)384-7098x19205,39236 Louis Forges Apt. 865,Francisville,DE,91514
SHP_33206,Daniel,Curtis,daniel.curtis@hotmail.com,8974281090,27306 Johnny Harbor,South Kathy,OK,77054
SHP_64040,Austin,Garza,austin.garza@yahoo.com,(488)226-7280x0727,472 Stephen Knoll,Campbellmouth,NC,29766
SHP_13248,Christopher,Day,christopher.day@hotmail.com,+1-598-566-4693x6561,974 Foster Avenue Suite 702,Lake Heather,PR,62635
SHP_33509,Alex,Odom,alex.odom@yahoo.com,538.364.3149x0836,231 Jack Point Suite 392,Fernandezland,MD,21116
SHP_53540,Nathan,Garcia,nathan.garcia@gmail.com,+1-895-987-9013x350,2359 James Lake Suite 787,Jonesport,DC,61474
SHP_63964,Tina,Paul,tina.paul@yahoo.com,(933)547-5091,636 Bridges Roads Suite 858,North Amystad,NV,62780
SHP_97806,Karen,Medina,karen.medina@gmail.com,(366)798-8198x08845,74007 Hopkins Lake Apt. 413,Frazierborough,MP,34340
SHP_42527,John,Lopez,john.lopez@gmail.com,905.594.6696x1479,9481 Elizabeth Street,Stephanieshire,TN,47057
SHP_44970,Lori,Orozco,lori.orozco@yahoo.com,(389)914-9765x190,938 Steven Mission Suite 708,Timothymouth,OK,58885
SHP_30866,Timothy,Allison,timothy.allison@gmail.com,001-275-998-6068x930,722 Tyrone View,East Amandaport,NC,17489
SHP_24168,Scott,Anderson,scott.anderson@yahoo.com,207-802-9667,53244 Stephenson Bypass Apt. 476,Brownview,MS,18488
SHP_60140,Destiny,Shah,destiny.shah@hotmail.com,001-653-684-2561x16159,1845 Clark Track,Amandaberg,MO,69964
SHP_15075,Andrew,Jones,andrew.jones@hotmail.com,856-257-6108x28834,9554 Ritter Lights,Port James,FL,43214
SHP_71694,Kim,Moore,kim.moore@gmail.com,2246640634,025 Cory Bridge,West Sarah,GU,10948
SHP_39154,Elizabeth,Riggs,elizabeth.riggs@hotmail.com,001-649-864-0543x1506,917 Clark Skyway Suite 306,South Kevin,IA,19960
SHP_36158,Wesley,Waters,wesley.waters@hotmail.com,+1-817-542-0752x563,10621 Heather Road,New Cathychester,MO,21973
SHP_70332,Joel,Johnson,joel.johnson@yahoo.com,709-848-6817,4820 Brandon Extension,New Davidview,MD,58377
SHP_55830,George,Booker,george.booker@yahoo.com,+1-638-214-4744x30963,705 Christina Isle Suite 510,Pamelaburgh,MO,46970
SHP_50001,Autumn,Ramos,autumn.ramos@yahoo.com,597-491-0251x056,2932 Silva Lakes Suite 131,Lake Reneeside,LA,48873
SHP_39831,Cynthia,Marshall,cynthia.marshall@hotmail.com,861-920-0471x1382,869 Nicole Shoal Apt. 796,Antoniostad,IL,58616
SHP_39219,Jack,Fritz,jack.fritz@yahoo.com,5157081247,33423 Higgins Junction,East James,HI,34814
SHP_13101,Charles,Wilson,charles.wilson@gmail.com,(738)518-4467,0440 Melissa Extension,Brandonshire,SC,53679
SHP_96511,Aimee,Santos,aimee.santos@hotmail.com,+1-677-969-4531,9965 Troy Islands,South Jason,AS,34363
SHP_35313,Robert,Thornton,robert.thornton@hotmail.com,3728064613,530 Mendez Island Apt. 526,Pottsshire,NJ,93204
SHP_62227,Kristy,Pierce,kristy.pierce@hotmail.com,(979)742-2058x5927,09373 Veronica Port,Mcguireburgh,OK,12118
SHP_53025,Albert,Jones,albert.jones@yahoo.com,315.890.1125x023,40272 Mccormick Wall,Lake Dennis,HI,08375
SHP_46517,Kelly,Wu,kelly.wu@hotmail.com,+1-562-792-8708x185,397 Martinez Keys,South Toddside,FL,57971
SHP_19099,Emily,Espinoza,emily.espinoza@gmail.com,001-557-911-5272,2942 Juan Branch,Jaredmouth,SD,52525
SHP_46585,Jacob,Wheeler,jacob.wheeler@yahoo.com,+1-375-623-5796x593,707 Howard Mountain,Benjaminbury,MS,93616
SHP_56025,Sergio,Miller,sergio.miller@hotmail.com,572-725-6996x1125,449 Nelson Mills Suite 987,Jacksontown,DC,95891
SHP_94080,Joseph,White,joseph.white@gmail.com,001-639-508-7884,481 Jeffrey Place Apt. 402,Saraview,VI,07253
SHP_76768,John,Odonnell,john.odonnell@gmail.com,964-800-5242,12805 Russell Canyon,Michaelton,MH,47399
SHP_62386,John,Smith,john.smith@hotmail.com,001-842-729-6651x444,3062 Patrick Circles Suite 849,New Williammouth,FL,07101
SHP_99065,Jasmine,White,jasmine.white@yahoo.com,475.757.2705,188 Hernandez Lodge,Wardmouth,NM,53738
SHP_80282,Joyce,Whitehead,joyce.whitehead@gmail.com,250-228-3571,8722 Lopez Rapids,Roybury,FM,46442
SHP_53404,Robert,Jones,robert.jones@hotmail.com,2985098804,2724 Murphy Crossroad,South Michael,KS,18338
SHP_13617,Heather,Harris,heather.harris@gmail.com,(209)417-3108x0945,8297 Kim Corners Suite 537,Patriciaton,IN,01575
SHP_25118,Jeremy,Rodriguez,jeremy.rodriguez@yahoo.com,001-414-608-7834x377,11682 Christopher Overpass,New Danieltown,AZ,89769
SHP_44237,Jason,Wall,jason.wall@yahoo.com,(303)455-9967x313,12434 Gray Loaf,Port Cassandra,ID,91526
SHP_33405,Amy,Carter,amy.carter@gmail.com,001-430-783-0040x98956,4553 Christine Land Suite 998,New Valeriestad,IA,94315
SHP_86099,Kevin,Owens,kevin.owens@gmail.com,001-516-555-4734x55285,341 Alvarez Alley Suite 634,Amandaland,PR,57737
SHP_44795,Travis,Boyle,travis.boyle@gmail.com,001-843-411-4211x95637,0861 Brown Brook Apt. 937,New Thomashaven,AR,86388
SHP_15014,Ashley,Chen,ashley.chen@hotmail.com,598.450.2110x9099,6340 Mary Centers,Johnsonport,AS,27499
SHP_24208,Nicole,Cox,nicole.cox@hotmail.com,897.572.9898x725,6863 Schultz Lake Suite 372,Aliciashire,IA,87929
SHP_88193,Drew,Scott,drew.scott@gmail.com,788-832-4526,408 Patterson Haven,Evansport,NE,45449
SHP_66959,Jessica,Davis,jessica.davis@yahoo.com,001-374-333-3434,514 Rodgers Glen,Port Douglasshire,KS,84848
SHP_55309,Patricia,Dunn,patricia.dunn@gmail.com,5512292724,7798 Elizabeth Motorway Suite 810,Smithberg,KS,07553
SHP_51114,Brittney,Brown,brittney.brown@yahoo.com,399-305-8098x7079,883 Howard Green Suite 467,Rogersberg,CO,02465
SHP_67199,Monica,Morris,monica.morris@hotmail.com,8586292417,44559 Alexander Island Suite 315,South Douglaschester,PW,50362
SHP_89457,Christy,Colon,christy.colon@yahoo.com,001-259-512-6092,46565 Baldwin Well,Port Robertstad,NM,67647
SHP_77033,Thomas,Curry,thomas.curry@gmail.com,(931)300-3309x232,4529 Kimberly Estates,Danieltown,ME,75971
SHP_25157,Justin,Brown,justin.brown@hotmail.com,001-774-337-5177x7842,816 Curtis Plains,Hansenland,CA,75374
SHP_60488,Thomas,Jackson,thomas.jackson@yahoo.com,687-713-0002x5546,47985 Brenda Roads,Keithtown,LA,16002
SHP_85574,Christopher,Jenkins,christopher.jenkins@yahoo.com,001-751-231-2773x15281,61291 Neal Springs Suite 394,Christopherburgh,AS,72049
SHP_34914,Susan,Wade,susan.wade@gmail.com,288-548-6638x8815,585 Young Pines Suite 543,North Michaelchester,NE,54342
SHP_43386,Nathaniel,Brown,nathaniel.brown@gmail.com,571.914.6726x579,187 Pearson Keys,Gabriellehaven,KY,93294
SHP_15817,Linda,Lee,linda.lee@gmail.com,823.473.9434x2120,2801 David Common Apt. 905,Jacquelineport,TN,77645
SHP_67154,Christopher,Meyer,christopher.meyer@hotmail.com,(824)773-1261,1058 Christopher Ports,Theresaburgh,PR,61295
SHP_10221,Jennifer,Wells,jennifer.wells@gmail.com,+1-680-328-2131x1482,304 Parker Port Suite 894,Port Mark,MT,29476
SHP_78146,Courtney,Jones,courtney.jones@yahoo.com,+1-680-200-0013x3021,11392 Michael Roads Apt. 927,Crosbyview,LA,33243
SHP_80575,Edward,Martin,edward.martin@gmail.com,747-966-7096,358 Henry Expressway Suite 309,Robertsville,NH,15612
SHP_97900,Amber,Macias,amber.macias@gmail.com,+1-567-876-3966x3527,75504 Debra Harbor,Lake Jameshaven,IN,66103
SHP_35825,Nicole,Green,nicole.green@hotmail.com,+1-307-896-1840x421,40166 Jason Court,New Jason,WI,62711
SHP_57739,Jeffrey,Taylor,jeffrey.taylor@hotmail.com,484-902-3403x3324,6125 Montgomery Throughway Suite 335,South Nicoleside,MO,49042
SHP_66531,Walter,Cobb,walter.cobb@hotmail.com,430.653.7406,1033 Joshua Point,Jimenezfurt,MI,14745
SHP_19171,Ashley,Anderson,ashley.anderson@gmail.com,370.409.5113,76158 Maxwell Key,North Reneeside,WV,62622
SHP_97062,Colton,Taylor,colton.taylor@hotmail.com,(318)472-0010x2927,909 Baker Summit,Cooperfort,MN,04254
SHP_53279,Colin,Shah,colin.shah@yahoo.com,788.979.7888x4587,14917 Butler Rue Apt. 692,Lake Jennifer,AS,46946
SHP_91678,Alicia,Hudson,alicia.hudson@yahoo.com,(391)474-9706x52796,220 Jennifer Dam Apt. 016,West Walterland,FM,16822
SHP_51145,James,Aguilar,james.aguilar@hotmail.com,+1-474-595-5910,5885 Bruce Drive,West Ricardo,IL,85388
SHP_96951,Gregory,Wagner,gregory.wagner@hotmail.com,649.405.3890x5950,8362 Cisneros Overpass,North Anthony,NY,64786
SHP_26334,Maurice,Vargas,maurice.vargas@gmail.com,406.751.1768,2880 Kyle Mall,Port Michaelchester,OK,03654
SHP_49363,Sara,Fuentes,sara.fuentes@gmail.com,464.806.2470,103 Kim Green Suite 968,Reedchester,NH,08491
SHP_76469,James,Salazar,james.salazar@hotmail.com,690-822-3334,60300 Mcknight Passage,Greenshire,WI,22678
SHP_50538,Amanda,Roberts,amanda.roberts@gmail.com,943.204.9820,26755 Griffin Flats,Ballardland,NE,28133
SHP_97410,Michele,Douglas,michele.douglas@yahoo.com,911-371-1812,455 Colon Harbors Apt. 244,East Evan,VI,93682
SHP_63528,Tracey,Melton,tracey.melton@yahoo.com,475-437-6445x12562,346 Rhodes Union,New Ariel,VA,51179
SHP_52753,Ronald,Gonzalez,ronald.gonzalez@yahoo.com,001-782-756-4858x64766,0518 Hensley Village Apt. 679,Mcleanmouth,CA,13534
SHP_62743,Valerie,King,valerie.king@yahoo.com,001-645-353-7313x322,876 Gross Gardens,Larryview,NY,70962
SHP_48752,Karla,Moore,karla.moore@gmail.com,371-886-1096x34285,69989 Allen Walks,Bryantshire,MO,91638
SHP_82667,Rachel,Flynn,rachel.flynn@gmail.com,731-348-1864x5162,1227 Parker Hollow,Aaronburgh,GA,15762
SHP_26683,Tina,Kelly,tina.kelly@yahoo.com,3992014806,595 Susan Row Suite 326,East Thomas,AK,44453
SHP_35144,Samantha,Barrett,samantha.barrett@hotmail.com,215.903.7017x09264,08808 Shawn Locks,New Gabriel,MT,72625
SHP_65108,Molly,Walters,molly.walters@hotmail.com,973.554.3962,2717 Stephen Via Apt. 397,Lake Julian,ME,21855
SHP_97153,Kimberly,Wilson,kimberly.wilson@yahoo.com,001-453-991-1776x66505,20928 Lori Rue Suite 780,Bateston,FL,17808
SHP_59695,Autumn,Bennett,autumn.bennett@gmail.com,910-931-6708x61890,98588 Rios Club Suite 455,West Claudiamouth,MD,98962
SHP_98777,Jason,Thomas,jason.thomas@gmail.com,401-838-8086,92319 Danielle Fall Suite 675,Mauriceside,ID,62402
SHP_32810,Samuel,Horton,samuel.horton@yahoo.com,440-410-5123,673 Soto Ferry Suite 609,South Brittany,MS,01084
SHP_90676,Michele,Stevens,michele.stevens@gmail.com,363-316-0378,7039 Heath Ford,South Raymondmouth,AK,02292
SHP_84593,Jodi,Clark,jodi.clark@gmail.com,787.274.6438,7044 Norman Glen,New John,SC,67593
SHP_49446,Joseph,Daniels,joseph.daniels@yahoo.com,+1-207-983-6134,1713 Lisa Radial Suite 962,Port Jamie,IL,08281
SHP_63225,Kendra,Vasquez,kendra.vasquez@gmail.com,001-828-284-4142x533,690 Castillo Views,Schmidtfort,ID,49461
SHP_81819,Jamie,Harris,jamie.harris@gmail.com,+1-752-711-1790x807,472 Sanders Terrace Apt. 086,Ayerston,NY,46020
SHP_10053,Erika,Thomas,erika.thomas@gmail.com,001-669-265-6455x3928,7696 Figueroa Square,Sarahport,AL,55265
SHP_49829,David,Savage,david.savage@hotmail.com,774.799.4927,2722 Castro River,North Greggland,OH,17064
SHP_47606,Michael,Cunningham,michael.cunningham@hotmail.com,670.674.5991x530,02026 Ann Point Apt. 345,East Brookehaven,MO,59822
SHP_37549,Michele,Garcia,michele.garcia@hotmail.com,401.679.9932x420,4441 Jackson Grove,Rossmouth,WY,26239
SHP_66346,Brenda,Smith,brenda.smith@hotmail.com,8708115777,0614 Johns Field,South Brandimouth,ID,67729
SHP_86019,Megan,Burns,megan.burns@hotmail.com,(273)203-8200,011 Angie Causeway,Port Angie,GA,15227
SHP_89516,Julie,Mullen,julie.mullen@gmail.com,300.452.4596x090,72098 Meadows Estate Suite 094,North Michael,DE,12626
SHP_95813,Rebecca,Williams,rebecca.williams@yahoo.com,857-786-8592x22200,741 Nelson Route Apt. 180,West Sierra,AL,94532
SHP_52237,Victor,Leach,victor.leach@gmail.com,+1-578-572-8217x477,6117 Wilson Squares Suite 667,West Valeriefort,CT,68505
SHP_70946,Kimberly,Watson,kimberly.watson@yahoo.com,315.782.6868x76401,806 Zhang Terrace Apt. 006,New Sarah,PW,65752
SHP_67905,Shari,Jones,shari.jones@yahoo.com,903-489-7528,986 Wall Lights,Ernestberg,LA,01989
SHP_67954,Cassandra,Davis,cassandra.davis@hotmail.com,6492880694,72136 Farmer Stravenue Apt. 592,East Joseph,NE,32691
SHP_98555,Brandon,Ryan,brandon.ryan@yahoo.com,5703435175,61084 Sanders Rue Apt. 479,Garciaburgh,MT,44507
SHP_38010,Kimberly,Reid,kimberly.reid@yahoo.com,(646)286-6764x69142,01374 Seth Groves,Dennistown,WV,62721
SHP_77000,Amanda,Holt,amanda.holt@gmail.com,729-680-0934x13734,7115 Holmes Ferry,North Angela,GU,74660
SHP_72021,Megan,Powell,megan.powell@gmail.com,(474)999-4657x96784,47732 Cory Center,South Erikaburgh,MS,79745
SHP_32241,Desiree,Baker,desiree.baker@hotmail.com,+1-631-314-1009x57829,5304 Shawn Dam Apt. 550,New Dana,UT,66427
SHP_96356,Maria,Werner,maria.werner@yahoo.com,001-635-870-7650,78562 Shannon Prairie,South Anthony,DC,83283
SHP_21114,Dana,Lopez,dana.lopez@gmail.com,820.548.8868x0418,26456 Mendez Mountain,Danielland,MO,05351
SHP_47196,Joe,Hines,joe.hines@yahoo.com,+1-272-353-7172,33003 Matthew Light Suite 474,East Sandrabury,CA,13660
SHP_77561,Mitchell,Smith,mitchell.smith@yahoo.com,401-560-5570x47871,287 Michael Locks Suite 642,Baileyshire,SD,77987
SHP_97012,Kimberly,Stewart,kimberly.stewart@hotmail.com,+1-257-888-7282,28012 Cherry Plaza,West Jonathanchester,MN,66465
SHP_92960,Stephanie,Cook,stephanie.cook@hotmail.com,8194473779,389 Ware Knoll Suite 997,Hudsonfort,OH,82688
SHP_91167,Maria,Clements,maria.clements@gmail.com,984-495-1105x596,418 Price Tunnel Suite 321,Jacksonshire,DC,55619
SHP_53933,Laura,White,laura.white@yahoo.com,+1-921-981-5447x8893,0507 Christy Rue,Lake Richardberg,MS,88152
SHP_22240,Felicia,Caldwell,felicia.caldwell@yahoo.com,(227)270-1559,76130 Melissa Mill Suite 208,New Paulshire,GA,90581
SHP_40784,Adam,Odonnell,adam.odonnell@yahoo.com,+1-363-696-0979x52552,785 Sheila Island,North Jessicaville,AZ,78618
SHP_98184,Nicolas,Kim,nicolas.kim@yahoo.com,615-757-0991x907,4388 Katherine Square,West Jasminetown,OR,43782
SHP_50687,Matthew,Bell,matthew.bell@gmail.com,902.515.8390x45992,60244 Hill Viaduct,North Rickyfort,OR,92210
SHP_39444,Christopher,Hughes,christopher.hughes@yahoo.com,(417)362-7478,5202 Andrew Brooks Apt. 811,Ruizberg,NV,17710
SHP_36100,Ryan,Walker,ryan.walker@yahoo.com,001-636-438-1392x2230,37998 Rebecca Hollow,Hartborough,NM,95271
SHP_29313,Allen,Yang,allen.yang@yahoo.com,(926)901-6459,2321 Savage Coves Suite 800,Wilsonburgh,SD,63038
SHP_13201,Amy,Mayo,amy.mayo@hotmail.com,(745)538-8112x62887,29977 Mcconnell Squares Suite 919,Lake Robert,AR,23967
SHP_16057,Gabriel,Ray,gabriel.ray@gmail.com,(459)579-9903,676 Johnson Roads Suite 289,Paulaland,MH,26979
SHP_42092,Robert,Eaton,robert.eaton@yahoo.com,970-246-5689x698,8830 Joshua Forges,Vegabury,MO,96044
SHP_72277,Johnathan,Reeves,johnathan.reeves@yahoo.com,001-652-784-0035x324,8833 Davis Locks Apt. 773,Longmouth,ID,61338
SHP_90120,Lori,Jennings,lori.jennings@yahoo.com,(324)631-4356x0341,59541 Kristin Burg Suite 930,Ericamouth,IL,36722
SHP_19545,Justin,Warner,justin.warner@hotmail.com,560.276.5817,75791 Cook Valleys Apt. 182,Port Sheri,OR,33264
SHP_69692,Diane,Williams,diane.williams@hotmail.com,3393161028,70404 Stephens Shoals,Hallport,NY,06961
SHP_64321,Nathan,Hughes,nathan.hughes@yahoo.com,822-965-0630x441,494 Robinson Lake,Lake Mark,SD,95711
SHP_92544,Betty,Garza,betty.garza@yahoo.com,(569)641-1172,0380 David Vista Apt. 718,Daviston,IN,55024
SHP_85454,Heather,Harris,heather.harris@gmail.com,(614)349-1792x1651,46872 Wilson Park,South Alexis,DE,49638
SHP_35485,Dwayne,Fleming,dwayne.fleming@hotmail.com,+1-326-747-6965x030,7309 Peterson Ridge,Coleville,KS,28430
SHP_60328,Lisa,Kemp,lisa.kemp@hotmail.com,732-718-3024x2646,020 Jones Trail,West Jenniferside,NY,04797
SHP_74799,Robert,Rodriguez,robert.rodriguez@gmail.com,486-391-2906x582,59161 Richard Trail,Tracymouth,WV,76977
SHP_62383,John,Walsh,john.walsh@gmail.com,9836616228,11098 Brian Hill Apt. 611,East Roy,HI,73513
SHP_41979,Grace,Page,grace.page@yahoo.com,001-757-919-8872x3075,165 Garcia Union Apt. 009,East Frank,MT,38813
SHP_29342,Jennifer,Garcia,jennifer.garcia@gmail.com,894-670-7200,569 Zachary Trail,Mendozafurt,PR,95890
SHP_95990,Samantha,Barnes,samantha.barnes@yahoo.com,+1-934-581-4098x41016,48116 Theresa Prairie,Port Angelport,SD,21675
SHP_10726,Cynthia,Smith,cynthia.smith@yahoo.com,5306798436,56588 Guzman Valleys Apt. 404,Jacobsbury,ND,93610
SHP_23970,Mark,Hoover,mark.hoover@gmail.com,483.433.1493x25485,6653 Porter Mission,North Ashleytown,FL,70877
SHP_65724,Justin,Young,justin.young@gmail.com,2558942141,943 Derek Forges Apt. 006,Ericborough,FL,09036
SHP_38683,Mary,Charles,mary.charles@hotmail.com,860.654.5769x4757,53659 Ritter Groves Suite 698,Riversland,NE,27845
SHP_33053,Dustin,Guzman,dustin.guzman@yahoo.com,648.434.3297x86715,995 Miller Prairie Suite 770,South Traciland,WA,84938
SHP_77889,Kara,Nichols,kara.nichols@gmail.com,001-735-310-7651x91708,328 Miller Knoll Suite 340,New Laurahaven,AL,45630
SHP_70889,Louis,Mcdaniel,louis.mcdaniel@gmail.com,+1-612-622-6492x3272,38934 Coleman Harbors Suite 232,Jamesfort,NJ,85122
SHP_16582,Holly,Russell,holly.russell@hotmail.com,001-798-953-2436x79241,76383 Nelson Shoals,Robertmouth,NY,98684
SHP_83060,Chelsea,Morales,chelsea.morales@yahoo.com,001-872-762-4719x391,7308 Miles Spring,Nataliebury,MO,38095
SHP_42662,Robert,Schmidt,robert.schmidt@yahoo.com,7026880334,4256 Bryan Meadows,North Jakehaven,GU,31111
SHP_25906,Peter,Perez,peter.perez@gmail.com,796-323-4436x928,2837 Wallace Roads Suite 173,Lake John,WA,07814
SHP_69829,Joshua,King,joshua.king@gmail.com,+1-458-566-8492x72545,0230 Derek Summit,Jamesmouth,CT,98413
SHP_27477,Mary,Branch,mary.branch@gmail.com,(730)690-2739x9558,10161 Hendrix Rue,Danielview,PW,32879
SHP_70901,Donna,Smith,donna.smith@hotmail.com,401.646.1870x2739,8314 Ramirez Isle Apt. 882,East Kim,SC,26501
SHP_97500,Jenna,Li,jenna.li@hotmail.com,+1-672-338-5613x2501,981 Higgins Estates,New Thomashaven,RI,33128
SHP_79616,Jessica,Tanner,jessica.tanner@hotmail.com,+1-556-683-5051,27554 Rhodes Crossing Suite 295,East Crystalchester,OK,32566
SHP_83259,Jordan,Flores,jordan.flores@hotmail.com,267-270-3784x6797,76440 Peck Fort,Marktown,CO,65715
SHP_88047,Jeff,Wallace,jeff.wallace@gmail.com,632-965-7207x980,8937 Simpson Isle,Lake Tara,ID,81807
SHP_51588,Elizabeth,Hart,elizabeth.hart@hotmail.com,569-334-4078x85861,319 Ronald Fords,East Matthewshire,MH,34533
SHP_68008,James,Walker,james.walker@hotmail.com,+1-353-641-0345x550,07300 Dennis Unions Apt. 077,South Donna,AS,57330
SHP_90301,Scott,Nelson,scott.nelson@hotmail.com,256-514-9784,003 Dougherty Trafficway Apt. 445,North Tylerchester,HI,17433
SHP_76162,Morgan,Mcintyre,morgan.mcintyre@gmail.com,(456)677-5216x359,5076 Parker Pines Apt. 559,New Amanda,NH,64874
SHP_65933,Daisy,Smith,daisy.smith@gmail.com,+1-627-884-6997x33549,90986 Melissa Circle Suite 800,Danielport,VI,04588
SHP_81810,David,Myers,david.myers@gmail.com,(253)618-3789,70613 Virginia Estates Apt. 400,Jonesport,NY,53534
SHP_68446,Michael,Butler,michael.butler@hotmail.com,504-829-1037x497,6712 Jacqueline Hills Suite 641,Michaelberg,DE,89426
SHP_30861,Jean,Miles,jean.miles@gmail.com,658.384.2524x1056,917 Dixon Centers Suite 925,West Kerri,MH,75724
SHP_72216,William,Combs,william.combs@yahoo.com,494.790.5158x488,02725 Dawn Harbor,South Wyattmouth,AZ,53360
SHP_68991,Robert,Cooper,robert.cooper@hotmail.com,979-788-7749x24243,25472 Jennifer Heights Apt. 222,North Blake,MD,75805
SHP_43972,Amy,Harper,amy.harper@gmail.com,422.678.3929x0253,880 Mejia Lodge Suite 577,Edwardsborough,OK,46704
SHP_42406,Kayla,Smith,kayla.smith@gmail.com,690-807-3885,347 Sanchez Locks Apt. 908,Danielville,OK,70117
SHP_93579,Stacey,Jenkins,stacey.jenkins@gmail.com,(915)417-5196,58653 Stacy Springs Apt. 422,South Margaretport,IL,10812
SHP_46347,Cory,Stevens,cory.stevens@yahoo.com,403-930-8392x135,6631 Theresa Lights,New Shelleyshire,NM,83011
SHP_78327,Justin,Campbell,justin.campbell@yahoo.com,001-247-955-3241x369,49914 Alexander Mountains,South Lorettamouth,NY,74552
SHP_73517,Keith,Richmond,keith.richmond@yahoo.com,(477)369-8292x40654,28533 Amanda Burg,Port Kimberly,TX,78891
SHP_92149,Shawn,Anderson,shawn.anderson@yahoo.com,+1-484-485-8333x945,158 Aguilar Shores Suite 846,New Danielfurt,FL,07456
SHP_41358,Emily,Carr,emily.carr@yahoo.com,(465)975-5293,3302 Ashley Viaduct Apt. 848,Karenland,CO,53293
SHP_45992,Thomas,Good,thomas.good@hotmail.com,393-851-7087,81703 Foster Forge Suite 242,South Bettyview,MA,32000
SHP_67654,David,Jimenez,david.jimenez@hotmail.com,6165608801,5037 Castro River Suite 571,Port Donnatown,MA,47049
SHP_20155,Meagan,Sparks,meagan.sparks@yahoo.com,(884)410-7528x911,17132 Janice Flats Apt. 688,Davidville,MO,26920
SHP_47450,David,Hall,david.hall@yahoo.com,(492)599-3386x34587,62858 Shannon Underpass Apt. 145,Wardmouth,IN,70195
SHP_40735,Michael,Little,michael.little@gmail.com,+1-289-361-3729x97704,8365 Jason Valleys,Ryanmouth,TN,95016
SHP_45614,Melissa,Wilson,melissa.wilson@gmail.com,+1-482-819-3868x27847,393 Melissa Hills Suite 969,Lake Kathleen,MH,53230
SHP_54020,Amy,Knight,amy.knight@yahoo.com,285.295.2405,1066 Smith Point Apt. 959,Lake Jose,OR,84347
SHP_51904,Meredith,Fitzgerald,meredith.fitzgerald@gmail.com,+1-251-901-3215x57327,1458 Gregory Forest,Williamsshire,AK,79170
SHP_80798,Veronica,Love,veronica.love@yahoo.com,(309)584-4404,6091 Kimberly Pines,West Jessica,MA,12178
SHP_20561,Joseph,Meyer,joseph.meyer@hotmail.com,(478)573-5865,06277 Garrison Villages Apt. 838,East Brittneymouth,MS,18740
SHP_28136,Sophia,Weaver,sophia.weaver@gmail.com,001-307-966-5894x562,819 Morrison Oval Apt. 566,Villashire,NM,94294
SHP_29769,Donald,Berry,donald.berry@hotmail.com,(567)275-3939,44647 Crystal Roads,Marissaberg,KY,88812
SHP_40311,Scott,Miller,scott.miller@yahoo.com,8844765205,471 Jacob Route,Port Courtneyport,SC,31862
SHP_60205,John,Terry,john.terry@yahoo.com,+1-810-716-6687x00217,033 Nelson Club,Rachelshire,TN,04813
SHP_30028,William,Jones,william.jones@hotmail.com,471-946-3970x90355,650 Steven Drive,Allenhaven,VT,27298
SHP_38043,Barbara,Welch,barbara.welch@hotmail.com,+1-699-855-7965x149,04674 Mcdonald Club,Lake Brandiborough,NY,27059
SHP_18418,Joseph,Jackson,joseph.jackson@yahoo.com,540-677-0053x55882,180 Annette Summit,New Victoria,AR,18363
SHP_64377,Nathaniel,Hughes,nathaniel.hughes@yahoo.com,7322370140,151 Chandler Roads Apt. 230,Tonyfort,FL,44644
SHP_63424,Julie,Thomas,julie.thomas@gmail.com,001-409-808-8375x970,3717 Edwards Cove,New Ronald,TN,65187
SHP_53369,Jessica,Williams,jessica.williams@yahoo.com,001-883-240-0771,083 Melissa Mill,West Marisa,VA,74540
SHP_81121,Amanda,Taylor,amanda.taylor@yahoo.com,+1-431-944-9734x1613,87310 Michaela Loop Apt. 869,Kennedyberg,WA,01356
SHP_71069,Courtney,Kirby,courtney.kirby@hotmail.com,+1-562-791-4504x617,3842 Neil Camp Apt. 178,Port Timothyhaven,FL,25432
SHP_64496,Daniel,Woods,daniel.woods@gmail.com,370.215.7728x272,208 Jones Rest Suite 171,Robbinsville,TX,66123
SHP_18161,Eddie,Griffith,eddie.griffith@hotmail.com,874-342-8827,75090 Alexander Locks,North Masonton,SC,24820
SHP_37110,Kyle,Cox,kyle.cox@yahoo.com,2136422355,057 Susan Views Suite 208,East Aaronville,MH,07217
SHP_65069,Christopher,Holden,christopher.holden@yahoo.com,657.466.2710x610,07353 Rice Walks,West Cindymouth,ND,03274
SHP_61049,William,Walker,william.walker@gmail.com,246.222.6424,4259 Juan Greens,Allenborough,WI,29647
SHP_86556,Jennifer,Carroll,jennifer.carroll@yahoo.com,(697)501-3712,8585 Parker Curve Apt. 041,North Donald,NJ,07554
SHP_12560,Daniel,Porter,daniel.porter@hotmail.com,780-455-2696,09104 Bill Circle Suite 848,Hendersonfurt,CO,84457
SHP_85456,Elizabeth,Anthony,elizabeth.anthony@yahoo.com,991.806.2046,38169 Robin Throughway,Amyfort,AZ,61802
SHP_59857,Pedro,Carpenter,pedro.carpenter@gmail.com,+1-597-705-2774x0258,122 Rios Port Suite 724,Sandraland,PW,85060
SHP_72518,Ashley,Burch,ashley.burch@gmail.com,+1-978-513-7160,1149 Kent Vista,Huntchester,TN,09281
SHP_10772,Laura,Beard,laura.beard@yahoo.com,(601)213-7984,23166 Benjamin Meadows Suite 620,Lake Bryanview,VT,37406
SHP_56105,Kelly,Nolan,kelly.nolan@gmail.com,+1-582-732-3453,8228 Cabrera Trail Suite 549,Lake Adam,WY,29478
SHP_49139,Brandon,Sherman,brandon.sherman@gmail.com,235.379.3775,299 Christine Burg,East Jasontown,WA,37962
SHP_61116,Kyle,Mclaughlin,kyle.mclaughlin@gmail.com,(637)643-2692,016 Velez Ridge,North Deannaburgh,OK,39891
SHP_64921,Elizabeth,Sanders,elizabeth.sanders@yahoo.com,+1-209-664-9668x3496,421 Smith Points Suite 162,West Bethany,IA,83117
SHP_80545,Katie,Weiss,katie.weiss@gmail.com,956.230.9755,80617 Jamie Ports Apt. 198,East Stephanie,HI,40257
SHP_81582,Ernest,Williams,ernest.williams@yahoo.com,715.704.1626x9222,831 Smith Canyon,Malonefort,VT,91212
SHP_89069,Nathaniel,Williams,nathaniel.williams@yahoo.com,+1-995-917-0420x4730,63228 Phillips Fort Apt. 358,Port Gregoryland,AR,28786
SHP_38906,Kevin,Fitzgerald,kevin.fitzgerald@yahoo.com,958.347.4570x5458,802 Chase Shoals Apt. 570,New Joyce,NE,47610
SHP_73993,Jeremy,Mccarthy,jeremy.mccarthy@yahoo.com,876.931.8559,1694 Kelley Vista,West Karatown,AL,08248
SHP_38760,Joshua,Jones,joshua.jones@yahoo.com,372.804.5337x6979,6243 Barrett Causeway,Walkerton,NH,77768
SHP_45774,Melissa,Garcia,melissa.garcia@gmail.com,(234)252-9497x593,638 George Dale,Pacechester,CA,01952
SHP_67125,Margaret,Wilcox,margaret.wilcox@gmail.com,+1-826-856-4433x072,079 Morales Landing,North Shelly,DC,14720
SHP_73654,Rebecca,Carson,rebecca.carson@gmail.com,854-841-3069,2465 Kimberly Rue Apt. 022,Lake Michellemouth,WY,42677
SHP_13804,Amy,Garrett,amy.garrett@gmail.com,(929)287-6632,33810 Williams Summit Apt. 700,Edwardland,NC,35532
SHP_60968,Marvin,Williams,marvin.williams@hotmail.com,001-383-909-4134x9096,724 Branch Point Suite 135,Lynchhaven,AL,39668
SHP_54057,Ashley,Moran,ashley.moran@hotmail.com,(279)939-9278x3607,79833 Nichole Coves,South Natasha,KY,01216
SHP_97670,Eduardo,Henry,eduardo.henry@hotmail.com,5167206370,591 Martinez Mill Suite 166,New Richard,AS,46011
SHP_99016,Cynthia,Jordan,cynthia.jordan@yahoo.com,947.549.4156,2773 Gregory Forks Apt. 037,Lake Loretta,WA,36028
SHP_62994,Kevin,Moore,kevin.moore@gmail.com,(348)524-8863,71450 Sherry Villages Apt. 802,Sheltonshire,AS,16463
SHP_31632,Kelly,Peters,kelly.peters@gmail.com,371.730.5976x180,33412 Vanessa Square Apt. 503,South Mary,NM,63898
SHP_71261,Debbie,Hendricks,debbie.hendricks@gmail.com,948.947.1244,268 Jenkins Walks Suite 052,Joeltown,ME,39176
SHP_26728,Matthew,Webb,matthew.webb@hotmail.com,652-218-2307x6810,7018 Johnson Trace,Danielleborough,MD,26788
SHP_91560,Martin,Kim,martin.kim@gmail.com,+1-537-984-7719,45096 Montgomery Parkway Apt. 625,East Johnhaven,VI,75297
SHP_80008,Christina,Cohen,christina.cohen@gmail.com,766-729-7254x8354,63485 Guerrero Causeway Apt. 309,Davidfurt,TX,60397
SHP_13534,Danny,Romero,danny.romero@hotmail.com,001-254-770-7520x169,05815 Jensen Coves,Brownside,MH,27711
SHP_61645,Shawn,Wells,shawn.wells@gmail.com,+1-272-797-0345,024 Knox Skyway,Courtneyborough,RI,83234
SHP_87580,Andre,Davis,andre.davis@hotmail.com,+1-382-790-3749x40082,72525 Tina Rue,Snyderbury,OH,37427
SHP_83975,Jillian,Osborn,jillian.osborn@hotmail.com,769.858.4163,561 Miller Rest Apt. 102,Port Angelica,VI,73231
SHP_96900,Carolyn,Kelly,carolyn.kelly@yahoo.com,+1-608-548-3103x446,4982 Catherine Mountains,Shawberg,NH,67690
SHP_13552,April,Walker,april.walker@hotmail.com,868-967-4478,07181 Richard Glen,Maryside,FL,52128
SHP_21003,Kelly,Alexander,kelly.alexander@hotmail.com,712.655.2137x6037,45653 Karen Pines,Cobbberg,AS,56707
SHP_94246,Donna,Burke,donna.burke@hotmail.com,767.560.7410,815 Kelsey Viaduct Apt. 903,Teresachester,WA,03832
SHP_66179,Alyssa,Fry,alyssa.fry@gmail.com,001-438-391-7873x563,781 Thomas Row,Kimmouth,WA,88608
SHP_27786,Mary,King,mary.king@yahoo.com,410.360.6067x3778,81007 Linda Burg Suite 798,Lake Danielville,NH,08490
SHP_70515,Jessica,Miller,jessica.miller@gmail.com,(521)308-3083x20914,415 Veronica Springs,Lake Nicoleburgh,IN,07540
SHP_33819,Brandon,Alvarez,brandon.alvarez@yahoo.com,(705)644-4713x247,137 Robin Lodge Suite 850,North Larry,NY,53373
SHP_16590,Sheila,Huynh,sheila.huynh@hotmail.com,810-601-9950x09872,71675 Melanie Lake Apt. 541,Meganburgh,IA,76408
SHP_44099,Karen,Carson,karen.carson@hotmail.com,+1-293-690-8926x13715,5915 Anthony Mount,Gibsonview,PA,86747
SHP_59689,Jacob,Mcpherson,jacob.mcpherson@hotmail.com,+1-918-771-6946,929 Kyle Union Suite 680,Taylorfort,TN,75284
SHP_52906,Robert,Stafford,robert.stafford@hotmail.com,263.893.1248x70972,479 Maxwell Views,Lake Haroldfurt,LA,63546
SHP_37742,Jason,Thompson,jason.thompson@gmail.com,(264)507-6558,872 Rachel Bridge Apt. 234,West Jamieborough,MI,28627
SHP_69598,Tammy,Ramirez,tammy.ramirez@hotmail.com,768.750.1429x40196,816 Jonathan Station Suite 088,West Ryan,TN,43780
SHP_52840,Hannah,Young,hannah.young@gmail.com,(477)658-4308,1369 Garza Shoals,Michaelport,NE,38691
SHP_54236,Jason,Jackson,jason.jackson@hotmail.com,+1-907-956-8188x1955,7696 Julia Camp Apt. 692,North Cherylside,IA,95367
SHP_59692,Amanda,Martinez,amanda.martinez@gmail.com,876-943-9960,47507 Greg Mission Apt. 588,Rodriguezberg,SD,23289
SHP_46471,Antonio,Johnson,antonio.johnson@yahoo.com,895.452.9638x63960,265 Samuel Courts Apt. 819,Cameronview,MP,72971
SHP_65255,Rebecca,Martinez,rebecca.martinez@gmail.com,845-408-0959x48152,9664 White Walk Apt. 074,East Micheal,VT,77637
SHP_43065,Jimmy,Day,jimmy.day@yahoo.com,298-941-4202x48435,0933 Zachary Walk Suite 024,Adamborough,CO,03653
SHP_20735,Cathy,Smith,cathy.smith@gmail.com,731-427-1183,587 Susan Groves,Kimberlybury,AK,26032
SHP_71644,Seth,Palmer,seth.palmer@yahoo.com,(852)399-0436x7820,6987 Boyer Stream Apt. 670,Hernandezville,ID,85503
SHP_12540,Chelsea,Walker,chelsea.walker@hotmail.com,+1-359-630-8227,539 Sanchez Trail Suite 982,Port Grant,NV,22441
SHP_80702,Jessica,Ochoa,jessica.ochoa@gmail.com,367.723.0079,0601 Mitchell Springs Apt. 722,North Russellmouth,UT,66099
SHP_16826,Steven,Patterson,steven.patterson@hotmail.com,+1-315-507-8593x110,845 Olson River,Lopezberg,AS,06277
SHP_55870,Omar,Padilla,omar.padilla@hotmail.com,+1-751-860-6071,641 Smith Islands Apt. 975,South Meganbury,NE,77685
SHP_39389,Daniel,Stout,daniel.stout@gmail.com,(390)443-8911x48219,2441 Christensen Cliff,Deleonport,TN,10863
SHP_95215,Matthew,Smith,matthew.smith@hotmail.com,3443046913,0252 Chelsey Highway,Salinasport,HI,98012
SHP_18993,Jill,Rodriguez,jill.rodriguez@gmail.com,708-551-8466,35961 Brian Shoals,Cummingsborough,SD,36545
SHP_95426,Laura,Morgan,laura.morgan@hotmail.com,001-353-522-7086x5827,7695 Brittany River,New Lorichester,UT,39175
SHP_15276,Shawn,Blake,shawn.blake@yahoo.com,727-361-2863,140 Gomez Passage Suite 296,New Rachel,IA,42418
SHP_14067,Robert,Garcia,robert.garcia@gmail.com,845.795.8295,19295 Brandy Street Suite 414,Diazborough,WV,58040
SHP_42411,Christopher,Garcia,christopher.garcia@gmail.com,001-565-665-2341,438 Julie Hill,Port Rachaelbury,NM,51079
SHP_36130,Steven,Moore,steven.moore@hotmail.com,922.877.2178,9644 Cook Green Apt. 870,New Carlosborough,DE,95353
SHP_12671,Mark,Torres,mark.torres@hotmail.com,(568)623-9554,213 David Island Suite 769,Kimberlystad,VI,13956
SHP_91439,Michael,Chase,michael.chase@yahoo.com,9633399129,48171 Edwards Hill,North Joshua,MN,46817
SHP_29973,Kelly,White,kelly.white@gmail.com,258-428-6304,2991 Moore Oval Suite 292,North Kevin,MT,61319
SHP_41266,Mitchell,Bailey,mitchell.bailey@gmail.com,879-362-6257x897,829 Castro Way Apt. 928,North Williamville,NM,83392
SHP_26544,Amanda,Blackwell,amanda.blackwell@gmail.com,001-854-714-5564x7311,6370 Amy Rue,Jeffreyborough,AZ,16829
SHP_72070,Adrienne,Ellis,adrienne.ellis@gmail.com,7764617711,49985 Vang Pines,Shawnchester,CT,92484
SHP_97747,Lindsey,Jackson,lindsey.jackson@hotmail.com,444-360-6889x58993,330 Evans Court,Jacobsborough,ME,91087
SHP_24993,Brian,Gardner,brian.gardner@gmail.com,(401)238-8253,168 Jennifer Route,Walkertown,IA,70948
SHP_83920,Ann,Krueger,ann.krueger@gmail.com,+1-794-361-4554,755 Robertson Ports,North Tara,NV,02590
SHP_38569,Megan,Mclaughlin,megan.mclaughlin@hotmail.com,001-224-946-4035,555 Micheal Isle Apt. 082,South Samuel,MA,39825
SHP_70952,Tyler,Donovan,tyler.donovan@hotmail.com,+1-911-666-1898x311,43392 Johnson Lodge,East Robert,NM,71546
SHP_43586,Jenna,Meyer,jenna.meyer@gmail.com,(609)591-2423,618 Carrillo Lodge,Thomashaven,MI,63359
SHP_58351,Kenneth,Ford,kenneth.ford@gmail.com,001-936-900-6082,6461 Guerra Centers,Cantrellberg,MO,37382
SHP_31992,John,Lindsey,john.lindsey@yahoo.com,(293)499-8740,525 Edwards Manors,Steveville,WA,63609
SHP_89415,Maureen,Mills,maureen.mills@yahoo.com,9393396876,37392 Barry Route,South Samanthastad,AK,95704
SHP_89593,Diana,Martinez,diana.martinez@hotmail.com,285.551.7915x4369,9489 Anthony Haven Suite 080,North Stephaniechester,OR,43213
SHP_25012,Denise,Richardson,denise.richardson@gmail.com,911-678-3099,267 Evans Crossroad,West Bryanside,HI,53628
SHP_31465,Manuel,Campos,manuel.campos@gmail.com,(333)984-4741x384,1184 Erica Unions Suite 738,West Allison,NV,42642
SHP_50768,Wendy,Smith,wendy.smith@hotmail.com,306.240.0209x60310,3458 Jonathan Hollow,West Amanda,ID,19639
SHP_24168,Samuel,Harrison,samuel.harrison@yahoo.com,6008561618,707 Steven Passage Suite 085,East Jeremy,RI,56359
SHP_85849,Charles,Black,charles.black@yahoo.com,8568688031,9512 Aguilar Field Apt. 242,Johnstad,TX,90373
SHP_13365,Christopher,Hines,christopher.hines@gmail.com,(772)657-7261,1273 Hoffman Union,West James,NC,20533
SHP_50888,Robert,Coleman,robert.coleman@hotmail.com,244.282.2878x073,630 Butler Way Suite 629,Johnsonburgh,WY,93438
SHP_85470,Richard,Wood,richard.wood@yahoo.com,9768823145,02251 Phillips Harbors,Micheleland,IN,98178
SHP_98781,Robert,Potter,robert.potter@hotmail.com,660.404.5457,3737 Gabriel Locks Suite 372,Larryshire,NJ,95348
SHP_59192,Michael,Roth,michael.roth@hotmail.com,+1-426-591-7768,0134 Laura Mission Apt. 543,Royside,WA,69786
SHP_61990,John,Jones,john.jones@gmail.com,(959)282-2189,2444 Jones Rest,Millerfort,AL,32438
SHP_35995,Suzanne,Wilson,suzanne.wilson@yahoo.com,(713)459-2468x120,9178 Thompson Ridges,Wesleyshire,NE,41956
SHP_19961,Jared,Holden,jared.holden@yahoo.com,308.601.3604x94742,4827 Anita Radial,West Luisfurt,OR,23988
SHP_87607,Edward,Reyes,edward.reyes@gmail.com,001-831-266-5876x036,0546 Medina Street Apt. 734,Tuckerfurt,MA,88171
SHP_92213,Richard,Levy,richard.levy@gmail.com,685-331-2344x358,465 Eric Green,North Anthony,MS,98721
SHP_41830,Sara,Mendez,sara.mendez@yahoo.com,877.829.3430x10713,5830 Hannah Glens,West Kevinside,MD,01304
SHP_23356,Bryan,Tucker,bryan.tucker@gmail.com,708-537-0890,9985 Chelsey Locks Suite 284,Markton,MS,36421
SHP_49529,Christopher,Perez,christopher.perez@gmail.com,+1-602-428-7408x9757,1802 Collins Creek,Brendaside,VT,67417
SHP_99687,William,Cross,william.cross@yahoo.com,288.916.0930x6853,832 Michael Dale,Stephaniechester,NM,50189
SHP_88697,Bradley,White,bradley.white@yahoo.com,+1-997-737-1122x29907,85816 Johnson Mews Suite 111,Nataliestad,NJ,53103
SHP_25866,Katherine,Hunt,katherine.hunt@yahoo.com,575-992-6599,828 April Radial Suite 672,Rodriguezmouth,AS,03749
SHP_84177,Heather,Gomez,heather.gomez@hotmail.com,(898)838-4572x02665,591 Mario Ford,Christinashire,OK,21801
SHP_15383,Stephanie,Smith,stephanie.smith@hotmail.com,9198343476,87394 Gates Cape Suite 483,Port Dawnbury,NE,22396
SHP_55508,Jerry,Green,jerry.green@yahoo.com,001-577-651-3824x4429,6266 Harding Turnpike Suite 540,South Paigeton,PA,41013
SHP_79827,Sydney,Friedman,sydney.friedman@hotmail.com,001-514-663-1245,9116 Jessica Greens Suite 818,East Frank,SD,94043
SHP_66148,Michael,Ramos,michael.ramos@gmail.com,932-685-1552,667 Wilson Rapids,East Jamesborough,PR,92928
SHP_96706,Jason,Medina,jason.medina@yahoo.com,954.770.9128x48787,81137 Clark Throughway,Blevinsland,VI,43354
SHP_58571,Jane,Henry,jane.henry@hotmail.com,(493)686-7395,9968 Wilkerson Field,Aaronville,OH,55434
SHP_19038,Latoya,Jones,latoya.jones@yahoo.com,(635)755-8947x96741,12608 Chavez Canyon Apt. 989,New Michaelbury,IL,52830
SHP_76317,Keith,Francis,keith.francis@hotmail.com,001-635-577-7931x240,362 Virginia Overpass Suite 533,Gonzalezport,PW,63824
SHP_94874,Joshua,Kerr,joshua.kerr@hotmail.com,001-210-304-9246,549 Santana Locks,North Denise,AR,67608
SHP_54725,Lisa,Santiago,lisa.santiago@gmail.com,4354040049,7177 Anthony Corners,West Christina,VA,50233
SHP_11658,Jennifer,Parker,jennifer.parker@hotmail.com,(694)877-4222,303 Hernandez Bridge Suite 588,Woodsburgh,MI,84891
SHP_65057,Richard,Nolan,richard.nolan@hotmail.com,(568)305-8000x5895,5015 Walker Plains Suite 781,South Shawnview,RI,95395
SHP_74251,Sylvia,Greene,sylvia.greene@hotmail.com,001-829-465-1462x1393,9585 Rios Forks,Port Kristinabury,SC,27536
SHP_23833,Michael,Wood,michael.wood@gmail.com,(714)516-6258,456 Vega Pine Apt. 775,East Donald,MH,10135
SHP_66822,Rebecca,Sullivan,rebecca.sullivan@yahoo.com,001-775-764-9157,2347 Derrick Valleys Suite 760,North Angelaville,AS,67895
SHP_57472,Tom,Arias,tom.arias@gmail.com,+1-896-550-3244x751,083 Hunter Flat,East James,PA,35973
SHP_93307,Christopher,Smith,christopher.smith@yahoo.com,928-606-1990,6974 Hernandez Vista Apt. 712,Kaylastad,MS,55970
SHP_70258,Michael,Keller,michael.keller@gmail.com,+1-790-275-2503x77765,66653 Hill Rue,Waltersberg,TN,10944
SHP_30052,William,Edwards,william.edwards@hotmail.com,001-937-556-8167x84340,1776 Nicole Spur,West Diane,SD,82606
SHP_67080,Nicole,Fletcher,nicole.fletcher@gmail.com,540.926.6502,67872 Potter Tunnel Suite 862,North Lauraberg,FL,45605
SHP_33086,John,Smith,john.smith@yahoo.com,(927)228-4765,20092 Alex Village Suite 784,Jennachester,GA,36129
SHP_78386,Melissa,Nichols,melissa.nichols@gmail.com,2799108779,6347 Sean Streets Apt. 009,Port Benjamin,IL,30654
SHP_95256,Francisco,Aguirre,francisco.aguirre@hotmail.com,(938)749-2031,5090 Diana Road,Katieberg,NC,49824
SHP_45400,Nathan,Malone,nathan.malone@hotmail.com,588.959.7120,67037 Clark Mill Apt. 774,New Michael,MT,57713
SHP_90728,Jose,Graves,jose.graves@yahoo.com,656.444.1322x07108,5892 Osborne Wall Apt. 590,Ballshire,DC,77006
SHP_80539,Vanessa,Bentley,vanessa.bentley@yahoo.com,(692)259-7692x4658,2621 Brian Bridge,Pierceview,IA,62292
SHP_73372,Michael,Mitchell,michael.mitchell@yahoo.com,498-724-8132x81801,445 Hebert Islands Apt. 640,Rodriguezport,PR,82709
SHP_70931,Douglas,Castaneda,douglas.castaneda@yahoo.com,833.702.1260,191 Monroe Ways,North Dylan,FL,10854
SHP_67091,Earl,Russell,earl.russell@gmail.com,+1-304-930-6638,170 Erin Course Suite 518,South Amberfort,TX,80808
SHP_87656,Connie,Andrews,connie.andrews@hotmail.com,001-566-828-5983x4023,7263 Young View,Heatherburgh,TX,25874
SHP_45179,Carlos,Shepard,carlos.shepard@hotmail.com,+1-504-821-4080x17483,81327 Sims Pike,South Jefferytown,LA,54821
SHP_52245,Melissa,Phelps,melissa.phelps@hotmail.com,(357)980-9134x3161,400 Flynn Hill,Nicholasberg,IA,70122
SHP_42177,Andrew,Blankenship,andrew.blankenship@hotmail.com,(680)891-8622x329,6874 Mata Springs Apt. 540,Trevorborough,NJ,40165
SHP_21359,Andrea,Foley,andrea.foley@yahoo.com,700.437.8171x5068,0888 Underwood Estates Apt. 851,Christopherburgh,DC,85188
SHP_46559,Christopher,Torres,christopher.torres@hotmail.com,457-549-9647,1176 Joseph Bridge Apt. 794,West Briannahaven,TN,51371
SHP_69087,Alejandro,Gonzalez,alejandro.gonzalez@yahoo.com,(668)884-8657x374,0723 Gray Centers Suite 741,North Angela,ND,00707
SHP_41963,Elizabeth,Blankenship,elizabeth.blankenship@hotmail.com,746-935-8080,3392 Cheryl Course,New Paulview,VT,27888
SHP_70910,Teresa,Suarez,teresa.suarez@yahoo.com,001-953-388-2578x43711,691 Jennifer Mountains Apt. 887,Sabrinahaven,WV,12090
SHP_84691,Angel,Chavez,angel.chavez@yahoo.com,(309)714-7908,209 Veronica Summit,Millerburgh,ME,33956
SHP_89997,George,Myers,george.myers@gmail.com,+1-628-775-0453x282,57699 Hunt Fields,Mooreville,WV,04316
SHP_97580,Brian,Gardner,brian.gardner@hotmail.com,4372810103,41609 Barbara Key,Padillaside,AS,46841
SHP_59674,Gina,Brown,gina.brown@gmail.com,578-987-4958x672,41115 Xavier Harbor,South Sarahborough,MD,92248
SHP_54092,Dylan,Lopez,dylan.lopez@yahoo.com,001-489-731-4566,251 Turner Light,Jeffreytown,CO,81005
SHP_13761,Carol,Hamilton,carol.hamilton@gmail.com,495.681.8774x499,714 Cruz Ridge Apt. 995,North Lisa,MA,57800
SHP_74789,Audrey,Davis,audrey.davis@gmail.com,(929)416-9670x8323,83400 Melinda Cape Suite 764,North Johnside,CO,49726
SHP_52600,Scott,Wallace,scott.wallace@hotmail.com,+1-811-437-9830x457,5116 Andrea Vista Suite 897,Port Katherinestad,TN,22506
SHP_33834,Derek,Peterson,derek.peterson@yahoo.com,772.265.9764x0838,14171 Rivera Plaza Apt. 912,Michellestad,AS,12666
SHP_73904,James,Stewart,james.stewart@hotmail.com,905.362.6565x04554,767 Martin Stream,Chandlerchester,DC,77463
SHP_37802,Jeanne,Butler,jeanne.butler@yahoo.com,(370)943-9132x46765,995 Cooper Heights Suite 925,Port Michele,ME,10433
SHP_56507,Andrea,Mann,andrea.mann@yahoo.com,001-666-682-4985x03371,131 Tran Mountain Suite 286,Floresberg,KY,30720
SHP_43862,Amber,Baker,amber.baker@gmail.com,410.463.7072x18508,63405 Price Ridge Suite 901,Reedburgh,GU,41049
SHP_54608,Kevin,Barajas,kevin.barajas@hotmail.com,+1-722-994-3227x11523,8180 Laura Land,Kaylamouth,NY,17587
SHP_46655,Michael,Russo,michael.russo@yahoo.com,001-413-600-0375,8275 Dustin Meadow Apt. 371,South Jennifer,DE,79455
SHP_88139,Jon,Quinn,jon.quinn@hotmail.com,224-474-4203x59441,735 Amanda Summit,Gutierrezfort,NJ,40143
SHP_46211,Pamela,Martinez,pamela.martinez@yahoo.com,(917)536-7138,0319 Raymond Mall,South Genefurt,RI,95446
SHP_82848,Gwendolyn,Cox,gwendolyn.cox@hotmail.com,(452)694-2669,211 Diana Forge,Lake Katiestad,PA,83181
SHP_11330,Julia,Velazquez,julia.velazquez@hotmail.com,(888)438-4916x97157,063 Matthew Spur Apt. 862,Glovermouth,AS,64702
SHP_77715,Dan,Smith,dan.smith@hotmail.com,(317)809-9873x1709,813 Jerry Road Suite 691,New Cody,AR,13758
SHP_35042,Lauren,Pierce,lauren.pierce@yahoo.com,001-350-343-7371x256,474 Hancock Freeway,New Patriciaport,UT,54945
SHP_21221,Maria,Lane,maria.lane@hotmail.com,503.378.4457x676,31929 Jacob Street Apt. 947,Port Kristinaton,MI,04460
SHP_41635,Bridget,Waller,bridget.waller@gmail.com,001-620-489-1409x6466,418 Melissa Mountains Suite 430,Mcmahonville,ME,83054
SHP_63271,Brittney,Lane,brittney.lane@yahoo.com,001-586-362-7177x860,5423 Chavez Mill Apt. 761,Deborahhaven,WI,97042
SHP_74038,Bradley,Tyler,bradley.tyler@yahoo.com,+1-682-762-2555x741,906 Johnson Mall,West Alexander,SD,12045
SHP_82768,Steven,Perkins,steven.perkins@yahoo.com,891-424-5968x982,563 Colleen Port Apt. 598,East Charlesville,LA,78545
SHP_41499,Kathryn,Christian,kathryn.christian@gmail.com,811.501.8013x80520,2434 Johnson Walks Apt. 217,Thompsonmouth,LA,39767
SHP_72402,Cassandra,Miller,cassandra.miller@hotmail.com,(608)611-3640x348,770 Hannah Extensions,Reillymouth,VT,87108
SHP_94659,Anthony,Gates,anthony.gates@yahoo.com,654-559-5041x81075,098 Suzanne Plaza Apt. 219,North Catherinemouth,IN,67068
SHP_74332,Christina,Morris,christina.morris@yahoo.com,001-668-716-1901x7378,78105 Shane Hill,Port Emily,MH,94311
SHP_68743,Ryan,Mason,ryan.mason@hotmail.com,(935)751-3532,51994 Jeffrey Circle,Ballardmouth,NY,41616
SHP_12260,Meredith,Potter,meredith.potter@gmail.com,542.747.2427x01171,686 Jonathan Ridges Suite 499,Micheleton,MN,33683
SHP_22196,Daniel,Mitchell,daniel.mitchell@yahoo.com,+1-453-564-1237x635,5695 Atkins Ferry Suite 620,Perezfort,PW,44034
SHP_48566,Sean,Parrish,sean.parrish@gmail.com,(229)201-5629x938,0517 Gregory Gateway,North Jermainestad,MO,93797
SHP_39045,Lindsay,Myers,lindsay.myers@yahoo.com,242.846.8473x255,99053 Roman Mill Apt. 207,Lake Jessica,RI,45797
SHP_63005,Antonio,Franklin,antonio.franklin@yahoo.com,285-799-7526x570,84432 Jennifer Plains Apt. 160,Thompsonbury,OK,95396
SHP_41890,Thomas,White,thomas.white@yahoo.com,(907)241-9753,3239 Hurley Fords,West Erik,AL,70097
SHP_50135,Karen,Beasley,karen.beasley@gmail.com,(708)930-7736x6758,57333 Forbes Parkway Apt. 790,East Amanda,WA,78111
SHP_97026,Tammy,Blankenship,tammy.blankenship@gmail.com,768.370.5807x9106,4070 Rose Trace,Scottview,NY,26227
SHP_86225,Samuel,Simmons,samuel.simmons@hotmail.com,667.430.3336,592 Angela Lakes Apt. 604,West Victoria,ID,93450
SHP_58368,Diane,Wright,diane.wright@yahoo.com,001-544-534-4149x16999,9743 Wiley Greens Apt. 882,East Brandon,MA,66103
SHP_72031,Glenn,Berg,glenn.berg@yahoo.com,985-600-7288x9592,68069 Jennifer Lights,East Laurenfurt,MO,17859
SHP_82544,Michelle,Kelley,michelle.kelley@gmail.com,9047879788,585 Joel Place,Glasston,ID,02773
SHP_79588,Melissa,Williams,melissa.williams@gmail.com,+1-606-682-8126x8289,1854 Ramirez Forges,Johnstad,VT,22942
SHP_55056,Benjamin,Stevenson,benjamin.stevenson@hotmail.com,2956902799,69199 Zachary Fields Suite 488,South Dean,OR,54851
SHP_65771,Vanessa,Hernandez,vanessa.hernandez@gmail.com,(330)272-2805x69223,4551 Jacob Camp,South Nathanville,NY,12121
SHP_82140,Catherine,Gallegos,catherine.gallegos@hotmail.com,9824680090,87121 Reed Gardens,Ashleyton,DC,31247
SHP_53357,Jasmine,Mills,jasmine.mills@yahoo.com,779-783-8713,9633 Page Summit Suite 417,West Shirley,MS,06518
SHP_56112,Mariah,Burns,mariah.burns@hotmail.com,239.989.9809,43315 Smith Lodge Apt. 815,East Katie,MS,66627
SHP_69473,James,Duncan,james.duncan@yahoo.com,001-626-605-0572x516,314 Delacruz Point Apt. 570,Morrisbury,HI,04574
SHP_45509,Stephen,Mathis,stephen.mathis@gmail.com,6045720397,696 Gomez Branch Apt. 535,East Michaelport,KY,62064
SHP_50189,Wendy,Wallace,wendy.wallace@hotmail.com,747-797-3418,83745 Johnson Mountain Apt. 396,North Christianstad,RI,89342
SHP_42951,Billy,Jones,billy.jones@hotmail.com,001-922-516-8974x53714,43192 Campbell Union,East Robertchester,MI,52686
SHP_40217,Jackie,Williams,jackie.williams@hotmail.com,(307)293-9105x1507,5359 Simon Circles,Dawnborough,SC,20802
SHP_25814,Curtis,Brown,curtis.brown@gmail.com,001-471-272-1733x739,22999 Joyce Extension Apt. 659,Lake Kevinside,OH,19358
SHP_35242,Yolanda,Taylor,yolanda.taylor@gmail.com,+1-821-951-9709x62731,9928 Thomas Oval,Mossmouth,NY,37167
SHP_51359,Daniel,Dyer,daniel.dyer@gmail.com,545-503-6988x84393,3629 Anderson Valleys,West Anneside,SD,30711
SHP_25670,Michele,Johnston,michele.johnston@hotmail.com,217-907-0963x9764,993 Jacobson Mountain,East Danaton,RI,48801
SHP_80236,Tim,Hernandez,tim.hernandez@hotmail.com,816-335-0214x210,1064 Rogers Parkway,North Angel,OK,33887
SHP_34267,John,Hicks,john.hicks@gmail.com,+1-711-434-6935x168,56453 Jackson Plains,East Wendyberg,MT,32516
SHP_35105,Aaron,Joseph,aaron.joseph@gmail.com,001-289-530-9040,5849 Daniel Hollow Apt. 565,East Marymouth,OH,64522
SHP_38361,Travis,Freeman,travis.freeman@gmail.com,001-422-911-6788x41579,4324 Sheila Landing,North Anthonyshire,MN,53124
SHP_73464,Matthew,Hill,matthew.hill@hotmail.com,530-441-8871x17023,537 John Oval,Michelemouth,WY,23150
SHP_46241,Glenda,Preston,glenda.preston@hotmail.com,+1-667-323-3104,736 Montes Stream Suite 192,North Kelsey,NC,72190
SHP_87278,Mary,Hall,mary.hall@gmail.com,+1-525-952-5003x0897,27870 Susan Gateway Apt. 158,Lake Richard,AZ,26335
SHP_78765,Rebecca,Pugh,rebecca.pugh@hotmail.com,414.757.2654,601 Maddox Square Apt. 160,Port Andrewport,TN,44648
SHP_88222,Stephen,Martin,stephen.martin@gmail.com,+1-723-224-4123x36132,51786 Roberta Skyway Suite 731,Andersonberg,MO,43376
SHP_47093,Maria,Brandt,maria.brandt@yahoo.com,+1-385-610-2726,16373 Rodriguez Mall,Lake Maryshire,DE,59549
SHP_23176,April,Nelson,april.nelson@gmail.com,+1-990-650-5366x427,52299 Chavez Circles,Williamshaven,AR,22556
SHP_35443,Maria,Bowman,maria.bowman@hotmail.com,001-268-839-0147,032 Lisa Field,Scottborough,MA,27165
SHP_48829,Roberto,Davidson,roberto.davidson@gmail.com,545-526-7889x553,25320 Jones Place Apt. 052,Barbaraview,IL,87244
SHP_39816,Victor,Gates,victor.gates@gmail.com,001-253-908-1695x78723,5983 Gwendolyn Keys Apt. 220,Lopezside,NV,08198
SHP_57301,Phillip,Moses,phillip.moses@hotmail.com,001-242-353-2836x9308,872 Debra Port,Lake Andre,GA,05192
SHP_33519,Marie,Carson,marie.carson@gmail.com,(894)482-7214x84634,1425 Orr Trail Suite 330,Martinezborough,PW,09168
SHP_49618,Robert,Garcia,robert.garcia@yahoo.com,849-461-8068,887 Joseph Glen Suite 039,Christopherchester,RI,93205
SHP_11854,Brett,Kline,brett.kline@gmail.com,304-581-1468,13863 Andrews Forge,Heatherberg,WA,37041
SHP_80010,Eric,Collins,eric.collins@yahoo.com,212.670.1048,667 Heather Spur Suite 297,Cookside,VA,17931
SHP_26591,Susan,Mendez,susan.mendez@yahoo.com,(276)984-0371x4179,8623 Erin Pike,Garrisonport,AR,56937
SHP_45954,Kimberly,Cordova,kimberly.cordova@hotmail.com,247-915-6503x7150,838 Ryan Drive Apt. 120,Lake Tina,MH,14595
SHP_15965,Aaron,Thompson,aaron.thompson@gmail.com,(297)339-6707x106,303 Francis Shores,East Michael,ME,29832
SHP_17146,Nicholas,Mendoza,nicholas.mendoza@hotmail.com,662.864.1412,5358 Alice Road Apt. 254,West Sharonfort,OH,91660
SHP_82529,Robin,Hunter,robin.hunter@gmail.com,001-438-299-9068,07167 Lopez Springs,North Paul,AS,91078
SHP_48290,Jessica,Saunders,jessica.saunders@yahoo.com,865.985.7579x033,947 Martha Brooks Apt. 784,Edwardsborough,WI,06134
SHP_26551,Danielle,Brandt,danielle.brandt@hotmail.com,001-384-566-1339x26289,952 Ramirez Dale Suite 452,Deanland,MS,10502
SHP_93606,Timothy,Rivera,timothy.rivera@hotmail.com,425.325.0029,56915 Morris Estate Suite 752,Jeffreyshire,GU,23484
SHP_74340,Nicole,Hernandez,nicole.hernandez@gmail.com,8455142469,09996 Marsh Expressway Suite 956,New Pamelaville,CT,18914
SHP_23446,William,Collins,william.collins@yahoo.com,(466)794-8360x94386,559 Matthew Roads,Martinfort,WY,24665
SHP_11607,Renee,Riggs,renee.riggs@hotmail.com,001-834-357-1615x63360,132 Chad Field,East Pamelafort,GA,56504
SHP_85243,Susan,Guerrero,susan.guerrero@yahoo.com,(979)778-3344,99306 Burns Meadow Apt. 172,Peterstad,AK,27024
SHP_47268,Linda,Bailey,linda.bailey@hotmail.com,7788053833,91369 Turner Streets,Lake Samanthatown,NJ,29521
SHP_71524,Sierra,Cervantes,sierra.cervantes@hotmail.com,2719545168,38597 Wolf Ford Suite 824,Gilmorefort,DE,04284
SHP_72746,Erika,Thomas,erika.thomas@hotmail.com,3372944000,8977 Jeffrey Stream Suite 496,Kevinberg,MP,15574
SHP_67733,Jill,Hernandez,jill.hernandez@gmail.com,001-989-951-1139,792 Arnold Mountain,Bairdside,GU,20997
SHP_54657,James,Brown,james.brown@hotmail.com,+1-436-877-7639x857,0561 Wilson Ridges,East Kevin,SC,97923
SHP_34164,Jasmine,Ryan,jasmine.ryan@hotmail.com,513.277.4340,792 Mann Route Apt. 733,West Abigail,IN,54044
SHP_16734,Alexis,Johnson,alexis.johnson@gmail.com,238.387.0007,98504 Taylor Brook,Haleychester,CT,71714
SHP_43092,Kayla,Walsh,kayla.walsh@yahoo.com,+1-915-322-3450x8960,6670 Patrick Branch,Brownmouth,VT,08353
SHP_72616,Katherine,Larson,katherine.larson@gmail.com,7082119776,97462 Anderson Port Apt. 175,East Jacquelineton,DE,28962
SHP_24953,James,Cook,james.cook@gmail.com,454.657.9494,58872 Samuel Island,Anthonyside,NE,07062
SHP_18564,Kimberly,Hensley,kimberly.hensley@yahoo.com,(430)845-3356x657,6265 Duncan Loaf,Lake Lisa,MO,86881
SHP_62521,Taylor,Carter,taylor.carter@hotmail.com,565-818-3163x3253,57578 Powell Centers,Keyburgh,GU,44614
SHP_74454,David,Sexton,david.sexton@hotmail.com,302-882-6984x7281,8658 Gonzalez Mountain,West Dawnhaven,IN,21424
SHP_19710,Joseph,Tucker,joseph.tucker@yahoo.com,839.304.9078x2433,63025 Sabrina Way Suite 824,South Sherryborough,WA,68381
SHP_85631,Elizabeth,Hughes,elizabeth.hughes@yahoo.com,(896)472-0418,91678 Edwards Spurs,Vaughnfort,KS,02371
SHP_92502,Lisa,Lin,lisa.lin@gmail.com,+1-454-947-5568x254,85516 Cooke Canyon Apt. 184,Michaelport,SC,68152
SHP_99974,Alec,Kirk,alec.kirk@yahoo.com,7093354677,910 Kramer Garden,New Markton,AS,74395
SHP_17026,Angelica,Foley,angelica.foley@hotmail.com,980-213-2644x73984,486 Lewis Court Apt. 855,South Carol,GU,79384
SHP_29887,Taylor,Castillo,taylor.castillo@yahoo.com,532-473-3299x9604,611 David Tunnel,Ballview,WV,28447
SHP_29555,Lawrence,Mitchell,lawrence.mitchell@yahoo.com,868.579.6746x7269,33327 Lisa Village,Smithchester,TN,63933
SHP_83772,Dana,Duncan,dana.duncan@gmail.com,001-578-507-7224x4146,8845 Anthony Branch,Carrshire,OH,64401
SHP_49824,Richard,Flores,richard.flores@gmail.com,001-507-944-6660x9935,428 Kelly Mountains Apt. 482,Destinybury,MI,29773
SHP_21164,Gina,Parker,gina.parker@gmail.com,268.732.9876x816,170 Erin Ferry,South Kara,NV,33315
SHP_42530,Gabriel,Ingram,gabriel.ingram@yahoo.com,001-743-590-4489x09322,20235 Billy Valleys,Rebeccamouth,MI,08283
SHP_25525,Shannon,Jones,shannon.jones@hotmail.com,671-516-4560x59563,073 Allen Bypass,West Allison,MI,56668
SHP_83147,Raymond,Dyer,raymond.dyer@hotmail.com,582-383-1031,357 Wilson Forest,West Whitneyfort,NV,00628
SHP_64548,Philip,Henderson,philip.henderson@yahoo.com,(766)218-4438x612,2927 Carter Drive Apt. 330,Jessicashire,CT,89409
SHP_89471,Alyssa,Sanders,alyssa.sanders@hotmail.com,931-502-7868x144,731 Melissa Mission Apt. 715,Jennaside,ND,38559
SHP_88135,Tammy,Powell,tammy.powell@gmail.com,763-346-5186,12141 Jennifer Crossroad Suite 908,Guerrerochester,MD,14662
SHP_91057,William,Gray,william.gray@hotmail.com,+1-370-913-2156x67019,1045 Jennifer Cape,Patrickhaven,VI,80224
SHP_39581,Sandra,Reyes,sandra.reyes@hotmail.com,588.378.8361x9689,0305 Rosario Creek,West Michaelberg,LA,60845
SHP_78494,Gerald,Blackwell,gerald.blackwell@gmail.com,336-482-8534x24455,486 Joan Ridges Apt. 613,Moralesland,AR,28193
SHP_59856,Alicia,Dixon,alicia.dixon@hotmail.com,862.509.9069x319,99516 Everett Inlet,Antoniomouth,VA,81181
SHP_69049,Michael,Lawrence,michael.lawrence@gmail.com,762.939.3784x08719,6210 Maria Green,Mannland,WY,75379
SHP_68028,Stephen,Johnson,stephen.johnson@gmail.com,5856554074,9183 Wright Shoal Suite 162,Nealburgh,FL,51277
SHP_48974,Shannon,Horn,shannon.horn@yahoo.com,544.375.6195,36146 Padilla Pines Apt. 039,New Erin,MO,69186
SHP_87139,Melanie,Jones,melanie.jones@gmail.com,001-839-940-9965,645 Katherine Mills Apt. 303,New Dustin,OH,38751
SHP_66207,Angela,Anderson,angela.anderson@hotmail.com,362-770-4914,33383 Richard Fall Apt. 037,Port Erin,SD,64900
SHP_50026,Jennifer,Schmitt,jennifer.schmitt@yahoo.com,404.342.0678x83171,32365 Brandi Green,North Wendyborough,MH,85171
SHP_84531,Mark,Logan,mark.logan@hotmail.com,+1-461-336-1510x0374,96986 Brandon Stravenue,Owensmouth,NV,12722
SHP_91399,Valerie,Cook,valerie.cook@gmail.com,445-667-5981x863,50851 David Mountain,Rebeccaville,MS,19193
SHP_17894,Adrian,Tran,adrian.tran@yahoo.com,735-411-5879x1627,2584 Hernandez Spring,Brendafurt,NM,84994
SHP_89905,Monica,Kelly,monica.kelly@yahoo.com,(800)984-6888,380 Abigail Forges,Lake Teresa,TN,37735
SHP_23006,Derek,York,derek.york@hotmail.com,7235303070,7861 John Overpass Suite 279,Maxview,WA,90790
SHP_37235,Jacqueline,Maynard,jacqueline.maynard@yahoo.com,562.408.9279x97934,074 Richard Road Apt. 175,North Stevenstad,KY,59671
SHP_91987,Christopher,Alexander,christopher.alexander@yahoo.com,353.504.5370x747,3969 Megan Corner,New Samantha,GA,89598
SHP_37659,Brittany,Ward,brittany.ward@yahoo.com,662-695-6723x0855,644 Thomas Track,Laneside,NY,62611
SHP_44687,Tammy,Taylor,tammy.taylor@hotmail.com,+1-324-340-7931x1029,17087 Brown Crossing,Richardburgh,GU,31293
SHP_96563,Julia,Chen,julia.chen@gmail.com,(365)281-3662x22086,30509 Greer Rapids,Toddborough,MH,39122
SHP_20641,Andrea,Wagner,andrea.wagner@yahoo.com,(248)227-2125x277,800 Hannah Skyway,Port David,MA,98410
SHP_30585,Ryan,Smith,ryan.smith@hotmail.com,+1-533-840-8337,9266 Reyes Path,New Shirleyfort,OR,48895
SHP_41439,Brian,Lopez,brian.lopez@yahoo.com,(511)535-9804,56964 Darrell Corner,Richardland,FM,81514
SHP_32782,Anthony,Mathis,anthony.mathis@gmail.com,406.779.4907x869,162 Kara Lakes Apt. 896,Moralesbury,MI,26445
SHP_82350,Sarah,Rollins,sarah.rollins@gmail.com,(641)798-2724,76991 Thomas Plains,North Christopher,WI,74618
SHP_19838,Richard,Murphy,richard.murphy@hotmail.com,612-974-0615,587 Wood Grove,Hodgesmouth,MP,61189
SHP_30517,Brett,Martin,brett.martin@gmail.com,736-846-6937x067,0314 Isaiah Cliffs Suite 572,Port Michaelmouth,IN,21829
SHP_10350,Ricky,Vega,ricky.vega@gmail.com,+1-379-226-5173x28162,92219 Randy Club Suite 737,Stricklandville,WI,04027
SHP_63545,Linda,Miller,linda.miller@yahoo.com,(329)996-4574x433,53334 Martin Meadows,Johnsontown,WV,06492
SHP_69048,Katrina,Marshall,katrina.marshall@yahoo.com,440.361.8252x82252,83104 Moody Garden Suite 931,Zacharyton,NJ,44172
SHP_87832,William,Payne,william.payne@hotmail.com,4253448306,92230 Zamora Circles Suite 792,Samanthaville,CO,64814
SHP_71592,Kelly,Smith,kelly.smith@gmail.com,756-375-3957,19595 Fields Isle Suite 708,South Maryton,MS,18009
SHP_48175,Stephanie,Williams,stephanie.williams@gmail.com,001-572-354-1125x53612,3668 Michael Skyway,Lake Jill,AK,64653
SHP_14278,Amanda,Gutierrez,amanda.gutierrez@hotmail.com,878.811.6490x2483,67630 Martin Plains Suite 275,Reidville,WY,73479
SHP_40340,Leslie,Barrett,leslie.barrett@yahoo.com,499.883.7673,66773 Christopher Dale Apt. 527,Johnton,NH,09991
SHP_47762,Kari,Hill,kari.hill@gmail.com,001-775-808-2903,84402 Holmes Manor,Lake Nicholas,PW,94558
SHP_47056,Kimberly,Vega,kimberly.vega@yahoo.com,957-864-3554,11630 Valerie Flat Suite 513,Mariaville,CO,46526
SHP_69510,Steve,Garcia,steve.garcia@hotmail.com,001-205-765-7439x677,7393 Philip Stream Apt. 954,Shannonside,NM,98315
SHP_19329,Teresa,Ayala,teresa.ayala@hotmail.com,3134361386,5011 Gregory Glen,New Lorraineview,MT,51361
SHP_40595,Robert,Fitzgerald,robert.fitzgerald@gmail.com,520-662-1402x499,71152 James Falls,Christopherstad,SC,24540
SHP_44675,Richard,Weaver,richard.weaver@hotmail.com,+1-833-831-6792,30750 Elliott Ports Apt. 640,North Nicholasville,AR,75896
SHP_91927,Melanie,Frazier,melanie.frazier@hotmail.com,211-292-1520,965 Page Islands,Lisahaven,ID,40667
SHP_87304,Katherine,Carroll,katherine.carroll@hotmail.com,+1-253-419-2600x986,7454 Jarvis Ramp Apt. 054,Heathermouth,IN,67845
SHP_96662,Jacob,Franklin,jacob.franklin@yahoo.com,407-314-9918x916,93823 Larry Circles Apt. 468,Rodriguezstad,WI,54950
SHP_35928,Susan,Roberts,susan.roberts@yahoo.com,221-707-0431,31588 Dunn Camp Suite 606,Levystad,SD,15674
SHP_65723,Jerry,Washington,jerry.washington@hotmail.com,(510)750-8440x6844,86838 Dunn Land,East Darlenetown,MT,46717
SHP_25043,Rachel,Murray,rachel.murray@yahoo.com,001-398-344-5143x67286,303 Walton Vista,Port Christopherbury,RI,64947
SHP_81376,Erin,Hamilton,erin.hamilton@gmail.com,633.265.7610,715 Karen Ports Apt. 341,Weavermouth,KY,24708
SHP_39466,Dustin,Adams,dustin.adams@hotmail.com,001-900-801-9093,473 Ian Way,North Elizabeth,WA,88403
SHP_94886,Marie,Medina,marie.medina@yahoo.com,957.268.8255,7930 Morales Street Apt. 295,Lake Steven,AK,19245
SHP_29528,Phyllis,Choi,phyllis.choi@hotmail.com,829-796-5082,4186 Cooper Roads,Port Jayside,NJ,56331
SHP_44816,Kristen,Meyers,kristen.meyers@hotmail.com,483-599-7413x531,9297 Scott Causeway Apt. 247,North Maryland,AR,29936
SHP_28643,Stephanie,Martin,stephanie.martin@yahoo.com,2857184506,00301 Sims Ferry,Port Elizabeth,LA,39136
SHP_19359,Angel,Douglas,angel.douglas@gmail.com,266.549.2907,427 Melissa Forges,Douglasfort,AR,55038
SHP_17816,Cody,Santiago,cody.santiago@yahoo.com,805-532-7654,9351 Vanessa Plain,South Jacquelineburgh,NJ,19207
SHP_31747,Ann,Mitchell,ann.mitchell@hotmail.com,6645339553,9719 Anderson Bridge,Brentshire,TX,28774
SHP_50319,Michelle,Guzman,michelle.guzman@gmail.com,001-515-744-3944x875,8965 Noah Islands,South Robinstad,MT,02810
SHP_87993,Ronald,Hamilton,ronald.hamilton@gmail.com,750-396-4663x686,381 Yu Rue Apt. 138,Johnsonfort,PA,85483
SHP_84607,Brett,Marquez,brett.marquez@hotmail.com,(356)731-1402,80402 Cameron Cliffs,Mcclainside,CT,22616
SHP_47828,Christopher,Daniels,christopher.daniels@yahoo.com,(609)250-3545x136,942 Haley Cape,Brendatown,ID,13559
SHP_67560,Mary,Ruiz,mary.ruiz@hotmail.com,803-830-4544x1061,700 Roberts Street Suite 801,Jessicaville,NM,53875
SHP_26299,Alyssa,Benjamin,alyssa.benjamin@yahoo.com,388.843.0217,066 Alvarado Springs Apt. 589,North Noahview,FM,76643
SHP_71433,Christina,Smith,christina.smith@hotmail.com,867-480-7395,127 Daniels Turnpike,North Suzanneside,NY,91743
SHP_49857,Ronald,Barry,ronald.barry@yahoo.com,(209)302-8854x11112,26155 Le Mountain Suite 141,West Samanthaberg,VI,68847
SHP_62757,Shawna,Washington,shawna.washington@gmail.com,(215)413-3209x673,74135 Perry Garden Apt. 903,Perezhaven,MN,63483
SHP_45683,Steven,Dominguez,steven.dominguez@hotmail.com,(221)770-4303,687 Johnson Rue Apt. 450,Joshuastad,NE,52932
SHP_75597,Mary,Hernandez,mary.hernandez@yahoo.com,5614497310,71467 Jacobson Greens Apt. 862,Nicolestad,HI,58929
SHP_80776,Daryl,Velazquez,daryl.velazquez@yahoo.com,888.713.9901x78556,00712 Wesley Cliff Apt. 324,Port Edwardport,OK,56195
SHP_74722,James,Rowland,james.rowland@yahoo.com,+1-302-594-0375x353,452 Benton Isle,Hayesville,OR,83254
SHP_67377,Brenda,Weber,brenda.weber@yahoo.com,(490)406-4384,639 Richard Stravenue,Port Amber,NY,98652
SHP_20543,Nicole,Marquez,nicole.marquez@hotmail.com,(636)604-0245x1719,83153 Wayne Loop Apt. 105,New David,NV,87692
SHP_88385,Austin,Lewis,austin.lewis@hotmail.com,+1-411-313-2411x94949,5942 Debbie Terrace Apt. 168,Cameronburgh,AZ,56939
SHP_15224,Scott,Franco,scott.franco@hotmail.com,(703)442-7156,016 Ferguson Avenue,South Teresa,CT,55829
SHP_66626,Stacy,Peterson,stacy.peterson@hotmail.com,793.677.7271,41250 Melissa Springs,West Katherine,HI,38246
SHP_52247,Cynthia,Everett,cynthia.everett@yahoo.com,7448012178,436 Joshua Lakes,North Erictown,KS,31804
SHP_89129,Kevin,Espinoza,kevin.espinoza@gmail.com,(815)587-3662x7135,3900 Stephens Well,Davisport,NV,87750
SHP_42816,Kevin,Kent,kevin.kent@hotmail.com,001-289-624-5574x64333,05818 Michael Passage,Joeltown,PR,56837
SHP_13390,Raven,Miranda,raven.miranda@gmail.com,001-747-812-8715x3991,863 Jonathon Highway Apt. 115,Lake Sheri,OK,48701
SHP_21970,Melissa,Potts,melissa.potts@gmail.com,+1-629-401-6852x9919,8782 Brian Courts,Harrisfort,MA,31515
SHP_40005,Kurt,Rivera,kurt.rivera@yahoo.com,(924)832-4499x5967,615 Jason Crescent,Jennaville,VI,76450
SHP_98381,Brian,Hahn,brian.hahn@gmail.com,001-266-429-2508x1776,0688 Jones Fields,East Shawn,CO,17889
SHP_85392,Kurt,Schwartz,kurt.schwartz@gmail.com,+1-493-878-1326x72733,7674 Macias Isle,New Cynthiaport,WV,50937
SHP_86955,Alexandra,Tate,alexandra.tate@gmail.com,467-921-5240x93835,1713 Lozano Wells Suite 727,Smithview,CO,24488
SHP_12719,Lori,Robinson,lori.robinson@gmail.com,001-804-535-1840,465 Kimberly Ford,South Christopher,AZ,39721
SHP_98117,Eddie,Jones,eddie.jones@gmail.com,+1-870-256-0557x38410,661 Johns Unions,Lake Matthewland,NV,50107
SHP_45325,Kaitlyn,Carter,kaitlyn.carter@gmail.com,+1-377-349-7396x78115,5353 Carolyn Viaduct,Larryview,ME,77892
SHP_85529,Stephen,Ayers,stephen.ayers@yahoo.com,7428059868,1433 Johnson Parkways Apt. 901,North Sabrinachester,VA,13090
SHP_15273,Renee,Payne,renee.payne@yahoo.com,886.684.4380,5795 Valentine Valleys,Gonzalezland,MA,83503
SHP_32962,Joseph,Herrera,joseph.herrera@gmail.com,(736)345-1186,608 Thomas Haven Suite 613,East Andrewbury,AS,45992
SHP_71669,Trevor,Brown,trevor.brown@yahoo.com,964-371-5437x993,0659 Brock Isle,Cookberg,ME,42531
SHP_78021,Yesenia,Lee,yesenia.lee@gmail.com,796.396.4546x55358,3892 Tina Tunnel,Nicholsville,AS,79680
SHP_95394,Kathleen,Yates,kathleen.yates@yahoo.com,828-887-3449x668,899 Bryant Lodge Apt. 706,North Meghanmouth,PW,11253
SHP_67963,Jamie,Mitchell,jamie.mitchell@gmail.com,(660)387-2575x504,5242 Blackburn Hill,New Garystad,SD,46748
SHP_46458,Andrea,Martinez,andrea.martinez@gmail.com,+1-547-403-4463,5684 Matthew Summit Suite 351,Edwardsborough,MD,99630
SHP_33788,Donna,Fox,donna.fox@hotmail.com,001-939-521-1436x7858,466 Patterson Street,Schmidtborough,AR,03952
SHP_86720,Heather,Greene,heather.greene@hotmail.com,001-816-424-6947,8426 Copeland Oval,Leefort,OK,95775
SHP_67132,Mindy,Brown,mindy.brown@yahoo.com,3658948053,27433 Jason Mill,Port Nicole,SD,94279
SHP_93202,Pamela,Stephenson,pamela.stephenson@hotmail.com,(655)831-7550,1438 Williams Rapids,Martinezfurt,NJ,44580
SHP_74451,Marcus,Merritt,marcus.merritt@gmail.com,001-568-214-7214x58683,817 Simmons Vista,Jordanshire,RI,46881
SHP_21959,Megan,Lopez,megan.lopez@hotmail.com,(569)899-5581x3243,1673 Dana Extension Suite 331,Shepardport,WA,86795
SHP_71605,Christian,Elliott,christian.elliott@hotmail.com,281-637-2293,30834 Diamond Locks Suite 764,Lake Thomas,OH,90998
SHP_55607,Nancy,Schmidt,nancy.schmidt@hotmail.com,+1-269-966-0963x5476,21018 Anderson Expressway Apt. 644,New Andrewberg,PR,36863
SHP_63523,Anna,Villarreal,anna.villarreal@gmail.com,797.428.3512,282 Johnson Camp Apt. 441,Feliciashire,NC,22440
SHP_53687,Nicholas,Cunningham,nicholas.cunningham@gmail.com,425.972.7346,472 Kimberly Springs,West Dana,FM,56917
SHP_52081,Ashley,Bennett,ashley.bennett@yahoo.com,942-428-3924x72081,5258 Brittany Inlet Apt. 596,Port Jermaine,NV,38919
SHP_97835,Tanya,Martin,tanya.martin@hotmail.com,409.370.1268,42374 Kimberly Mall,Port Katelyn,ID,77341
SHP_23710,Joseph,Blanchard,joseph.blanchard@gmail.com,9429215669,12113 Nathaniel Ramp Suite 315,North Natalieton,ME,35203
SHP_31079,Amy,Mcdaniel,amy.mcdaniel@yahoo.com,513-783-5146,6584 Tanner Trail Suite 620,Cordovabury,VT,85305
SHP_53228,Patricia,Johnson,patricia.johnson@hotmail.com,+1-266-516-8019,13485 Spencer Drives Apt. 353,South Bryanfort,OK,88489
SHP_63955,Lisa,Davis,lisa.davis@gmail.com,+1-683-691-2260x001,762 Sue Inlet,Port Arthur,LA,96326
SHP_74942,Ryan,Parks,ryan.parks@hotmail.com,250-774-2178x7830,2575 Norman Haven Apt. 896,Mcdowellside,CA,01564
SHP_47777,David,King,david.king@hotmail.com,(430)846-1849,914 Kristen Parks,New James,KS,69070
SHP_96846,Brian,Miller,brian.miller@hotmail.com,+1-849-350-7786x0248,445 Smith Mission Suite 079,North Clintonburgh,SC,37072
SHP_62488,Samuel,Hull,samuel.hull@hotmail.com,(474)490-3312,548 Sarah Mill,West Shannonville,ME,96424
SHP_82102,Melanie,Hanson,melanie.hanson@yahoo.com,(769)580-8782,7099 Ibarra Parkways Suite 061,Jonesville,SD,20340
SHP_14809,Carol,Kemp,carol.kemp@yahoo.com,797-936-6547,710 Lopez Radial,West Deborah,OR,07728
SHP_69614,Erik,Morris,erik.morris@gmail.com,306-809-2098,275 John Forges,Jamesbury,VA,50060
SHP_21542,Amy,Carlson,amy.carlson@yahoo.com,745.770.8533x0182,995 Donaldson Valleys Apt. 300,Daughertyfort,WA,54472
SHP_51224,Todd,Allen,todd.allen@hotmail.com,991-215-4316,410 Craig Via,Port Anthony,KS,87600
SHP_43082,Gregory,Brown,gregory.brown@gmail.com,286-574-7152,91985 Linda Lodge Suite 133,Natashaside,MD,07010
SHP_52372,Natalie,Bell,natalie.bell@yahoo.com,635-353-9697x72326,347 Stacey Burg,West James,KS,85433
SHP_25194,Melissa,Meadows,melissa.meadows@hotmail.com,001-308-535-7232x4665,4249 Richard Crescent Apt. 303,Stevenside,NE,55815
SHP_62976,Kellie,Hendricks,kellie.hendricks@gmail.com,808.533.5142x4496,04539 Joshua Well,Simpsonburgh,MP,41943
SHP_77449,Michelle,Day,michelle.day@yahoo.com,+1-304-397-0383x41031,7701 Alexander Spur Suite 849,New Henryview,MI,49917
SHP_10150,James,Gonzalez,james.gonzalez@yahoo.com,399.224.8302,704 Moran Roads Suite 596,Serranobury,VT,27010
SHP_96200,Adam,Reyes,adam.reyes@yahoo.com,(498)471-0149x41163,1964 Rhonda Ramp,Williamfurt,DE,57207
SHP_81118,Jay,Gray,jay.gray@gmail.com,870-542-0866x478,943 Jacqueline Club Apt. 269,Davidbury,TN,42881
SHP_70552,Lisa,Clarke,lisa.clarke@yahoo.com,482.681.4046,635 Mcintosh Ferry Apt. 627,East Brandon,TN,75273
SHP_64165,Edwin,White,edwin.white@yahoo.com,(677)346-2591x60112,8488 Holder Avenue,North Thomashaven,MO,63572
SHP_17104,William,Sosa,william.sosa@yahoo.com,(840)287-1006,72820 Russell Fields Apt. 152,East Douglas,FL,24222
SHP_34586,Gary,Reynolds,gary.reynolds@yahoo.com,605-560-2155x787,60413 Olivia Keys Suite 501,Port Heather,ND,14107
SHP_77952,Matthew,Allen,matthew.allen@hotmail.com,7028553952,7312 Moore Lake,Romanville,IN,12949
SHP_57419,Jason,White,jason.white@gmail.com,703-411-3995,2550 Shelton Park Apt. 941,Mcintoshmouth,IL,05670
SHP_91609,Katie,Turner,katie.turner@yahoo.com,875.479.2888,5575 Davis Mountains,Royville,ID,77281
SHP_75338,Jamie,Wright,jamie.wright@gmail.com,(378)912-7782x2102,34862 Navarro Overpass,Hallchester,VI,30861
SHP_91973,John,Bowen,john.bowen@gmail.com,3062876164,0460 Ross Pass Suite 611,Port Jose,GU,76498
SHP_67939,William,Garcia,william.garcia@hotmail.com,536.447.6722x977,8157 William Cape,South Charles,IN,24517
SHP_16764,Michael,Moore,michael.moore@yahoo.com,+1-992-544-8372x687,128 Ramos Parkways Suite 747,Calhounland,AR,39110
SHP_36680,Michael,Shaffer,michael.shaffer@yahoo.com,848.260.2563x7811,73285 Kirby Park Suite 974,Julietown,NC,47791
SHP_45003,Kyle,Brown,kyle.brown@yahoo.com,272-469-0822x0137,8561 Lisa Meadow Suite 720,Alexandraberg,ND,83697
SHP_81987,Mitchell,Thompson,mitchell.thompson@gmail.com,001-843-261-1686x114,1189 Reginald Summit,Port Marvinmouth,VT,83154
SHP_27172,Kim,Henson,kim.henson@yahoo.com,+1-298-920-2542x00315,56164 Jamie Shoals,Wesleyton,ID,17515
SHP_47752,Stephanie,Torres,stephanie.torres@hotmail.com,001-366-234-5337x220,17221 Townsend Spurs,Bethfort,NE,54224
SHP_67424,Robert,Harvey,robert.harvey@gmail.com,(537)966-1448x90659,13105 Rodriguez Track,Jeffreyland,VT,69447
SHP_73532,Kimberly,Schmidt,kimberly.schmidt@hotmail.com,5259912046,62660 Dustin Islands,Charlestown,HI,82091
SHP_25915,Kyle,Woodward,kyle.woodward@gmail.com,+1-471-457-5571x663,3061 Anderson Walk Apt. 856,West David,VI,00602
SHP_13783,Lori,Cook,lori.cook@yahoo.com,(224)599-6305x561,762 Gutierrez Courts Suite 905,Port Jonathan,MI,57669
SHP_92578,Andrew,Hernandez,andrew.hernandez@gmail.com,+1-309-230-5273x479,48493 Hatfield Mount,Ramirezberg,TN,04457
SHP_89806,Madeline,Robinson,madeline.robinson@gmail.com,876-548-9455x817,3287 Taylor Valley Apt. 196,Robertville,VI,08990
SHP_41365,Amy,Lopez,amy.lopez@yahoo.com,(321)219-5357x803,220 Cooper Trafficway Suite 442,West Heatherborough,TN,41365
SHP_30758,Lawrence,Wallace,lawrence.wallace@yahoo.com,969-783-6495x09262,03143 Richard Hills Apt. 288,Shelleyshire,RI,38516
SHP_50730,Anthony,Shields,anthony.shields@gmail.com,001-602-776-9990,820 Kim Trafficway,Griffithberg,NH,72729
SHP_82199,Katherine,Barnett,katherine.barnett@hotmail.com,+1-798-227-8020x586,21464 Willis Road Suite 999,Codyfort,RI,26226
SHP_11792,Nancy,Patel,nancy.patel@yahoo.com,3722948831,0573 Castillo View,New Katherine,PW,66355
SHP_82384,Jesse,Burton,jesse.burton@hotmail.com,001-466-493-2692x807,812 Mann Square,Kevinstad,IN,44544
SHP_63476,Kristin,Wright,kristin.wright@yahoo.com,8049917443,638 Kim Well,West Patriciafort,AS,39960
SHP_22217,Cassandra,Newman,cassandra.newman@hotmail.com,(988)834-9538,29914 Dylan Spurs,Patriciaborough,WA,81784
SHP_39451,Brandon,Cline,brandon.cline@gmail.com,(558)436-8314,8305 Hunt Lodge,North John,NC,28389
SHP_24871,Alexandra,Shepherd,alexandra.shepherd@yahoo.com,(763)340-5475,698 Yesenia Estate Apt. 991,East Williamtown,PA,09429
SHP_70482,Sarah,Thompson,sarah.thompson@gmail.com,+1-836-236-4769x270,256 Gabriel Groves Suite 176,Romantown,ID,29429
SHP_25396,Samantha,Chan,samantha.chan@yahoo.com,437.802.1976x1743,172 Michael Crest Suite 588,Andrewside,HI,77213
SHP_94896,Richard,Yang,richard.yang@yahoo.com,(376)434-4528x08574,6871 Chelsea Summit Apt. 590,Reyesberg,WY,82337
SHP_30181,Joseph,Goodwin,joseph.goodwin@hotmail.com,+1-956-895-8065x2674,41667 Lisa Club,Mathisfort,PR,53876
SHP_75323,Chad,Lyons,chad.lyons@gmail.com,001-463-695-1756x3022,471 Moore Meadows,New Courtney,CT,37631
SHP_48254,Willie,Simmons,willie.simmons@hotmail.com,967-667-8096x4583,597 Thomas Fort Suite 317,Phyllismouth,PA,82880
SHP_76698,Deborah,Joseph,deborah.joseph@gmail.com,(387)351-2090,497 Katie Crossing Apt. 496,East Rodney,AK,74495
SHP_45838,Megan,Logan,megan.logan@yahoo.com,(654)784-0000x40046,768 Kenneth Plain Suite 525,Smithside,OR,79801
SHP_64459,Lawrence,Wallace,lawrence.wallace@gmail.com,001-257-787-4915x9939,60106 Berger Rue,West Kyle,OR,82742
SHP_73242,Michael,Medina,michael.medina@hotmail.com,(542)701-1660x804,1201 Veronica Crest Suite 483,North Belinda,AZ,56889
SHP_71894,Timothy,Hughes,timothy.hughes@gmail.com,+1-514-635-6140,319 Kristi Harbor Suite 823,Kyleshire,MD,89142
SHP_41946,Brittney,Taylor,brittney.taylor@yahoo.com,520.647.4421x756,6514 Green Manor,Toddhaven,CA,38827
SHP_69871,Jose,Herrera,jose.herrera@gmail.com,(555)778-5641,741 Ferguson Wells Suite 739,Edwardberg,ND,48567
SHP_82255,Anthony,Alvarez,anthony.alvarez@yahoo.com,372.645.9928x1615,9639 Amy Orchard Suite 153,Muellerchester,OK,45353
SHP_28958,Vanessa,Kelly,vanessa.kelly@hotmail.com,589-781-0617,16312 Zavala Lakes Suite 726,South Candicechester,IL,64464
SHP_60277,Tiffany,Anthony,tiffany.anthony@yahoo.com,(463)332-4827,8683 Vincent Locks,North Rebeccastad,MI,47747
SHP_34983,Abigail,Hernandez,abigail.hernandez@hotmail.com,(457)702-6721,57731 Murphy Underpass Suite 397,Rioston,IN,51964
SHP_88561,Ellen,Navarro,ellen.navarro@gmail.com,510-906-3524x4827,52837 Ford Crest,Proctorchester,VA,79187
SHP_76616,Elizabeth,Little,elizabeth.little@yahoo.com,(434)265-5461,467 Ryan Hollow,North Moniquehaven,RI,23161
SHP_27892,Cynthia,Valdez,cynthia.valdez@hotmail.com,3338679832,26811 Desiree Ports Apt. 283,West Marc,NH,85918
SHP_19150,Laura,Garcia,laura.garcia@gmail.com,001-266-410-9410x1759,76298 James Overpass Suite 433,South Lisa,AS,25705
SHP_46208,David,Wood,david.wood@yahoo.com,(282)593-8540x445,83466 Alexandra Glens Suite 986,East Cassidyfurt,WY,43851
SHP_64387,Sherry,Garcia,sherry.garcia@gmail.com,+1-310-586-8067x93289,306 Jeffrey Heights Apt. 668,Erinfurt,FL,18415
SHP_54548,Lisa,Ball,lisa.ball@hotmail.com,+1-860-952-0488x252,388 Davis Parkway,Rayton,RI,39640
SHP_76550,David,Smith,david.smith@gmail.com,(662)849-8640,4977 Kimberly Fork Suite 443,Tammymouth,LA,14025
SHP_45018,Kimberly,Madden,kimberly.madden@gmail.com,+1-840-939-0927,0863 Jeffery Prairie,Bradleyfurt,UT,53506
SHP_10336,Brian,Collins,brian.collins@hotmail.com,+1-765-860-8469x544,5561 John Brook Apt. 152,New Anthony,LA,03824
SHP_47072,Alyssa,Palmer,alyssa.palmer@hotmail.com,001-950-401-7692x0990,090 Golden Junctions Suite 630,Torresshire,MS,24650
SHP_49132,Robert,Ramirez,robert.ramirez@gmail.com,001-526-916-5542x793,14616 Larry Skyway,Jonesberg,RI,56503
SHP_86931,Ann,Ayala,ann.ayala@gmail.com,238-317-9335x54864,7788 Theodore Place Suite 795,East Patriciamouth,CO,11009
SHP_86011,Justin,Knight,justin.knight@hotmail.com,001-772-433-7575x42281,319 John Forge Suite 929,Salazarbury,NJ,38354
SHP_96499,Austin,Shields,austin.shields@yahoo.com,001-306-472-8338x155,4263 Arthur Extensions,New Michelle,OH,13786
SHP_74178,Bryan,Wood,bryan.wood@gmail.com,+1-870-534-1477x5688,37998 Smith Burgs Suite 382,Port Gregoryberg,SD,29730
SHP_29476,Gail,Arnold,gail.arnold@gmail.com,001-456-734-7438x288,545 Stewart Inlet Apt. 587,Port Joshuaton,MH,50363
SHP_68529,Vickie,Travis,vickie.travis@hotmail.com,646.638.9012,9365 Wilson Cliff Suite 686,Lake David,PW,31957
SHP_80592,Allison,Lewis,allison.lewis@hotmail.com,+1-204-804-4161x6613,4853 Davis Valleys,West Kristentown,NY,74151
SHP_73483,Aaron,Garcia,aaron.garcia@gmail.com,816-554-0745,3763 Michael Locks,New Williamview,MH,65044
SHP_55236,Austin,Whitaker,austin.whitaker@gmail.com,280-776-4250,08819 Teresa Mountains,Fosterburgh,NY,47428
SHP_53573,Wendy,Smith,wendy.smith@hotmail.com,+1-689-439-6157x443,184 Underwood Square,New William,VA,86227
SHP_82340,Jonathan,Clayton,jonathan.clayton@hotmail.com,266-414-9871,292 Banks Keys Apt. 947,North Pamela,PR,94573
SHP_81228,Daniel,Perez,daniel.perez@yahoo.com,(911)236-9572,50902 Villarreal Glen,West Steven,MH,84929
SHP_59441,James,Lowe,james.lowe@gmail.com,313-450-3978x514,19067 Hall Mall,Gregorybury,NH,84654
SHP_69682,Jessica,Hunt,jessica.hunt@yahoo.com,952-740-0573x573,0795 Sheila Expressway,Williamsshire,NY,22689
SHP_52176,Warren,Brown,warren.brown@gmail.com,+1-520-748-7287x4394,13184 Patricia Points Apt. 717,New Angelafurt,MP,49584
SHP_34727,Matthew,Guerrero,matthew.guerrero@gmail.com,(572)382-3608x3523,77028 Scott Plaza Apt. 823,Port Jamesshire,PW,60636
SHP_41300,Summer,Olson,summer.olson@gmail.com,(448)730-1092x74179,06957 Leonard Ridges,Susanchester,MO,91441
SHP_84946,Katherine,Goodman,katherine.goodman@gmail.com,760.559.5587x042,6967 David Landing Suite 966,Port Saratown,HI,72306
SHP_60196,Zachary,Smith,zachary.smith@yahoo.com,771-827-8066x448,689 Raymond Parkway Suite 512,Wangton,WA,12993
SHP_40613,Heather,Williamson,heather.williamson@gmail.com,813.722.5570,409 Wong Rest,Lanceburgh,SD,87064
SHP_63841,Aaron,Foster,aaron.foster@gmail.com,+1-499-955-4447,268 Douglas Course,Lake Amberside,VI,70534
SHP_15720,George,Matthews,george.matthews@gmail.com,2393831354,9967 Victoria Rapid Apt. 195,Leestad,KS,80095
SHP_51704,Brandon,Johnson,brandon.johnson@gmail.com,(812)444-3374x95688,47072 Hamilton Isle Suite 989,Rosechester,DC,08248
SHP_71993,Angela,Crawford,angela.crawford@gmail.com,001-368-865-5709x174,0450 April Estate,Stephenport,NC,68165
SHP_59968,Janet,Johnson,janet.johnson@yahoo.com,(916)992-1776,75930 Patrick Roads Suite 789,Kevinstad,FM,11940
SHP_60604,Kimberly,Allen,kimberly.allen@hotmail.com,001-802-230-4233x38831,0927 Jonathan Burg,Johnside,PW,57585
SHP_96991,Valerie,Gray,valerie.gray@yahoo.com,891-571-3578x52945,183 Baker Hills Suite 391,New Matthewland,OK,70108
SHP_95461,Mary,Davis,mary.davis@gmail.com,+1-844-476-0779,4333 Wilkins Trail Apt. 588,West Ashleyfurt,UT,21688
SHP_29936,Helen,Peterson,helen.peterson@gmail.com,651.216.1559,161 Calderon River Suite 931,Lake Jeremyport,CO,31013
SHP_74923,Melissa,Ruiz,melissa.ruiz@gmail.com,982-263-7419,25081 Jerry Spring,East Thomas,VI,34343
SHP_14852,Robert,Mcdaniel,robert.mcdaniel@hotmail.com,001-630-491-8434,215 Rebecca Springs Apt. 385,East Kathleen,TX,95690
SHP_26547,Lauren,Mclaughlin,lauren.mclaughlin@yahoo.com,+1-558-260-7250x933,68220 Lewis Valleys,Matthewburgh,OH,15109
SHP_75836,Russell,Carroll,russell.carroll@yahoo.com,+1-333-794-9520x79260,33980 Jeremy Union Suite 011,Danielton,TN,10543
SHP_87356,Crystal,Gonzalez,crystal.gonzalez@yahoo.com,825.256.0302x0805,534 Krueger Mission,Kevinport,PA,10494
SHP_53515,Alexis,Tucker,alexis.tucker@gmail.com,4216946723,3290 Jennifer Ridge Apt. 456,New Joeville,NC,13042
SHP_23154,Cindy,Collier,cindy.collier@gmail.com,306-458-3872x725,9095 Long Place,Jenniferhaven,VA,97428
SHP_67711,Anna,Jordan,anna.jordan@gmail.com,456-945-7760x65418,40350 Larry Landing Apt. 566,Nathanielmouth,SD,04644
SHP_23069,Kendra,Cruz,kendra.cruz@yahoo.com,(412)685-5029x40628,2514 Baker Fords,Ashleymouth,IN,43511
SHP_78937,Molly,Arellano,molly.arellano@yahoo.com,437.694.8714x855,8715 Brown Lakes Suite 082,East Theresaville,DE,72651
SHP_69890,Patrick,Rios,patrick.rios@yahoo.com,993.765.9455x70172,874 Steele Parks,Port Ryan,DE,33415
SHP_12011,Stephen,Love,stephen.love@hotmail.com,644-889-4009,463 Dawn Highway Suite 807,South Ray,SC,88787
SHP_28894,Dylan,Johnston,dylan.johnston@yahoo.com,+1-378-542-6090x620,577 Brown Springs,South Keithshire,IA,54413
SHP_63736,Richard,Pearson,richard.pearson@hotmail.com,2333563693,09089 Cameron Mills,Lake Adamport,PR,70191
SHP_95823,Joshua,Bowers,joshua.bowers@gmail.com,(575)957-5679,66612 Armstrong Point Suite 994,East Amanda,KS,47332
SHP_30232,Sharon,White,sharon.white@gmail.com,648-743-5197x8816,04259 Alexis Tunnel Apt. 842,West Kathy,NM,06230
SHP_19807,Linda,Perez,linda.perez@hotmail.com,001-257-236-5404x49272,78836 Sanchez Corner,Vasquezhaven,MD,98295
SHP_71537,Daniel,Perez,daniel.perez@hotmail.com,+1-841-926-4106x032,18057 Allen Spur Apt. 108,Schneiderport,MT,12903
SHP_44737,Robert,Aguilar,robert.aguilar@yahoo.com,001-261-468-9149,03082 Robinson Meadow,Lake Victoria,MA,54682
SHP_54375,Billy,Rowland,billy.rowland@gmail.com,(961)921-2766,39044 David Square Apt. 078,Jakeland,VA,70492
SHP_91691,Stephanie,Collins,stephanie.collins@hotmail.com,866-256-4337,7344 Keith Stream Suite 729,Destinyberg,MN,37567
SHP_62098,Jean,Hill,jean.hill@yahoo.com,+1-339-468-5276x82091,6614 Kimberly Plain,New Lindatown,GA,01550
SHP_95175,Michelle,Leonard,michelle.leonard@hotmail.com,431-933-8607,2222 Nelson Lane Apt. 963,South Robert,CT,79256
SHP_20527,Leonard,Reed,leonard.reed@gmail.com,344-577-3244,13882 Carmen Canyon Apt. 070,Jamesshire,NE,96457
SHP_53065,Joe,Barber,joe.barber@gmail.com,3816854805,882 Perez Roads,Rebeccaton,OR,75632
SHP_98389,Austin,Johnson,austin.johnson@hotmail.com,855.905.6244x8188,13919 Alicia Circle Suite 414,North Craig,KY,82213
SHP_79942,Heather,Perry,heather.perry@hotmail.com,(416)535-0232x3142,8014 Johnson Valleys Apt. 447,Jefferytown,WV,41998
SHP_59808,Michael,Andrews,michael.andrews@hotmail.com,740-990-0255x8782,30220 Shawn Village,Lake Michael,AZ,48402
SHP_51505,Brandon,Davis,brandon.davis@hotmail.com,+1-858-492-8866x095,834 Ross Wells Suite 372,Jesseside,AR,95231
SHP_92155,John,Copeland,john.copeland@hotmail.com,(508)787-4535x18786,7267 Jefferson Forge Suite 588,Lake Matthewborough,GA,42284
SHP_73956,Kathryn,Maxwell,kathryn.maxwell@gmail.com,+1-823-515-6119x33484,04464 Lindsay Place Apt. 815,Trevinobury,GU,78235
SHP_80912,Katherine,Keller,katherine.keller@yahoo.com,(785)260-0738,051 Katherine Land,Lake Loriland,OK,27225
SHP_14705,Jennifer,Harris,jennifer.harris@gmail.com,324-413-0389x773,0075 Williams Stravenue Apt. 122,Michaelmouth,AS,13158
SHP_90931,Glenda,Patton,glenda.patton@gmail.com,553-888-4697x53847,276 Bender Crossing Apt. 176,Port Markhaven,WA,55244
SHP_18968,Tonya,Smith,tonya.smith@yahoo.com,(685)774-3973x84718,3021 Brittany Club,East Richard,PR,62705
SHP_40771,Richard,Miller,richard.miller@gmail.com,+1-643-729-4292x8406,84524 Ramsey Rest,Danielmouth,ID,44205
SHP_92727,Sheryl,Warren,sheryl.warren@hotmail.com,768.276.1907,1155 Pratt Cape Suite 498,New Adrianafurt,FM,14185
SHP_99705,Tina,Thomas,tina.thomas@gmail.com,(886)312-2328,24542 Jose Ranch Apt. 243,East Jesseberg,WI,92573
SHP_47667,Alexandra,Harris,alexandra.harris@hotmail.com,001-958-294-7735x228,2271 Larry Field Apt. 187,Codymouth,PA,21007
SHP_39817,Casey,Morales,casey.morales@gmail.com,+1-537-998-8674x49597,265 Meredith Neck Suite 391,South Carlaborough,VT,71387
SHP_21846,Jason,Gardner,jason.gardner@yahoo.com,(332)937-5083x973,52324 John Drive Apt. 395,Moodychester,MD,57802
SHP_66881,Stephen,Williams,stephen.williams@hotmail.com,001-333-859-4822x45248,353 Rodriguez Manors,Larryville,AS,34848
SHP_22903,Samuel,Kim,samuel.kim@yahoo.com,001-908-509-7976x6262,259 Wright Light,Owensfort,PW,03844
SHP_93066,Jennifer,Fischer,jennifer.fischer@gmail.com,326-648-4764x173,88783 Sullivan Courts,Michaelview,IA,38385
SHP_23173,Stephen,Hampton,stephen.hampton@yahoo.com,(545)636-2921x35011,689 Johnson Curve Apt. 848,Michaelshire,KY,96876
SHP_68153,Lori,Thompson,lori.thompson@hotmail.com,(645)348-2771x95911,4477 Beth Crest,Michelleton,VA,15738
SHP_31805,Angela,Schwartz,angela.schwartz@yahoo.com,+1-929-487-3864x006,6390 Francis Way Apt. 430,North Amy,ID,74775
SHP_49251,Sierra,Mcfarland,sierra.mcfarland@yahoo.com,442-507-0771x3599,28998 Wilson Pass,Mosstown,MI,35742
SHP_13794,Tracey,Vega,tracey.vega@hotmail.com,7418865673,880 Vicki Shores Apt. 539,West Natalieborough,HI,14930
SHP_16028,Stephen,Shaw,stephen.shaw@hotmail.com,286-699-9698x829,9271 Franco Springs Apt. 463,Port Christopherside,WA,50483
SHP_52516,Lisa,Santos,lisa.santos@yahoo.com,4136649718,562 Thompson Trace,Tiffanyfort,CA,44423
SHP_17355,Christopher,Bright,christopher.bright@yahoo.com,(365)558-1326,427 Christopher Ville Apt. 332,North Gabrielbury,AZ,36599
SHP_48452,Heather,Ramsey,heather.ramsey@hotmail.com,274-993-1756,21737 Joel Ranch,Shepherdton,CO,01247
SHP_56984,Christy,Torres,christy.torres@gmail.com,+1-596-790-4539x25287,38133 Sarah Fort Suite 533,East Valeriechester,ME,13800
SHP_59131,James,Allen,james.allen@yahoo.com,389-380-4373x67918,15848 Knox Mount,Lopezfurt,OK,02846
SHP_66450,Danielle,Warren,danielle.warren@yahoo.com,244.968.0234,67260 Wesley Place,Port Jimmyville,LA,41874
SHP_29080,Kayla,Wong,kayla.wong@gmail.com,551-705-1775x78612,6269 Pamela Corner Apt. 963,East Paul,WI,21282
SHP_42007,Jessica,Wells,jessica.wells@gmail.com,(666)630-3172x1162,69617 Williams Avenue,Brianside,VA,25108
SHP_79621,John,Rice,john.rice@yahoo.com,(202)238-2452x23686,555 Cynthia Roads Suite 896,North Luis,NE,69872
SHP_64008,Kimberly,Parker,kimberly.parker@gmail.com,001-884-485-7782x63531,73560 Neal Knoll Suite 288,Mariamouth,FM,29466
SHP_84177,Margaret,Little,margaret.little@gmail.com,(860)661-4245,5823 James Square,Frederickmouth,GU,26539
SHP_99364,Gregory,Anderson,gregory.anderson@yahoo.com,(557)331-6094,8172 James Flat,Deanstad,VT,20708
SHP_33600,Elizabeth,Yates,elizabeth.yates@yahoo.com,6302337257,63800 Emily Corner,South Brian,AZ,64820
SHP_32280,Faith,Mitchell,faith.mitchell@yahoo.com,5314768101,0730 Kelly Harbors Apt. 375,Dodsonmouth,TX,36399
SHP_32946,Latoya,Levy,latoya.levy@hotmail.com,001-401-845-4743,20830 Priscilla Brooks,Port Conniemouth,MO,92291
SHP_20350,Terri,Morse,terri.morse@hotmail.com,+1-556-274-0920x16759,34140 Rojas Plain,South Crystaltown,OK,09959
SHP_89887,Brooke,Pierce,brooke.pierce@hotmail.com,+1-590-311-4003x471,197 Williams Summit Apt. 625,Lake Williamville,OR,85437
SHP_60140,Robert,Taylor,robert.taylor@gmail.com,940-959-3898x3333,358 Mark Plaza,New Cristina,AS,77288
SHP_91226,Kaylee,Hopkins,kaylee.hopkins@yahoo.com,320-491-1791,2117 Durham Fords Suite 170,Jonesland,IL,90591
SHP_99539,Laura,Adams,laura.adams@hotmail.com,724-569-0130x3933,20741 James Tunnel Apt. 842,Kington,MP,00905
SHP_41566,Philip,Miller,philip.miller@hotmail.com,240.374.9911x553,973 Villarreal Forks Suite 070,Lake Lindseyburgh,WV,76710
SHP_75230,Eduardo,Cook,eduardo.cook@hotmail.com,847.403.3500x2978,973 Long Pass Apt. 839,Clarkfurt,ID,54499
SHP_86435,Taylor,Baker,taylor.baker@gmail.com,583.743.0690,4167 Brett Branch Suite 912,North Ann,NC,03026
SHP_28758,Tammy,Sexton,tammy.sexton@gmail.com,9772898196,6884 Mackenzie Corners Suite 509,East Rachel,CA,87510
SHP_40433,Stephen,Brown,stephen.brown@yahoo.com,001-258-926-0960x075,2217 Robert Park Suite 481,North Jasmine,CA,52775
SHP_70443,Alexis,Craig,alexis.craig@gmail.com,001-667-759-1297x4743,158 Amanda Union,Codymouth,FM,33303
SHP_93611,Alicia,Beltran,alicia.beltran@gmail.com,839-403-9092x005,70247 Palmer Islands Suite 988,North Jerry,NH,30439
SHP_43289,Lauren,Sims,lauren.sims@yahoo.com,+1-617-380-8855x763,53164 Deborah Square Apt. 739,North Jennifer,MN,94008
SHP_70236,Jose,Scott,jose.scott@gmail.com,001-984-853-1563x0930,096 Cox Turnpike Suite 240,Lake Daniel,NJ,83869
SHP_43466,Lori,Gray,lori.gray@gmail.com,001-960-877-1313x143,56337 Desiree Viaduct,Jessicaburgh,GU,86547
SHP_97404,Brian,Rose,brian.rose@hotmail.com,7526244133,406 Dennis Lakes Apt. 157,West Jenniferville,OK,96883
SHP_11231,Cynthia,Cantrell,cynthia.cantrell@gmail.com,(263)957-9671x48030,6582 Holloway Passage,Port Matthew,TN,54906
SHP_70981,Jennifer,Farmer,jennifer.farmer@yahoo.com,6087921963,044 Harris Greens Suite 646,East Tammyside,KY,63854
SHP_47700,Elizabeth,Burns,elizabeth.burns@hotmail.com,286.884.4720x79497,15692 Danny Knolls Suite 578,Zacharyfurt,AZ,17650
SHP_98815,Jacqueline,Farmer,jacqueline.farmer@hotmail.com,718-807-1569,017 Mayer Mills,East Juliaview,TX,93456
SHP_81643,Sean,Perkins,sean.perkins@gmail.com,+1-846-833-7861x37157,3844 Parker Underpass,Nuneztown,MH,54837
SHP_30706,Edwin,Bradley,edwin.bradley@hotmail.com,3352219609,6471 Lopez Spring,East Christopher,CA,83383
SHP_19681,Jackson,Mitchell,jackson.mitchell@gmail.com,7597157981,84955 Cindy Glens Apt. 522,South Jamesside,ME,19054
SHP_67898,Hannah,Ferguson,hannah.ferguson@yahoo.com,+1-998-971-6462x9291,0539 Robin Plains,North Kimberlytown,AZ,63695
SHP_55293,Deborah,Hale,deborah.hale@hotmail.com,001-764-644-9118x5101,2557 Alexis Cove,New Troymouth,NY,40009
SHP_87014,Andrew,Rodriguez,andrew.rodriguez@hotmail.com,001-696-711-7785,057 Cruz Crossroad,Wheelerborough,IA,74755
SHP_49210,Shannon,Herrera,shannon.herrera@yahoo.com,+1-921-681-6977x525,1574 Vincent Lights Apt. 164,Cherylbury,MA,30781
SHP_93746,Kristina,Manning,kristina.manning@yahoo.com,460-689-0647,13155 Mary Port,East Jaimetown,NV,97579
SHP_65615,Michelle,Crawford,michelle.crawford@hotmail.com,714.426.5276,1096 Jennifer Lights,Nicholsville,HI,63979
SHP_42780,Michelle,Garcia,michelle.garcia@hotmail.com,+1-828-692-1075,8309 Morris Flat,Gonzalezview,OR,18148
SHP_69878,Linda,Cooper,linda.cooper@hotmail.com,7856738385,46091 Mario Common Suite 455,Katelynbury,UT,59975
SHP_49599,Beverly,Park,beverly.park@hotmail.com,234.549.3053x788,83611 John Row,South Sharon,NY,62686
SHP_36111,James,Stephenson,james.stephenson@yahoo.com,201-763-2703x49141,9636 Jackson Drives,East Rhondafurt,KS,90182
SHP_60422,Sarah,Fleming,sarah.fleming@yahoo.com,5597944617,0684 Jimenez Springs,South Jenniferfort,ME,01122
SHP_73335,Frederick,Johnson,frederick.johnson@gmail.com,668-408-0682,977 Steele Island,East Shelby,OK,74754
SHP_23979,Sherry,Dunlap,sherry.dunlap@hotmail.com,+1-514-925-8074x22120,0014 Lopez Garden,East David,RI,14809
SHP_41091,Kyle,Woods,kyle.woods@yahoo.com,001-733-409-9479x141,76774 Ryan Garden Suite 466,Peterschester,IL,90137
SHP_59986,Brian,Hebert,brian.hebert@gmail.com,+1-949-376-9446x5653,742 Mitchell Island,Hollystad,NV,09506
SHP_84963,James,Lloyd,james.lloyd@hotmail.com,(419)999-7211x152,930 Cain Meadow,Davidville,VA,12747
SHP_57049,Danielle,Murphy,danielle.murphy@hotmail.com,651-301-7397x396,996 Williams Coves Apt. 911,West Betty,VT,79643
SHP_85341,Susan,Lee,susan.lee@yahoo.com,858.323.9788x356,17825 Gregory Ranch Suite 135,West Ericafort,VT,38376
SHP_48780,Christopher,Brown,christopher.brown@yahoo.com,001-749-731-6608x1611,1340 Alexander Shoal Suite 000,Matthewport,AZ,84481
SHP_48696,Jasmine,Perkins,jasmine.perkins@yahoo.com,(967)915-6307x5925,668 Kiara Underpass Apt. 273,East Stevenchester,WV,43992
SHP_12875,Andrew,Merritt,andrew.merritt@yahoo.com,844.993.0874x50620,3098 Michelle Springs,Cynthiaberg,NE,13585
SHP_96275,Michael,Diaz,michael.diaz@yahoo.com,406-576-0691,3760 Harrison Springs,Greenfort,NM,59719
SHP_61879,Bryan,Walters,bryan.walters@yahoo.com,+1-973-221-4999,204 Dawn Shores,Scottborough,ME,40535
SHP_45976,Nicholas,King,nicholas.king@yahoo.com,+1-996-789-7482,318 Emily Brook,Port Christopher,VT,64998
SHP_11061,William,Sanchez,william.sanchez@gmail.com,702-619-2378,29618 Jesse Drive Suite 260,Briantown,DE,69256
SHP_84177,Richard,Price,richard.price@gmail.com,347-771-5064x074,4795 Sue Junctions Apt. 017,Lake Darleneville,FL,24545
SHP_99889,Mary,Reyes,mary.reyes@gmail.com,(977)841-6165x665,63365 Hicks Crescent Suite 110,Hudsonchester,NH,75316
SHP_16428,Kevin,Simpson,kevin.simpson@hotmail.com,738-205-3659x72683,051 Melissa Lodge Suite 721,New Daniel,MS,72264
SHP_89482,Robert,Clayton,robert.clayton@gmail.com,771-570-3439x037,782 Denise Well,Port Suzanneland,IN,93521
SHP_75107,William,Mccullough,william.mccullough@gmail.com,001-369-580-2250x91357,421 Cobb Island Suite 099,Davidville,AR,99633
SHP_47512,Christina,Jackson,christina.jackson@gmail.com,(712)653-2407x4361,4637 Jessica Drive Suite 788,Mathischester,WI,60094
SHP_40162,Miranda,Reeves,miranda.reeves@hotmail.com,001-320-920-8307x7431,5308 Rachel Turnpike Apt. 753,Porterborough,CA,90622
SHP_89569,Kathleen,Rojas,kathleen.rojas@gmail.com,2004288354,3761 Melanie Drives Suite 876,Goodland,AS,63252
SHP_56179,Bailey,Higgins,bailey.higgins@yahoo.com,(209)853-9621x85188,65405 Michael Street Apt. 952,West Amyburgh,MP,90243
SHP_38705,Perry,Cohen,perry.cohen@yahoo.com,(824)346-2655,772 Matthew Key Apt. 727,Stephanieside,LA,60186
SHP_93442,Brandi,Baker,brandi.baker@hotmail.com,876-229-6117x139,921 Patterson Drives,Lake Mackenzie,PW,36938
SHP_34920,Kelly,Miller,kelly.miller@yahoo.com,770-884-8671x1724,3650 Garcia Divide,Maynardburgh,KY,01921
SHP_91381,Russell,Estrada,russell.estrada@hotmail.com,488-629-7876,485 Phillip Falls Suite 357,Kennethhaven,WV,38943
SHP_42850,Kimberly,Hart,kimberly.hart@hotmail.com,(736)462-1313x0716,6056 Hall Shores,South Anne,AR,74698
SHP_98835,Kimberly,Sanchez,kimberly.sanchez@yahoo.com,+1-561-420-7959x709,1818 Perez Trace,Norriston,CT,65222
SHP_96400,Caleb,Todd,caleb.todd@gmail.com,945.413.0299x90303,562 Cochran Walks,Tylerstad,SC,19079
SHP_99241,Gina,Peterson,gina.peterson@gmail.com,(861)200-6799x006,677 Williams Square,South Vincent,UT,89658
SHP_27927,Keith,Herring,keith.herring@gmail.com,332.281.2312x39204,018 Robert Overpass Apt. 387,Andrewburgh,WI,62322
SHP_92345,James,Chavez,james.chavez@gmail.com,991-591-7997x057,80271 Stephanie Expressway,West Michael,NC,37503
SHP_22735,Daniel,Lopez,daniel.lopez@gmail.com,(606)468-4457x344,67170 Walter Roads,Port Patrick,WA,50146
SHP_92242,Lynn,Soto,lynn.soto@yahoo.com,711.632.6611,052 Allen Shoals Apt. 196,West Virginiaburgh,FL,02872
SHP_94717,Stephanie,Schneider,stephanie.schneider@gmail.com,(472)338-6974,368 Amanda Shoals Apt. 957,Port Brendaview,AK,94366
SHP_15167,Patrick,Alvarado,patrick.alvarado@gmail.com,371-437-6022,56464 Jamie Roads Suite 995,Jamesside,AS,27064
SHP_50492,Brandy,Hubbard,brandy.hubbard@hotmail.com,361-365-5650x33349,52085 Steven Way Suite 986,Andrewfort,OR,03415
SHP_67779,Alexandra,Wilson,alexandra.wilson@yahoo.com,(874)849-8598x4107,968 Loretta Lights,Contreraschester,SD,30259
SHP_14373,Craig,Cochran,craig.cochran@hotmail.com,001-585-855-0269x4505,2288 Harrington Ports,New Edward,VA,70241
SHP_85965,Sharon,Hill,sharon.hill@yahoo.com,(960)335-6238x02555,463 Elizabeth Key Apt. 467,Spencerton,SD,20181
SHP_57823,Tara,Smith,tara.smith@gmail.com,808.251.9838,624 Butler Ports Apt. 103,New Marieshire,NV,47487
SHP_27224,Amber,Delacruz,amber.delacruz@hotmail.com,+1-510-660-4266x76171,29234 Lee Summit,East Frank,VT,36229
SHP_21813,Amanda,Howell,amanda.howell@gmail.com,553-330-3569,7249 Pamela Meadow Suite 092,Barnesburgh,ND,88439
SHP_48680,Michael,Harmon,michael.harmon@hotmail.com,001-215-974-4965x3916,04093 Jennifer Island Suite 184,Port Johnside,FL,23859
SHP_52823,Katie,Walker,katie.walker@hotmail.com,581.865.7273x1149,779 Ramsey Mills Apt. 561,New Malik,WI,13696
SHP_64460,Melissa,James,melissa.james@hotmail.com,6519194725,612 Lambert Passage Suite 314,Lake Kaylaton,HI,30979
SHP_33021,Mariah,Clark,mariah.clark@yahoo.com,755-410-9542,0568 William Harbor Apt. 072,Jonesfurt,ID,27439
SHP_36318,Christopher,Ryan,christopher.ryan@hotmail.com,896.662.0385,788 Edward Islands,New Heidi,CO,50588
SHP_27322,Kelly,Scott,kelly.scott@gmail.com,(532)351-4488x11210,17518 Dixon Orchard Suite 151,Gregoryborough,ND,33305
SHP_80701,Tonya,Thomas,tonya.thomas@gmail.com,001-644-322-5216x02523,094 Harmon Mission,Warefurt,RI,03463
SHP_57953,Makayla,Jones,makayla.jones@hotmail.com,(982)700-3682,343 Diaz Circle,South Rickey,CT,58989
SHP_79579,Bryan,Herring,bryan.herring@yahoo.com,263-218-9275,921 Lopez Shoal Apt. 050,Oconnellfort,VT,93254
SHP_75771,Jessica,Gates,jessica.gates@gmail.com,001-632-384-2221x62910,31356 Amanda Mountain,Lake Julia,SD,95463
SHP_45720,Sean,Rodriguez,sean.rodriguez@yahoo.com,2254449655,218 Ruth Village Suite 805,Mezamouth,AL,22865
SHP_31567,Sheila,Foster,sheila.foster@yahoo.com,(696)571-7845,4772 Allen Junctions Suite 484,Karenbury,MH,77095
SHP_43681,Theresa,Strong,theresa.strong@gmail.com,(571)254-8411,32959 Gail Point,New Coreymouth,MD,14100
SHP_73156,Tonya,Holmes,tonya.holmes@gmail.com,985.308.7978x229,30233 Moss Avenue,Ramosstad,NY,63910
SHP_48684,Erica,Graves,erica.graves@gmail.com,555.494.0799x23045,67781 Rivera Highway,Grossbury,NV,02185
SHP_54396,Aaron,Taylor,aaron.taylor@gmail.com,250.325.2102x242,755 Solomon Lodge Suite 038,Zacharybury,MH,90083
SHP_25095,Natalie,Taylor,natalie.taylor@yahoo.com,+1-508-564-0355x3380,527 Calvin Overpass Apt. 302,East Christopher,OR,72439
SHP_71385,Linda,Dudley,linda.dudley@gmail.com,739-644-0601x46120,7539 Ronald Circle Apt. 748,East Melissaborough,MN,31377
SHP_19869,Stephanie,Edwards,stephanie.edwards@hotmail.com,(235)561-7817,119 Aaron Creek,Port Robert,GU,67779
SHP_28449,Veronica,Allen,veronica.allen@yahoo.com,231.801.3835x242,96716 Edwards Camp,South Abigail,NM,68154
SHP_39571,Stephanie,Washington,stephanie.washington@gmail.com,(588)676-7677x2190,3842 Cunningham Trail,Dunnville,OK,15470
SHP_98647,Derrick,Dominguez,derrick.dominguez@gmail.com,930-859-7025x51282,4315 Hendricks River,Cherylstad,LA,54757
SHP_98395,Brenda,Gutierrez,brenda.gutierrez@hotmail.com,(535)511-4019x08485,89557 Erin Run,Joelmouth,MD,29471
SHP_62089,David,Brock,david.brock@yahoo.com,400.945.3585x9730,228 Cabrera Valleys,Livingstontown,ME,93455
SHP_83048,Rachel,Fields,rachel.fields@hotmail.com,001-303-347-7449x95853,08321 Daniel Village,Garciamouth,MT,18771
SHP_57942,Karen,Mason,karen.mason@gmail.com,603.824.4320,41565 Cox Ferry Apt. 713,North Melissaberg,IA,08205
SHP_21836,Anthony,Lopez,anthony.lopez@hotmail.com,(358)223-2385x160,27176 James Villages,South Jasonberg,VI,27379
SHP_61717,Jason,Bailey,jason.bailey@hotmail.com,001-305-342-3357x415,2881 Miller Harbors,Grossbury,OK,96882
SHP_11824,Michelle,Crawford,michelle.crawford@gmail.com,001-912-841-3936x9678,873 Frederick Overpass,Hallburgh,DC,57890
SHP_44663,William,Obrien,william.obrien@yahoo.com,357.834.6232,1975 Jason Dam,Antoniobury,PA,95684
SHP_80329,Xavier,Rhodes,xavier.rhodes@gmail.com,(450)984-3234x497,556 Weiss Station Apt. 709,Lake Dawnland,NJ,05888
SHP_26199,Kathleen,Chaney,kathleen.chaney@yahoo.com,+1-449-631-1042x1457,939 Rodriguez Shores Suite 788,South Saraburgh,ME,58667
SHP_69609,Stephen,Hart,stephen.hart@gmail.com,9177883758,9619 Eric Park Apt. 467,Abigailhaven,MD,15556
SHP_58311,Gabriela,Vincent,gabriela.vincent@hotmail.com,974.573.7914x9202,92394 Schneider Stream,Port Julieborough,NY,85601
SHP_98188,Michael,Sanders,michael.sanders@gmail.com,001-777-696-3044x83608,6766 Gaines Grove Suite 350,Sethbury,OK,22329
SHP_98125,Amanda,Jensen,amanda.jensen@yahoo.com,341-683-2856,303 Sandy Crescent Suite 990,Elizabethburgh,DE,02161
SHP_44362,Kathryn,Bailey,kathryn.bailey@hotmail.com,+1-739-671-1477x6684,7221 Nelson Underpass,New Thomas,ME,64865
SHP_86619,Dakota,Baldwin,dakota.baldwin@yahoo.com,8637705545,4142 Holly Plain,Jonesport,MD,03313
SHP_59941,Richard,Franco,richard.franco@yahoo.com,345.441.8299,945 Brian Inlet Apt. 910,Bonillafurt,SD,50378
SHP_93695,Scott,Wilkinson,scott.wilkinson@gmail.com,415.346.3676,606 Christina View,Savannahmouth,SC,24514
SHP_58689,William,Hammond,william.hammond@gmail.com,+1-231-639-8167x34351,741 Frazier Vista Apt. 083,Andrealand,TN,80963
SHP_24201,Mallory,Johnson,mallory.johnson@gmail.com,001-407-217-0290,32780 Christopher Port,Port Kennethside,ID,61226
SHP_98452,Jeffrey,Morgan,jeffrey.morgan@hotmail.com,+1-239-730-1031,347 Amber Stream,Sanchezfort,AS,53855
SHP_40647,Steve,Rose,steve.rose@yahoo.com,(390)444-8467x3322,955 Hardin Mill Apt. 062,Lake Christina,MD,76874
SHP_71797,Tommy,Watkins,tommy.watkins@hotmail.com,(891)926-8471,00798 Jones Ports,Port Michelle,SD,14091
SHP_13280,Ronnie,Russell,ronnie.russell@yahoo.com,001-770-531-0122x13387,14483 Roberts Trail Suite 749,New Roger,NC,26741
SHP_91205,Deanna,Poole,deanna.poole@yahoo.com,769-424-3435x486,15603 Brown Pike,East Markport,MT,82014
SHP_83584,Robert,Barr,robert.barr@yahoo.com,4447818321,445 Amanda Knoll Apt. 028,Nathanfort,MT,45106
SHP_52992,Krystal,Tucker,krystal.tucker@gmail.com,(558)696-0707x228,35139 Charles Field,New Taylorport,GA,65053
SHP_89964,Dustin,Todd,dustin.todd@gmail.com,(959)359-9592x419,5536 David Corners Apt. 703,New Bradley,IA,20312
SHP_39015,Eugene,Harris,eugene.harris@gmail.com,001-998-321-5900,04484 Barnes Underpass,Jonesview,DE,96719
SHP_94889,Scott,Vincent,scott.vincent@hotmail.com,3479742585,932 Zachary Valley Apt. 311,Campbellville,IA,30152
SHP_18285,Patricia,Carlson,patricia.carlson@yahoo.com,866-496-0174x0966,46297 Mark Station,Jamesland,FM,65623
SHP_93283,Mathew,Barton,mathew.barton@hotmail.com,001-912-284-0384x058,193 Amy Mountain Apt. 233,Curtismouth,AR,81161
SHP_70852,Bethany,Taylor,bethany.taylor@yahoo.com,760.996.0647x2452,8747 Kelley Plain,Alexistown,AS,91842
SHP_49608,Derrick,Hernandez,derrick.hernandez@gmail.com,479.418.0250,5282 Mitchell Plains Apt. 312,West Jeff,WV,83140
SHP_95097,Keith,Smith,keith.smith@yahoo.com,660.265.6815,217 White Vista Suite 229,East Jennifer,LA,98415
SHP_63516,Gregory,Walker,gregory.walker@gmail.com,(972)475-2152,14341 Reyes Way,New Eric,NH,58058
SHP_25292,Patricia,Simmons,patricia.simmons@gmail.com,7048335901,75569 Atkinson Greens Suite 735,Lake William,VA,89557
SHP_28320,Haley,Sanders,haley.sanders@yahoo.com,802.350.3586,01478 Edward Fall Apt. 182,Leview,ID,57386
SHP_15943,Kevin,Stewart,kevin.stewart@hotmail.com,(787)661-2976x76213,1431 Figueroa Shores Apt. 489,Johnland,HI,07123
SHP_14877,Veronica,Wagner,veronica.wagner@hotmail.com,203.884.7413x4735,07473 Williams Ferry,Adambury,MH,31141
SHP_49893,Blake,Solomon,blake.solomon@hotmail.com,427.556.2202x175,3701 Dawn Station,Parktown,TN,60321
SHP_74569,William,Brown,william.brown@hotmail.com,+1-829-656-6283x7400,8906 Palmer Cape,West Grant,GA,72074
SHP_25220,Brian,Gardner,brian.gardner@gmail.com,001-291-788-0254x05777,9601 Edwards Valleys Apt. 705,Bakerbury,IN,25853
SHP_22739,Kristi,Leblanc,kristi.leblanc@hotmail.com,001-647-212-8225x6730,2181 Richard Mission Apt. 809,New Davidborough,VA,37689
SHP_40775,Leslie,Fletcher,leslie.fletcher@yahoo.com,001-532-511-1978x7180,373 Richard Islands,North Nicole,PR,05056
SHP_80457,Rebecca,Pierce,rebecca.pierce@hotmail.com,354.781.4423x352,23247 Gillespie Pine Suite 927,New Michaelland,IN,61725
SHP_27781,Brett,Williams,brett.williams@yahoo.com,+1-541-561-2365x289,575 Bartlett Hill,Marieburgh,MI,85982
SHP_60940,Wendy,Brooks,wendy.brooks@yahoo.com,813.536.1391x1557,5703 Dominique Meadow,New Wesleyton,MO,58842
SHP_69459,Parker,Nguyen,parker.nguyen@yahoo.com,(825)973-1253x6127,29579 Freeman Lakes Apt. 809,Wilsonbury,SD,29398
SHP_58629,Nicole,Alvarez,nicole.alvarez@hotmail.com,930-387-8037x8253,8870 Kaiser Common,Kristinmouth,NM,71347
SHP_97881,Anthony,Nguyen,anthony.nguyen@gmail.com,909.842.0796x19909,913 Daniel Parks Apt. 878,West Sethview,UT,77119
SHP_80804,Melissa,Charles,melissa.charles@yahoo.com,634-799-9255,89216 Taylor Squares Apt. 402,Lawrencestad,NH,25443
SHP_64935,Brenda,Avery,brenda.avery@gmail.com,315-928-6348x4016,649 Kevin Islands,East Travis,MI,23991
SHP_86983,Amanda,Bray,amanda.bray@yahoo.com,778.387.2427,65058 Maria Ports Suite 316,Scottstad,RI,83506
SHP_30253,Deanna,Ramirez,deanna.ramirez@hotmail.com,+1-900-556-2561x209,17406 Ramos Junctions,Rodriguezfurt,PW,65374
SHP_64379,James,James,james.james@gmail.com,(472)507-3115x676,8263 Kristin Station Suite 180,North Tiffany,TN,28706
SHP_95841,Matthew,Ortega,matthew.ortega@gmail.com,001-783-633-3939x5786,2718 Evans Village,Williamsborough,MA,72812
SHP_22978,Mario,Allen,mario.allen@yahoo.com,(308)983-0682x948,9672 Taylor Stravenue,New Sharonchester,PW,28317
SHP_74139,Patricia,Gibbs,patricia.gibbs@hotmail.com,(521)389-2721x072,496 Catherine Freeway Apt. 022,Lake Courtneyshire,NM,78551
SHP_90694,Vanessa,Christian,vanessa.christian@yahoo.com,(401)691-5305x7347,8617 Nichols Estates,Katherineberg,GU,60643
SHP_63492,Scott,Williams,scott.williams@yahoo.com,6448297603,173 Harris Stream,Rebekahchester,MH,27102
SHP_46666,Donald,Marsh,donald.marsh@hotmail.com,+1-957-622-8703x2200,724 Angela Crossing Apt. 951,Matthewton,MA,89222
SHP_14288,Jeffrey,Saunders,jeffrey.saunders@yahoo.com,464.539.0574x459,64190 Stephen Gateway,West Stephanieland,TN,05761
SHP_58566,Erin,Hernandez,erin.hernandez@hotmail.com,+1-711-287-7347x784,1675 Ramos Camp,East Angelaport,FM,93045
SHP_38477,Jamie,Goodman,jamie.goodman@yahoo.com,+1-341-817-7449x40136,5991 Lauren Burgs,Lake Janetland,WY,19378
SHP_68115,George,Walker,george.walker@hotmail.com,+1-530-740-0512x9486,9536 Williams Throughway,Erikton,IL,88731
SHP_68287,Laura,Gross,laura.gross@hotmail.com,+1-967-204-4777x14057,0155 Scott Haven,Lake Mariahside,MD,60570
SHP_40947,Brenda,Smith,brenda.smith@hotmail.com,(860)305-4075x76279,86922 Eric Parks,Dustinberg,WV,43147
SHP_57537,Lynn,Martin,lynn.martin@gmail.com,(665)240-3079x915,732 David Way,Jasonside,PW,43277
SHP_23022,Aaron,Romero,aaron.romero@gmail.com,(792)423-3854x0336,023 Kathy Dam Suite 532,Youngmouth,AS,16082
SHP_99873,Amy,Jones,amy.jones@yahoo.com,001-610-537-6329x40380,1269 William Lane Suite 510,Frankville,RI,78303
SHP_58147,Sarah,Flynn,sarah.flynn@gmail.com,851.663.5781x16446,32901 Paige Village Apt. 585,Port Coreystad,NC,11146
SHP_81364,Patricia,Price,patricia.price@yahoo.com,764.636.5314,8150 Gay Hill Suite 318,Williamsonshire,NJ,54352
SHP_94518,Randy,Stephens,randy.stephens@gmail.com,(665)988-6802x263,1136 Christopher Park,Reynoldsfurt,AL,13105
SHP_57012,Allison,Coffey,allison.coffey@hotmail.com,306-298-8076,293 Wright Hollow,Taylorview,GA,65791
SHP_17936,Pamela,Harmon,pamela.harmon@yahoo.com,001-506-353-4029x2667,8504 Troy Trace Suite 431,Schwartzview,DC,29895
SHP_62184,Mark,Lowe,mark.lowe@yahoo.com,(324)540-7584x4782,39202 Santos Ferry Apt. 191,Browntown,ME,62084
SHP_46160,Brianna,Rodriguez,brianna.rodriguez@yahoo.com,811-748-3240,612 Paul Turnpike,Daviesshire,ME,68168
SHP_34878,Brandon,Owens,brandon.owens@yahoo.com,990-237-9189x449,45482 Joe Shores Suite 975,West James,ME,74329
SHP_26011,Carol,Williamson,carol.williamson@yahoo.com,7062335578,944 Hunter Corners,East Nathanview,ND,87972
SHP_69600,Alexis,Johnson,alexis.johnson@gmail.com,6396170263,59624 Murillo Springs Suite 012,Lake Julieberg,ME,21774
SHP_22015,Tonya,Santos,tonya.santos@gmail.com,7656858276,915 Robinson Burgs Apt. 785,West Elizabethport,SC,17131
SHP_96870,Carla,Lawson,carla.lawson@hotmail.com,001-978-372-6196,775 Clements Villages Apt. 184,Sandersshire,NV,86472
SHP_37801,Stacy,Molina,stacy.molina@gmail.com,(918)383-3401,5576 Reilly Throughway Suite 253,Hayesville,CT,64137
SHP_94109,Sarah,Werner,sarah.werner@yahoo.com,001-335-710-7385,3567 Jones Heights,New Kevinville,NV,36792
SHP_93819,Cheyenne,Patel,cheyenne.patel@hotmail.com,001-560-465-1813,449 Jennifer Harbors,Kaitlynburgh,LA,84063
SHP_88269,Tracey,Coffey,tracey.coffey@hotmail.com,(776)263-7239,02767 Alvarez Terrace Apt. 667,Dustinchester,AL,38353
SHP_12799,Jose,Walton,jose.walton@gmail.com,388-474-6961x0599,6772 Higgins Islands,Buchananchester,MI,45304
SHP_16629,Laura,Barber,laura.barber@hotmail.com,510.253.4053x47492,79934 Sullivan Cliffs,New Elizabeth,MP,62022
SHP_53713,Allison,Cohen,allison.cohen@yahoo.com,+1-355-542-7305x81630,159 Ellis Meadows,Mcbridehaven,NJ,75016
SHP_41925,Richard,Hunt,richard.hunt@yahoo.com,(902)643-6041x103,600 Fields Islands,East Sherylchester,KY,78486
SHP_26505,Michele,Simpson,michele.simpson@yahoo.com,872-826-4085x7216,09329 Carol Street Suite 059,East Ashley,NJ,90201
SHP_84000,Brent,Jones,brent.jones@yahoo.com,001-236-235-4704,92823 Lindsey Lodge Suite 462,Port Vickiburgh,RI,77049
SHP_36896,William,Hill,william.hill@hotmail.com,963.561.7227,80967 Keith Camp,West Meganberg,AZ,59848
SHP_18992,Alice,Vargas,alice.vargas@gmail.com,917-313-0370,7908 Alvarez Square Apt. 731,Phamberg,NV,45725
SHP_82641,Tanya,Wood,tanya.wood@yahoo.com,930-516-7250,83651 Chandler Drive,Port Megan,NC,65914
SHP_37152,Whitney,Henderson,whitney.henderson@hotmail.com,599.480.6821,1709 Michael Skyway Apt. 164,Lake Steven,AR,70087
SHP_86858,Judith,Wilson,judith.wilson@yahoo.com,8822723590,7303 Stephanie Spur Suite 442,East Chadfurt,CO,39604
SHP_38305,Ashley,Taylor,ashley.taylor@yahoo.com,331.258.9357x12661,73715 Chapman Path Suite 497,Barajasfort,VA,55147
SHP_40539,Rebecca,Miller,rebecca.miller@hotmail.com,299.831.9733,777 Kevin Ferry,Jenniferville,OK,77574
SHP_53064,Adam,Black,adam.black@hotmail.com,001-591-414-1600x91692,79897 Paul Plains Suite 481,Castilloview,MS,32606
SHP_29340,Rose,Patterson,rose.patterson@gmail.com,(266)936-8568x801,8290 Ward Lake,Clarkchester,SC,52460
SHP_88116,Amber,Vincent,amber.vincent@hotmail.com,(287)822-5893x70858,350 Ware Shore,Karlafurt,MS,95880
SHP_10371,Kimberly,Walker,kimberly.walker@yahoo.com,7662566050,576 Washington Ports Apt. 793,New Kyleview,IN,61012
SHP_46342,Connie,Lopez,connie.lopez@hotmail.com,381-267-1771,0207 Samuel Parks,Luisview,CT,62593
SHP_28964,Amanda,Guerrero,amanda.guerrero@gmail.com,+1-750-895-4930,018 Farley Springs Suite 876,Franciscofurt,NH,98232
SHP_27038,Mike,Anderson,mike.anderson@yahoo.com,653.807.4401x43664,46664 Williams Ports,Joneshaven,OK,30275
SHP_80807,Bethany,Haynes,bethany.haynes@hotmail.com,526.895.5328x4572,354 Sarah Loaf,Port Heather,TX,25492
SHP_42853,Glenn,Duffy,glenn.duffy@hotmail.com,+1-969-775-6671x75240,39347 Wade Prairie Suite 004,Michelleside,PR,47423
SHP_32871,Kenneth,Mata,kenneth.mata@yahoo.com,(804)966-4896,56420 Edwards Way Suite 775,New Shannonport,WI,42304
SHP_24408,Katherine,Sandoval,katherine.sandoval@yahoo.com,593-705-3973x451,2606 Jennifer Ridge Suite 274,Lake Leonview,SD,92148
SHP_96646,Troy,Adams,troy.adams@yahoo.com,+1-579-378-2686x245,91714 Thompson Bypass Apt. 939,Josephshire,VA,73409
SHP_13379,Christopher,Collins,christopher.collins@yahoo.com,001-751-853-8657x136,6660 Rebecca Ridge Suite 689,North Amanda,MS,69387
SHP_27275,Jonathan,Cole,jonathan.cole@hotmail.com,717-506-4952x76165,266 Thompson Spurs,Chadshire,TX,61921
SHP_11947,David,Edwards,david.edwards@yahoo.com,001-704-709-8366,993 Randall Plain,Stewartport,MP,29193
SHP_56955,Stephen,Haynes,stephen.haynes@gmail.com,721-322-7642,2673 Felicia Tunnel,East Taraville,HI,18246
SHP_41186,Dwayne,Jones,dwayne.jones@yahoo.com,+1-542-737-7329x641,3043 Bates Shoal Apt. 731,Kathrynside,VT,54461
SHP_87182,Frank,Jordan,frank.jordan@yahoo.com,001-467-219-7889x778,7969 Miranda Haven Suite 009,East Marystad,AS,97763
SHP_52437,Carolyn,Bush,carolyn.bush@gmail.com,861-440-0814x52860,4470 King Skyway,Gilbertport,PA,81604
SHP_12068,Mark,Johnson,mark.johnson@gmail.com,650-971-7416,631 Hannah Forks Apt. 319,Moraleston,GA,47978
SHP_32838,Kevin,Evans,kevin.evans@hotmail.com,982.766.1287x585,6670 Susan Manor Apt. 294,New William,DC,81882
SHP_44782,Joan,Hoover,joan.hoover@hotmail.com,3056453042,66518 Johnson Locks,Bradyshire,ND,12318
SHP_16868,Stephen,Perez,stephen.perez@gmail.com,+1-865-569-4276x38082,7631 Kyle Common,South Matthewhaven,VI,62857
SHP_26614,Vanessa,Orozco,vanessa.orozco@yahoo.com,(252)917-5250,29271 Christina Roads Suite 667,Smithside,ID,96269
SHP_65176,Paul,King,paul.king@gmail.com,+1-700-781-6478x604,3024 Gary Falls,Amandamouth,MD,78764
SHP_78955,Kathleen,Holmes,kathleen.holmes@hotmail.com,797-747-7656x59070,943 Walker Trafficway Suite 877,West Michelleshire,HI,18964
SHP_24896,Bryan,Butler,bryan.butler@yahoo.com,001-228-213-7214x330,0033 Stephanie Dam,Marcusfurt,AK,67380
SHP_18330,Sean,Delgado,sean.delgado@gmail.com,001-416-901-2403x60360,7584 Kelly Knoll,New Mckenzie,AS,06373
SHP_72422,Kathy,Mason,kathy.mason@gmail.com,549.885.2057,7150 Lauren Forges Apt. 224,North Jennifer,VI,38212
SHP_68756,Kristy,Snyder,kristy.snyder@yahoo.com,872.692.7618x93775,31299 Laura Mission,Robertmouth,ID,14638
SHP_57453,Christine,Klein,christine.klein@yahoo.com,922-448-7098,9632 Nathaniel Park Suite 224,West Marisaborough,HI,55448
SHP_77271,Patricia,Hall,patricia.hall@yahoo.com,(978)502-8907x2345,330 Horn Inlet Suite 502,Johnsonland,LA,19451
SHP_87812,Donna,Vincent,donna.vincent@hotmail.com,(648)996-8117x807,4666 Fuller Roads,Lake Christopherfurt,NC,26138
SHP_24293,Charles,Spencer,charles.spencer@yahoo.com,204.829.5790x354,82359 Stokes Parkway Suite 691,Campbellhaven,UT,37523
SHP_69245,Gary,Myers,gary.myers@yahoo.com,545.330.0470,164 Green Fields Apt. 584,West Ryan,WA,08108
SHP_76039,Joseph,Jackson,joseph.jackson@gmail.com,612-631-9057x720,07941 Erik Landing,Port Andrea,CA,08299
SHP_39038,William,Hobbs,william.hobbs@hotmail.com,+1-282-442-1107,1956 Jeffrey Lane,Markview,RI,41858
SHP_90623,Chris,Wolf,chris.wolf@gmail.com,444-600-9037x2247,3056 Blackburn Shoals,West Debbieton,OH,19187
SHP_15683,Dan,Bauer,dan.bauer@gmail.com,+1-208-216-2173,1346 Jessica Gardens,Justinchester,NE,43929
SHP_96363,Elizabeth,Copeland,elizabeth.copeland@yahoo.com,001-474-267-3896x0003,3177 Gloria Turnpike Apt. 804,Davidville,MS,55766
SHP_78347,Maria,Brown,maria.brown@hotmail.com,001-365-948-7084x77954,5539 Vanessa Wells Apt. 737,West Brandymouth,NM,79475
SHP_49535,Morgan,Phelps,morgan.phelps@yahoo.com,+1-356-711-0022x55794,16674 Vaughn Neck Suite 212,Port Erikchester,PW,77931
SHP_70036,Zachary,Russell,zachary.russell@gmail.com,001-883-229-4111x686,516 Lisa Hills Apt. 509,Lake Ernest,NM,59690
SHP_94323,Benjamin,Hardy,benjamin.hardy@hotmail.com,790-644-4742x7072,2786 Bruce Isle Suite 728,Ramirezton,NH,42130
SHP_14082,Cynthia,Palmer,cynthia.palmer@gmail.com,6787087667,43357 Robinson Canyon,Lake Charleston,ID,26425
SHP_17972,Donald,Russell,donald.russell@gmail.com,728.723.1117,33172 Diaz Stream,Scotthaven,PW,99335
SHP_72781,Gwendolyn,Travis,gwendolyn.travis@gmail.com,+1-672-530-8172x1436,00041 Jacob Trail,North Jonville,NE,47361
SHP_62640,Joshua,Castro,joshua.castro@gmail.com,891-988-7474x7492,329 Alicia Views,Davidstad,NJ,10434
SHP_65872,Alexander,Barry,alexander.barry@gmail.com,(833)614-7673x0091,91585 Patricia Path Suite 746,North Linda,WA,75908
SHP_99928,Brian,Howe,brian.howe@hotmail.com,(538)974-5710x74742,676 Woods Oval Apt. 266,East Allen,MH,22692
SHP_24150,Angela,Edwards,angela.edwards@hotmail.com,2645771591,21563 Christopher Stream,Lisaside,AL,90710
SHP_74260,Lori,Clark,lori.clark@gmail.com,(705)302-0994,62249 Tammy Summit,Sarahland,WI,39730
SHP_68138,Kimberly,Gomez,kimberly.gomez@gmail.com,539-835-3019,95975 Wells Rapid,Harringtonfort,VT,51133
SHP_19632,Arthur,Crawford,arthur.crawford@yahoo.com,+1-223-284-2818x26954,038 Craig Court,West Crystal,LA,53380
SHP_20589,Douglas,White,douglas.white@hotmail.com,+1-368-722-8312x4290,153 Lisa Inlet,Powellside,IA,12557
SHP_52219,James,Zimmerman,james.zimmerman@hotmail.com,001-577-984-4464x691,5646 Susan Heights,West Marthachester,AL,98485
SHP_89730,Jasmin,Kelly,jasmin.kelly@hotmail.com,881-793-2426x87741,57563 Patrick Fall,East Scotthaven,ID,01236
SHP_29442,Jerry,Reed,jerry.reed@hotmail.com,(426)758-1772,363 Schmidt Crossroad Apt. 053,Port Mark,NE,06874
SHP_18609,Russell,Thompson,russell.thompson@yahoo.com,(833)397-5317x528,240 Antonio Island,South Mary,MA,71242
SHP_26540,Nicole,Morgan,nicole.morgan@gmail.com,981-954-9610x369,268 Santos Viaduct Suite 329,New Peter,IN,65447
SHP_46046,Gabriel,Campbell,gabriel.campbell@yahoo.com,515-937-4051x3379,9976 Julia Lane Apt. 855,Wangmouth,ME,78975
SHP_91830,Betty,Johnson,betty.johnson@gmail.com,588-966-0732x6447,541 Frey Underpass Apt. 909,South Colin,MT,38857
SHP_92978,Theodore,Roberts,theodore.roberts@hotmail.com,9182799971,152 Hayes Coves Apt. 527,Jacquelinemouth,SC,96562
SHP_86724,Scott,Barnes,scott.barnes@yahoo.com,214.597.6423x6917,2234 Veronica Shoal,Matthewsberg,WV,90883
SHP_81874,Russell,Brown,russell.brown@yahoo.com,(493)591-5048x9859,965 Valdez Meadow Suite 706,Michelleberg,WA,93406
SHP_52622,Michael,Stevenson,michael.stevenson@yahoo.com,001-322-699-5521x5723,555 Hunter Crest Apt. 892,Rogersshire,VT,80744
SHP_59925,James,Saunders,james.saunders@hotmail.com,545-924-9054x132,3579 Hall Square,Jessicamouth,SD,48352
SHP_88301,Eric,Farrell,eric.farrell@yahoo.com,656.572.8727x60153,49135 Stevens Route,Port Juliehaven,MH,30434
SHP_79541,Dawn,Paul,dawn.paul@hotmail.com,(849)967-3719,7912 Mary Inlet Suite 402,Rachelborough,OH,97070
SHP_48652,Paul,Clark,paul.clark@gmail.com,312-973-8318,35796 Friedman Manors,Alexanderland,OK,08866
SHP_69469,Christopher,Garcia,christopher.garcia@gmail.com,+1-278-271-8797x89293,2584 Lisa Center Apt. 625,New Wendyview,MT,92879
SHP_76263,Drew,Harris,drew.harris@hotmail.com,+1-381-693-7684x1847,220 Jose Pike Apt. 335,Theresaville,DE,24694
SHP_89354,Adrian,Griffith,adrian.griffith@gmail.com,(768)768-7037,545 Thornton Lights Suite 309,West Julie,MT,38232
SHP_66387,Melissa,Thompson,melissa.thompson@gmail.com,(716)455-8062x4755,2036 Burgess Divide Suite 510,West Rebeccachester,OH,64389
SHP_22999,Jonathan,Padilla,jonathan.padilla@hotmail.com,575-661-0958,9127 Liu Mall,West Sandra,NJ,80993
SHP_24996,Darrell,Sosa,darrell.sosa@hotmail.com,(776)605-3450x35816,618 Reyes Plaza,Bennetthaven,TN,49121
SHP_95814,Ruth,Ryan,ruth.ryan@yahoo.com,+1-740-447-7515x25662,02167 Vickie Way Apt. 476,Randallfort,AS,71441
SHP_95316,Jennifer,Harris,jennifer.harris@yahoo.com,9435370096,5195 Hoover Plains,West Donna,MN,95685
SHP_82264,Mathew,Roth,mathew.roth@hotmail.com,+1-829-557-8650x9525,000 John Plaza,North Kayleemouth,KY,14903
SHP_38183,Mario,Marsh,mario.marsh@gmail.com,+1-844-508-8331x83801,6912 Troy Park Apt. 980,Port Emilyburgh,GA,04145
SHP_66370,Anthony,Harris,anthony.harris@yahoo.com,+1-254-895-0050x7026,10531 Mcneil Creek,Marshallchester,PR,70850
SHP_69186,Denise,Morgan,denise.morgan@yahoo.com,(516)550-7778x162,7525 Anderson View Suite 963,Kendraborough,OH,23292
SHP_39949,Jeremy,Hoffman,jeremy.hoffman@yahoo.com,955-308-4289x107,918 William Expressway,Port Jamiestad,GA,95967
SHP_64239,Brandon,Guzman,brandon.guzman@hotmail.com,2718488466,40568 Bennett Ridges,Thomasburgh,IL,87770
SHP_54424,Nathan,Baker,nathan.baker@hotmail.com,001-730-260-0230x2865,24114 Anthony Lodge Suite 015,West Luisshire,OK,19069
SHP_69441,Lawrence,Burke,lawrence.burke@yahoo.com,+1-907-374-5447x08231,1995 Barbara Manor Suite 662,Whitemouth,UT,76027
SHP_62262,Janice,Dixon,janice.dixon@hotmail.com,843-453-5425,078 Mary Gateway Suite 751,Lake Kathy,WI,06185
SHP_64524,Denise,Sanchez,denise.sanchez@gmail.com,262.829.6775,793 Jenna Rue,Michealshire,AZ,34158
SHP_22463,Sarah,Norris,sarah.norris@yahoo.com,7617294510,7575 Lisa Knoll,West Ryanchester,CA,69294
SHP_50966,Karen,Jimenez,karen.jimenez@hotmail.com,987-601-5398,4191 Robbins Square,Dianeville,PR,16512
SHP_65936,Vanessa,Rowland,vanessa.rowland@yahoo.com,385-279-9252x34021,3697 Yang Haven Suite 774,Lake Kristin,GU,06259
SHP_50963,Victoria,Townsend,victoria.townsend@hotmail.com,001-208-203-1499x825,6358 Madison Spur,Rodgershaven,PR,23869
SHP_97177,Misty,Tyler,misty.tyler@gmail.com,+1-311-287-9619x20850,643 Marvin Station,Kimberlyhaven,NJ,98784
SHP_43408,Robert,Baker,robert.baker@gmail.com,818-728-7914,12033 Victoria Rapids Suite 669,Ericshire,LA,25258
SHP_59060,Crystal,Allen,crystal.allen@hotmail.com,9777358467,0188 Santiago Park Apt. 651,Aaronstad,NY,78386
SHP_30006,Susan,Austin,susan.austin@hotmail.com,431.573.9462x487,653 Michelle Shoals Suite 871,Jacquelinebury,KY,76064
SHP_72163,Gary,Kelley,gary.kelley@yahoo.com,001-338-741-2731x0638,049 Lewis Orchard,Lake Garyton,AK,83367
SHP_18799,Gregory,Ross,gregory.ross@yahoo.com,977.675.9358x61341,538 Susan Shoal,Haroldfort,PR,17576
SHP_21957,Brittany,Kim,brittany.kim@hotmail.com,001-369-557-8295,9168 Gonzalez Plains,New Wendy,NY,23129
SHP_21188,Holly,Werner,holly.werner@hotmail.com,(781)490-0415x89333,601 Zachary Island Apt. 029,Kristenfort,ID,68482
SHP_22219,Marissa,Anderson,marissa.anderson@hotmail.com,234.271.0645x9340,0965 Randy Gateway,West Edward,NC,29139
SHP_66606,Tammy,Mclaughlin,tammy.mclaughlin@hotmail.com,+1-773-320-3319x22270,87675 Mason Crest,New Phillip,WI,51033
SHP_22656,Stephen,Goodwin,stephen.goodwin@yahoo.com,5725476879,77311 Armstrong Trail,South Melissachester,WA,85484
SHP_58843,Sandra,Morris,sandra.morris@gmail.com,(576)799-2427x7392,23209 John Alley,South Christinabury,WV,23463
SHP_27054,Samantha,Sampson,samantha.sampson@hotmail.com,425-907-1293x6673,5901 Kayla Rapids,West Tracy,MT,74774
SHP_82924,Casey,Small,casey.small@yahoo.com,9303892331,1086 James Creek,Thomashaven,MP,91474
SHP_17861,Joshua,Castillo,joshua.castillo@gmail.com,001-659-918-1580x8499,627 Amy Curve Suite 886,West Elizabeth,OR,19865
SHP_86869,Jonathan,Riley,jonathan.riley@gmail.com,564-416-5057x14374,545 William Alley,South Christinechester,MS,53693
SHP_83608,Crystal,Montgomery,crystal.montgomery@yahoo.com,(443)261-6966,683 John Burg Suite 862,Combsberg,PW,21198
SHP_83620,Michael,Williams,michael.williams@yahoo.com,+1-964-609-7777,42272 Green Ramp Apt. 198,South Gary,IL,02859
SHP_53207,Katherine,Anderson,katherine.anderson@gmail.com,917-393-9538x430,6090 Jennifer Creek Suite 903,East Tina,IA,75105
SHP_97819,Lisa,Fisher,lisa.fisher@gmail.com,936-388-4157,918 Thompson Road,Bryanshire,MI,54722
SHP_26021,Sarah,Patterson,sarah.patterson@yahoo.com,807.826.0275x789,8053 Lee Centers,East James,PR,06158
SHP_63845,Rebecca,Flores,rebecca.flores@hotmail.com,(402)461-3409x731,667 Sullivan Islands,Dianamouth,IN,96954
SHP_56346,Lauren,Davis,lauren.davis@hotmail.com,001-339-744-2708x02147,953 Miller Manors,Davisfurt,MH,47098
SHP_97207,Richard,Williams,richard.williams@gmail.com,(757)787-2982,9495 Erickson Hills,Cabrerastad,MA,88818
SHP_65435,Diana,Carrillo,diana.carrillo@gmail.com,(397)292-7033x521,240 Benson Creek,Shannontown,MA,27896
SHP_16743,Deanna,Chambers,deanna.chambers@yahoo.com,8754576150,6588 William Vista Apt. 045,New Mary,CA,65413
SHP_47700,Jennifer,Davis,jennifer.davis@hotmail.com,(813)930-9190,6803 Thomas Keys Suite 113,Lake Kristenport,WA,08209
SHP_88696,Maria,Booth,maria.booth@yahoo.com,640.571.8533x1156,2875 Glenda Trail Suite 833,Robertsberg,DE,45671
SHP_50953,Jesus,Baker,jesus.baker@hotmail.com,001-336-218-3242,9947 Taylor Hollow,Benderhaven,ND,65223
SHP_56090,Kristin,Taylor,kristin.taylor@yahoo.com,576-599-9875x11948,3996 Tonya Inlet,Travisstad,TX,97512
SHP_23579,Jessica,Bartlett,jessica.bartlett@hotmail.com,001-811-822-5288x37505,632 Christine Orchard,Lake Jeremyfort,OH,60512
SHP_85748,Michael,Stein,michael.stein@hotmail.com,422.270.7343x32722,087 Douglas Mission,West Justin,TX,98078
SHP_76507,Alec,Kane,alec.kane@hotmail.com,249.212.3216,324 Amy Dam Suite 276,West Dylan,VI,06128
SHP_37884,Daniel,Spencer,daniel.spencer@gmail.com,001-702-470-3646x57610,37543 Torres Orchard Apt. 152,Rothtown,NM,39399
SHP_30280,Nicole,Matthews,nicole.matthews@hotmail.com,001-424-555-3815x1827,4295 William Ferry,Michaelmouth,TX,55394
SHP_96079,Christopher,Livingston,christopher.livingston@gmail.com,9397490445,2229 Cobb Wall Apt. 285,Lindseyton,GU,02074
SHP_73201,Theresa,Jacobson,theresa.jacobson@yahoo.com,+1-616-217-6880x2942,367 Gabriel Terrace,Hartfurt,MO,80090
SHP_39392,Mary,Terry,mary.terry@gmail.com,001-487-768-4865x5842,7685 Rogers Square,Skinnerport,ME,19053
SHP_24184,Thomas,Richards,thomas.richards@gmail.com,8303044964,939 Mackenzie Divide,Danielville,IL,96686
SHP_55890,Briana,Chung,briana.chung@gmail.com,(451)700-2279,988 Mason Ridge Suite 326,East Gregoryburgh,ME,06945
SHP_82910,Jonathan,Williams,jonathan.williams@hotmail.com,(265)695-1974x395,492 Brittany Harbors Suite 549,East Karenborough,CA,13332
SHP_58176,Joe,Perez,joe.perez@hotmail.com,(395)843-2324x69355,837 Olson Estate Apt. 439,Chasehaven,NY,72429
SHP_25058,Ian,Hood,ian.hood@yahoo.com,001-293-442-3305x68211,03808 Morrison Rest,South Justin,DE,30400
SHP_46512,Alexander,Smith,alexander.smith@hotmail.com,338.633.6736,7619 Mcclure Manor,Lake Jenniferside,CT,66708
SHP_85248,Teresa,Boyd,teresa.boyd@gmail.com,001-736-890-3628x9177,05634 Dan Lake Suite 034,New Daniel,IL,78765
SHP_39643,Patricia,Sawyer,patricia.sawyer@gmail.com,+1-286-792-8761x45359,042 Johns Ville Suite 178,South Donna,RI,53580
SHP_66244,Michael,Robinson,michael.robinson@gmail.com,(569)901-8736,74208 Williams Fall Apt. 912,Makaylaland,MO,84866
SHP_83526,Casey,Lopez,casey.lopez@gmail.com,(735)876-9136x47259,12289 Clark Islands Suite 143,North Danielleshire,KS,23918
SHP_91490,Sarah,Guzman,sarah.guzman@yahoo.com,001-781-348-8059,6746 Anderson Wells Apt. 730,South Johnport,NH,05502
SHP_90422,Sarah,Woods,sarah.woods@hotmail.com,8403953141,0783 Tony Spring Apt. 565,Port Sarahshire,AS,86829
SHP_98470,Laura,Russell,laura.russell@hotmail.com,+1-887-763-2052,7913 Sarah River,Robertshire,NM,44352
SHP_94239,Sean,Martinez,sean.martinez@yahoo.com,511-376-7412x4151,85478 Jasmine Island Apt. 618,Jamesside,TN,82562
SHP_82972,Pedro,Myers,pedro.myers@gmail.com,(638)723-9192x94787,6031 Gordon Views Suite 592,Harperport,NC,15438
SHP_13441,Anne,Johnson,anne.johnson@hotmail.com,001-382-847-7075,09863 Stevens Spur,New Deborah,CA,56025
SHP_89822,Victoria,Hill,victoria.hill@yahoo.com,(864)329-3064,83816 Turner Stream Apt. 895,Monicastad,ND,37776
SHP_96223,Jasmine,Holden,jasmine.holden@yahoo.com,001-358-461-5843x58149,67580 Michelle Loop Apt. 277,Lake Erictown,GA,06886
SHP_45054,Colin,Evans,colin.evans@gmail.com,001-285-349-1248x6680,3143 Murray Skyway Apt. 438,Lake Alexis,ME,39157
SHP_13794,Darlene,Mcmahon,darlene.mcmahon@hotmail.com,(548)274-8705x662,6094 Sims Well,West Alexville,DC,88684
SHP_33647,Melissa,Wells,melissa.wells@hotmail.com,001-527-812-5663,1718 Tyler Lake,Angelaton,CO,43507
SHP_45818,Deborah,Fields,deborah.fields@gmail.com,(340)347-6253x950,2558 Davenport Mountain,Padillaside,ND,23722
SHP_50499,Felicia,Swanson,felicia.swanson@hotmail.com,001-235-255-4464x66457,2057 Martin Hills,Norrisfort,IL,95179
SHP_54541,Bill,Ramirez,bill.ramirez@yahoo.com,454.989.5478x769,75889 John Grove Suite 498,West Sara,MD,31881
SHP_56009,Heidi,Gonzalez,heidi.gonzalez@gmail.com,223-534-5375x021,4133 Laura Fall,Karenmouth,NJ,63772
SHP_10800,Annette,Contreras,annette.contreras@gmail.com,+1-473-269-0789x4767,52141 Tammy Branch,Wilsonbury,KY,73983
SHP_33777,Lawrence,Alexander,lawrence.alexander@gmail.com,001-885-582-4305x5818,4365 Richardson Avenue,Richardsonberg,MO,80731
SHP_28776,Mary,Miller,mary.miller@yahoo.com,001-200-799-2177,86693 Madeline Landing Apt. 588,Port Jennifertown,WI,88179
SHP_84228,Charles,Lewis,charles.lewis@gmail.com,260.873.7715,80649 Brent Falls,South Jamesside,IN,93308
SHP_96159,Natalie,Moore,natalie.moore@hotmail.com,+1-558-997-2506x71322,031 Kyle Lock,Kellybury,PA,01809
SHP_62531,Elizabeth,Williams,elizabeth.williams@gmail.com,(232)285-2124,24174 Williams Locks Suite 988,West Shawn,NE,80341
SHP_19120,Angelica,Martin,angelica.martin@gmail.com,(245)369-3885x457,55492 Deborah Corners Apt. 555,Elizabethfort,SD,97171
SHP_28595,Caroline,Tucker,caroline.tucker@gmail.com,715.574.2696x9344,105 James Corner Apt. 155,South Michelleport,CA,83087
SHP_92991,John,Evans,john.evans@yahoo.com,(947)545-8033x5573,4746 Hector Center,East Brian,KS,40887
SHP_14018,Rebecca,Smith,rebecca.smith@yahoo.com,582-935-3277,5476 Samuel Mills Suite 735,Kyleville,LA,61862
SHP_22026,Rebecca,Bryant,rebecca.bryant@yahoo.com,9825670390,9914 Trevor Coves,North Joshuaville,ME,16526
SHP_79531,Sharon,White,sharon.white@yahoo.com,(461)353-9392x94270,13433 Samuel Mountains Suite 824,Kennedyborough,VT,74552
SHP_38197,Stacy,Moody,stacy.moody@gmail.com,299-378-0550x1443,67051 Gina Centers,Edwardsmouth,ID,46946
SHP_59308,Peter,Hernandez,peter.hernandez@hotmail.com,(896)807-1357,56951 Brenda Mountain Suite 943,Cherylmouth,NH,74106
SHP_65028,Renee,Stokes,renee.stokes@yahoo.com,+1-912-584-5373x2637,03544 Gay Park Suite 554,South Andre,OK,99821
SHP_69460,Brent,Cruz,brent.cruz@hotmail.com,(605)442-6024,73849 Moore Mission,Johnchester,OH,95170
SHP_54681,Stephanie,Diaz,stephanie.diaz@gmail.com,223-703-4899,431 Taylor Common Apt. 463,Port Charlesfurt,WV,96223
SHP_30631,Tracy,Vasquez,tracy.vasquez@hotmail.com,001-580-530-2492x300,87155 Victoria Flat Apt. 038,East Karenview,IL,14320
SHP_58503,Matthew,Lewis,matthew.lewis@yahoo.com,001-356-833-5368x53024,2364 James Stream Suite 750,New Hollymouth,GU,42239
SHP_50846,Kaylee,Walker,kaylee.walker@yahoo.com,476-947-2502,08405 Alan Plains,New Laurenfort,GA,24923
SHP_52517,Samantha,Kennedy,samantha.kennedy@gmail.com,(531)362-8329,58520 Chad Mountain,Trujillotown,NM,42310
SHP_84395,John,Oliver,john.oliver@yahoo.com,459.389.3347,81606 Hawkins Curve,New Meghan,AL,43828
SHP_88148,Krystal,Wolfe,krystal.wolfe@yahoo.com,586.848.1073x786,05796 Gardner Walk,Julialand,DE,98829
SHP_21135,Mark,Fox,mark.fox@hotmail.com,+1-972-985-4789x4109,713 Jessica Station,Riosfurt,MT,61496
SHP_16895,Ashley,Rush,ashley.rush@gmail.com,(325)845-2531x2183,27881 Wayne Lane Apt. 454,Lisaburgh,PR,02148
SHP_30392,Kyle,Ellis,kyle.ellis@gmail.com,001-382-317-7622x71581,7107 Briana Lakes,Reeseville,LA,50385
SHP_30632,Beth,Willis,beth.willis@hotmail.com,383.990.6767x27062,1020 Joseph Island,West Paulaview,PR,79852
SHP_90981,Michael,Hogan,michael.hogan@hotmail.com,+1-363-392-9212x533,654 Jenkins Trail Apt. 556,East Sethville,KY,69996
SHP_16522,Christopher,Nelson,christopher.nelson@gmail.com,+1-800-789-0660,088 Rodriguez Fields Suite 105,East Allisonberg,KY,05641
SHP_98338,Michael,Wilson,michael.wilson@hotmail.com,(937)793-7939,78380 Thomas Ford,Samuelville,RI,46212
SHP_20693,James,Kelley,james.kelley@yahoo.com,755-827-8762x6023,93099 Hicks Common Suite 078,Simpsonshire,MO,75146
SHP_45665,Joel,Jackson,joel.jackson@hotmail.com,(939)983-5844x617,64309 Green Glen,Carrville,HI,59067
SHP_68079,Erin,Stark,erin.stark@hotmail.com,001-312-474-3922x55174,147 Villanueva Coves Apt. 360,Lake Amberbury,OK,78912
SHP_96761,Jeffery,Rowe,jeffery.rowe@hotmail.com,822.367.2356x11943,5629 Grant Drive Apt. 553,New Sarahview,LA,40858
SHP_65576,Timothy,Estes,timothy.estes@hotmail.com,+1-329-288-4259x95996,231 Victor Springs,Morrisbury,WI,96530
SHP_73656,Jessica,Leblanc,jessica.leblanc@yahoo.com,717-504-9441,45183 Robin Forks Apt. 181,Prattton,ME,76945
SHP_89570,Monica,Long,monica.long@gmail.com,001-677-494-2921x01727,517 Rollins Street,Suttonchester,IA,11010
SHP_67939,Zachary,Lynch,zachary.lynch@yahoo.com,290-455-8753,49909 Brown Mountain Suite 202,Larsonhaven,RI,89922
SHP_64287,Melody,Stewart,melody.stewart@yahoo.com,001-678-421-4127,714 Nichole Isle Apt. 445,Moralesfort,AS,32910
SHP_45804,Joshua,Webster,joshua.webster@gmail.com,897.492.5198x627,8147 Flores Mount,South Jonathan,GA,59396
SHP_38255,Kristen,Johnson,kristen.johnson@gmail.com,(826)717-7135x38990,696 Ashley Well Suite 058,Lake Scottchester,PW,47027
SHP_77154,Michael,Clark,michael.clark@yahoo.com,366-726-6235,646 James Stream,East Elizabeth,NJ,10145
SHP_24918,Jonathon,Ramirez,jonathon.ramirez@gmail.com,+1-613-824-0621,35473 Thomas Extension,Marcfurt,ID,38615
SHP_55242,Steven,Cruz,steven.cruz@gmail.com,548.701.9858x94490,28540 Ruiz Drive Suite 373,Teresaburgh,NV,30487
SHP_66349,Nicole,Lewis,nicole.lewis@yahoo.com,8762280995,44084 Poole Mills Apt. 002,Petersonfort,OH,79856
SHP_24534,Steven,Green,steven.green@hotmail.com,(951)458-7097,58914 Christine Stream,Farrellstad,CO,10329
SHP_47125,Brian,Davies,brian.davies@gmail.com,001-265-722-3955,378 Thompson Camp,North Jessebury,AK,69503
SHP_98895,Melanie,Garner,melanie.garner@gmail.com,+1-320-313-0653x32396,4115 Virginia Lights Suite 465,East Christy,WI,49634
SHP_98930,Kyle,Velasquez,kyle.velasquez@yahoo.com,+1-759-300-7274,608 Garcia Cove Suite 407,Anthonyburgh,FM,20170
SHP_87743,Kim,Padilla,kim.padilla@yahoo.com,897-496-9781,7141 Norton Extensions Suite 597,North Seanburgh,PW,15048
SHP_73783,Sara,Sampson,sara.sampson@gmail.com,001-677-926-1568x49331,463 Kelly Manor Apt. 018,Larrytown,UT,21623
SHP_79066,Jimmy,Wagner,jimmy.wagner@hotmail.com,(867)748-7629,4456 Alexander Meadow,Fosterview,CO,78892
SHP_97442,Matthew,Fox,matthew.fox@yahoo.com,+1-665-935-2326x6000,110 Lisa Prairie,Madisonland,CO,79145
SHP_50425,Lindsay,Cook,lindsay.cook@hotmail.com,8193762134,6152 Carrillo Gateway Apt. 224,Williamshaven,CT,00817
SHP_15952,Bryan,Smith,bryan.smith@yahoo.com,+1-281-367-2919x3042,052 Perez Common Suite 656,Livingstonburgh,KY,14587
SHP_38903,Courtney,Duke,courtney.duke@hotmail.com,001-869-617-1591x204,6274 Jason Spring Suite 466,West Jennifer,WI,39868
SHP_61807,Lori,Cline,lori.cline@gmail.com,229-324-2195x973,85273 Davis Corners,Jenniferland,ID,33198
SHP_88554,Linda,Serrano,linda.serrano@yahoo.com,436.505.1713x6445,9979 Miller Hills Suite 125,Carriechester,PA,24852
SHP_17180,Walter,Miller,walter.miller@hotmail.com,001-479-213-6789x5379,96824 Travis Throughway Apt. 971,North Christopher,MD,97940
SHP_11007,Mallory,Ferguson,mallory.ferguson@gmail.com,905-354-4471,4265 Walters Point Apt. 091,Lake Timothy,MI,54464
SHP_36794,Chase,Lewis,chase.lewis@hotmail.com,001-552-800-2391x52313,140 Christopher Oval,East Johnside,PA,56396
SHP_49507,Kimberly,Rice,kimberly.rice@yahoo.com,4595779020,6842 Jackson Burgs,Barrettmouth,PR,58431
SHP_37686,Jessica,Miller,jessica.miller@gmail.com,9097776507,28219 Brian Coves Apt. 279,Deniseport,MA,14489
SHP_27987,Lauren,Costa,lauren.costa@yahoo.com,988.741.4574x7355,7163 Dyer Grove Suite 798,Youngland,WI,99703
SHP_43491,Brenda,Williams,brenda.williams@hotmail.com,421.913.8470x402,300 William Estates Suite 536,North Michael,VA,61114
SHP_47938,Tammy,Hernandez,tammy.hernandez@gmail.com,(631)807-8577,54201 April Lock,South Fred,IN,97901
SHP_53007,Melissa,Graves,melissa.graves@hotmail.com,449.940.0147,57763 Jeffrey Rue,South Lisaview,CT,78856
SHP_25726,Karen,Glenn,karen.glenn@hotmail.com,653.774.1260x0267,89420 Hernandez Ville Suite 887,Lake Sara,MP,21581
SHP_11013,Timothy,Higgins,timothy.higgins@gmail.com,262-582-3088,9887 Joseph Wall Apt. 192,Lake Leah,PR,98909
SHP_75193,George,Castillo,george.castillo@hotmail.com,001-748-405-7968x733,88976 Christopher Spur,Huffborough,AZ,21935
SHP_66446,Debbie,Henson,debbie.henson@gmail.com,677.720.4393,39519 Myers Plain,Millsmouth,UT,15327
SHP_33028,Nicholas,Smith,nicholas.smith@gmail.com,928-716-4416x1019,8464 Theresa Crossing,East Elizabethside,AL,18244
SHP_26932,David,Hall,david.hall@yahoo.com,(972)917-6189x89878,7513 Marshall Club Apt. 398,New Tashabury,RI,60331
SHP_59834,Walter,Klein,walter.klein@hotmail.com,(335)457-7543x72954,211 Lauren Square Suite 973,Moralesview,AL,97998
SHP_79806,Robert,Dixon,robert.dixon@gmail.com,+1-659-262-7838x77765,47145 Norma Mission,Donnatown,WI,17240
SHP_40161,Kevin,Key,kevin.key@gmail.com,+1-467-404-5023x2902,09345 Morrow Manor Apt. 282,West Natasha,DE,21783
SHP_75570,Robert,Cruz,robert.cruz@gmail.com,4742644399,10486 Simpson Fall Suite 787,Riveratown,NH,14273
SHP_83233,Cathy,Martinez,cathy.martinez@hotmail.com,+1-282-725-8140x1011,442 Robert Island,Lake Julieville,AZ,83457
SHP_97562,Jennifer,Harrison,jennifer.harrison@gmail.com,(806)802-1288,68341 Merritt Junction Apt. 015,Lozanomouth,WA,57607
SHP_56421,Michael,Gomez,michael.gomez@yahoo.com,881-476-1426,3677 Margaret Roads Apt. 108,North Crystalburgh,SD,52016
SHP_19447,Dominique,Pope,dominique.pope@gmail.com,7919491687,922 Bobby Wells Suite 416,Nelsonmouth,FM,34618
SHP_62044,Amanda,Stevens,amanda.stevens@hotmail.com,001-887-508-5289,6416 Raymond Island Suite 543,Littlefurt,ND,32827
SHP_15544,Kristin,Arnold,kristin.arnold@hotmail.com,714.960.1047,14301 Malone Coves Apt. 658,New Michael,DC,59298
SHP_67176,Scott,Gray,scott.gray@yahoo.com,001-253-381-1595x76721,620 Watson Vista,Linville,AS,20773
SHP_12456,Donna,Acosta,donna.acosta@hotmail.com,(567)860-0427x098,8943 Kimberly Passage Apt. 536,West Scott,PW,83141
SHP_70260,Amanda,Blackburn,amanda.blackburn@gmail.com,001-528-551-5533x34264,27160 Dillon Walk Apt. 607,Rossborough,WI,50374
SHP_20205,Timothy,Cooley,timothy.cooley@gmail.com,303.617.5438x0274,726 Fernando Extensions Suite 468,Zavalamouth,HI,73246
SHP_51033,Richard,Shaw,richard.shaw@yahoo.com,9745198387,798 Medina Cliff,North Marieburgh,GU,57994
SHP_85465,Heather,Foster,heather.foster@yahoo.com,869-367-1603x5696,6228 Norris Crossing Suite 129,South Lindsey,MN,50417
SHP_66267,Donna,Dominguez,donna.dominguez@yahoo.com,001-454-802-3134,699 Murray Forges,Steventon,CT,55869
SHP_85156,Brandon,Smith,brandon.smith@hotmail.com,2987786972,101 John Land Apt. 048,Timothyshire,NM,93537
SHP_63008,Norma,Jones,norma.jones@hotmail.com,+1-264-605-3767,1061 Michelle Viaduct,Douglaston,MO,08578
SHP_93904,Jeremy,Thompson,jeremy.thompson@gmail.com,+1-568-894-9542x76293,40728 Kimberly Ridges,Cherylville,SC,87935
SHP_64747,Jerome,Smith,jerome.smith@yahoo.com,875.634.7474,30554 David Estate,Veronicahaven,MH,28284
SHP_47947,Bruce,Terrell,bruce.terrell@gmail.com,355.404.9357x814,0153 Susan Pike Suite 928,Port Brenda,PA,16797
SHP_25096,Diana,Foster,diana.foster@hotmail.com,724.523.8849x696,710 Eric Estate,Carlsonfurt,MS,78605
SHP_63088,Pamela,Sawyer,pamela.sawyer@gmail.com,001-569-497-8193,10018 Jensen Walks Apt. 184,Warrenborough,WI,46580
SHP_12733,Elizabeth,Salazar,elizabeth.salazar@yahoo.com,+1-915-311-6131x489,1462 Sarah Street Apt. 371,East Melissa,MO,56257
SHP_52568,James,Davis,james.davis@yahoo.com,(566)970-1065x133,2473 Scott Wall,North Deniseside,MP,02435
SHP_32527,Stephanie,Rodriguez,stephanie.rodriguez@gmail.com,001-968-288-1078x63201,78176 John Stravenue,West Matthew,NC,71839
SHP_91018,Erika,Fowler,erika.fowler@hotmail.com,832-568-4232,4690 James Loaf Apt. 105,Millermouth,IA,23568
SHP_70305,Andrew,Ball,andrew.ball@yahoo.com,(860)769-5085x26106,326 Crawford Way Apt. 412,Alexisview,ID,75055
SHP_57428,Sherry,Parker,sherry.parker@hotmail.com,+1-532-540-6424x2956,24474 Tracy Prairie Suite 587,North Stephanie,OR,51052
SHP_21551,Christine,Nichols,christine.nichols@yahoo.com,430-237-6777,5038 White Radial,North Jennifer,MO,47966
SHP_67240,Ellen,Romero,ellen.romero@gmail.com,(342)235-7332x214,296 Francis Village Apt. 706,Ericabury,NV,80532
SHP_23875,Alexander,Cabrera,alexander.cabrera@hotmail.com,(863)674-0685,2157 Keith Ridge Suite 665,Robertborough,PA,67335
SHP_41891,Brittany,Eaton,brittany.eaton@yahoo.com,568-660-5257,30838 Jorge Via Apt. 091,Michelleview,GA,21885
SHP_67104,David,Porter,david.porter@gmail.com,218-916-2504x309,336 Garcia Unions Apt. 651,Villanuevastad,VT,41777
SHP_87184,Corey,Rivas,corey.rivas@gmail.com,001-638-659-5143x46823,27300 Burke Loaf,North Darrylfurt,NY,26985
SHP_62487,Elizabeth,White,elizabeth.white@yahoo.com,6863665622,8784 Kennedy Village Apt. 290,West Alexis,MT,14768
SHP_78676,Rebecca,Shelton,rebecca.shelton@gmail.com,367-219-9927x5237,295 Lee Cliffs,Bellton,MN,27227
SHP_20308,Justin,Barrera,justin.barrera@yahoo.com,(925)392-6349,1345 William Alley Suite 617,Carlsonhaven,SD,05469
SHP_61873,Laura,Reilly,laura.reilly@yahoo.com,001-266-880-8950x491,3171 Bartlett Springs,Hansenburgh,CO,82518
SHP_50668,Timothy,Dixon,timothy.dixon@hotmail.com,551-600-7471x6470,2479 Emily Track,Samanthaville,OK,52666
SHP_54500,Vincent,Hall,vincent.hall@gmail.com,+1-925-586-2638x08692,08737 Cobb Extensions,Kylebury,AS,42261
SHP_39041,Jessica,Hayden,jessica.hayden@hotmail.com,(387)873-8363,21269 Barber Pike Suite 642,East Natashaberg,MN,95167
SHP_53655,David,Rodriguez,david.rodriguez@hotmail.com,798.537.4279x1533,34996 Knapp Station,Woodfurt,TX,23926
SHP_32037,Alex,Lewis,alex.lewis@gmail.com,395-807-6140x48687,3382 Brian Falls,North Christineville,KY,79527
SHP_20011,Wesley,Sparks,wesley.sparks@hotmail.com,(513)831-5792x082,62017 Brittany Islands Apt. 266,Lake Annachester,OR,55979
SHP_76910,Eric,Wilson,eric.wilson@hotmail.com,799-808-2133,72366 Brown Hills,South Christopherborough,UT,72309
SHP_92998,Mary,Johnson,mary.johnson@yahoo.com,+1-426-269-9295x039,84431 Julie Canyon,Pamelaville,ID,99169
SHP_24945,George,Jordan,george.jordan@yahoo.com,001-849-286-4786x86237,844 Green Pass,South Lori,OH,12110
SHP_79547,Zachary,Cooley,zachary.cooley@gmail.com,647-638-1471x7259,39890 Wallace Divide,Lisaview,NY,20769
SHP_76840,Angela,Lang,angela.lang@gmail.com,001-449-323-6705x111,510 Michael Groves Apt. 405,Port Rebeccaburgh,WI,44296
SHP_35415,Erica,Zhang,erica.zhang@gmail.com,820-862-2609x31642,16140 James Avenue,South Christophermouth,DE,79414
SHP_55793,Lori,Allen,lori.allen@gmail.com,711-784-0654,5245 Ashley Cove Suite 143,Franklinview,MI,60115
SHP_56019,Steve,Smith,steve.smith@gmail.com,850-582-3783x852,325 Roberson Wells Suite 899,Port Kimberly,DE,58094
SHP_94599,Dylan,Garcia,dylan.garcia@yahoo.com,+1-892-976-5160x35008,6256 Lee Squares Apt. 384,Lake Tammy,KY,03050
SHP_29358,Wayne,White,wayne.white@hotmail.com,+1-523-312-6043x2609,6843 Matthew Neck,New Ronaldton,ME,14926
SHP_40968,Joseph,Clark,joseph.clark@hotmail.com,+1-244-799-7804x810,4636 Miller Rapids Suite 645,Dawnbury,MT,83712
SHP_23474,George,Gibson,george.gibson@hotmail.com,769-542-2292,87576 Tracy Landing Suite 224,Maryhaven,VI,31375
SHP_29194,Melissa,Allen,melissa.allen@gmail.com,001-360-630-2472,14065 Andrew Mission Suite 473,Lopezmouth,NC,87175
SHP_43550,Andrea,Gaines,andrea.gaines@gmail.com,+1-775-308-1677,24539 Harris Forge,North Franklin,VA,15655
SHP_35856,Kimberly,Johnson,kimberly.johnson@hotmail.com,001-384-420-6197,004 Smith Valleys,Alanborough,AS,80513
SHP_32740,Gabrielle,Berry,gabrielle.berry@yahoo.com,349.834.7688x9386,877 Parker Stream,Alexandraton,ND,38893
SHP_88957,Jonathan,Wall,jonathan.wall@gmail.com,566-458-8339x87411,797 Kimberly Loaf Suite 349,Brownton,SC,45418
SHP_30036,Sarah,Mann,sarah.mann@gmail.com,758.200.9998x66924,49048 Adkins Key Suite 543,Stephaniemouth,IA,50531
SHP_95918,Steve,Morrow,steve.morrow@hotmail.com,379-900-8898x7673,814 Cantrell Light Apt. 696,New Thomasport,OR,38971
SHP_19876,Mark,Huff,mark.huff@gmail.com,+1-445-399-0802x7112,315 Morgan Loop,Karenfort,MO,71949
SHP_33218,Tony,Sharp,tony.sharp@gmail.com,+1-574-914-6566,0437 Kathy Motorway,Christopherbury,MN,31879
SHP_92306,Jessica,Rice,jessica.rice@gmail.com,444-717-0646,0263 Morgan Springs Apt. 430,South Nicholaschester,WY,37173
SHP_74764,Tammy,Higgins,tammy.higgins@gmail.com,001-458-886-8102x53129,54780 Anna Path Apt. 401,Paulmouth,PA,61691
SHP_70811,Douglas,Lawrence,douglas.lawrence@gmail.com,643-927-0185x1067,7922 Gill Shores Suite 251,Hughesfurt,MA,71410
SHP_83889,Katherine,Mccoy,katherine.mccoy@hotmail.com,257-275-0297x599,18195 Michael Plains,Sarahshire,IN,95116
SHP_85952,Jacqueline,Murphy,jacqueline.murphy@gmail.com,295.283.3265,81848 Dana Hills,Carolineton,IA,89035
SHP_68838,Kimberly,Woodard,kimberly.woodard@hotmail.com,+1-706-320-7098x679,16585 Doyle Track Suite 754,Sheliaville,SC,97790
SHP_99277,Andrea,Williams,andrea.williams@gmail.com,623-862-2033x4742,104 Elizabeth Station,Gordonfurt,WY,71315
SHP_83989,Alicia,Miles,alicia.miles@yahoo.com,9532910371,650 Rice Street Apt. 413,North Jessicaside,MS,25333
SHP_94278,Christopher,Newman,christopher.newman@hotmail.com,(350)939-4750x55777,12434 Clark Gateway Apt. 157,Anthonyshire,FL,60719
SHP_93269,Vanessa,Sosa,vanessa.sosa@gmail.com,456.955.1519,410 Washington Passage Suite 883,Omarmouth,UT,70264
SHP_91857,Larry,Fisher,larry.fisher@yahoo.com,967.741.6371x20631,97760 Jorge Passage Suite 081,Lake Kimberlyview,AS,10917
SHP_52363,David,Reyes,david.reyes@gmail.com,9369460098,56448 Day Mission Suite 886,East Ashleymouth,RI,06627
SHP_92210,Vickie,Vargas,vickie.vargas@gmail.com,824-627-5090x16153,16230 Mary Avenue Apt. 452,New Karenborough,MD,00937
SHP_51436,Matthew,Walker,matthew.walker@yahoo.com,+1-860-874-2990x74729,79967 Anna Plaza Suite 474,Ginashire,LA,53667
SHP_29786,Jennifer,Riley,jennifer.riley@yahoo.com,404-852-6580x29033,5849 Clay Groves Suite 403,Kaylaburgh,RI,41989
SHP_67640,Christine,Walters,christine.walters@gmail.com,358-695-9635x53872,0082 Meza Prairie Apt. 003,Underwoodchester,KS,61132
SHP_18950,Jack,Davis,jack.davis@gmail.com,001-773-727-7264x883,522 Jackson Ville Suite 251,Wilsonhaven,MD,64628
SHP_71462,Cynthia,Martin,cynthia.martin@yahoo.com,473-662-8053,004 Garrett Neck,Crystalville,OR,51946
SHP_67961,Michael,Chavez,michael.chavez@gmail.com,(625)604-4605,625 Elizabeth Walks,Troyhaven,HI,55208
SHP_92756,Michael,Allison,michael.allison@yahoo.com,001-759-261-1449,0002 Mitchell Junctions,Goldenview,VI,54393
SHP_49691,Robert,Hicks,robert.hicks@yahoo.com,+1-889-822-2731x27915,349 Christopher Radial,South Christopherborough,PW,95500
SHP_46002,Christopher,Lopez,christopher.lopez@yahoo.com,(771)255-5650x46765,0572 Nicholas Haven Suite 483,New Davidtown,NJ,55819
SHP_87518,Anne,Torres,anne.torres@hotmail.com,847.316.9361x75682,155 Samantha Roads Suite 570,West Emilyville,NM,25353
SHP_17362,Jennifer,Knight,jennifer.knight@hotmail.com,001-884-643-7662x7728,932 Joe River,South Lisa,CT,29108
SHP_56129,Matthew,Nicholson,matthew.nicholson@hotmail.com,(334)287-1832x95060,2761 Glenn Ways Apt. 743,Christianhaven,VI,35263
SHP_76497,Terry,Foster,terry.foster@hotmail.com,6133684658,9227 Melendez Glens,New Stephanieshire,CO,14641
SHP_19724,Eric,Clay,eric.clay@yahoo.com,+1-558-439-9856x41913,2686 Joseph Dale Apt. 989,West Johnport,NC,01166
SHP_50685,Debbie,Lin,debbie.lin@yahoo.com,001-546-383-3971,9135 Sarah Loop,Cindyland,NY,39133
SHP_70521,John,Mcconnell,john.mcconnell@yahoo.com,+1-666-518-6957x240,4125 Tamara Shoals Apt. 795,Daviston,NM,64751
SHP_69233,Taylor,Martinez,taylor.martinez@gmail.com,(260)672-8757x5483,96415 Julie Grove Apt. 562,New Brandonbury,LA,40443
SHP_14929,Dale,Leon,dale.leon@hotmail.com,616.882.8982x1824,63629 Smith Pike,Castanedaport,SD,91782
SHP_17456,Kathleen,Murray,kathleen.murray@hotmail.com,350-300-0001x529,1785 Kristin Summit,Lake Edwardstad,MD,50183
SHP_58331,Cory,Ferguson,cory.ferguson@hotmail.com,5032468616,28672 Sarah Drive Apt. 095,South Patricia,MT,95061
SHP_47627,Matthew,Bailey,matthew.bailey@yahoo.com,+1-648-687-6970x42202,890 Jennifer Station Suite 024,East Susanville,PR,67092
SHP_20057,Destiny,Fisher,destiny.fisher@hotmail.com,568.312.8117,2156 Tyrone Point,North Laura,IN,36631
SHP_94497,Christopher,Peters,christopher.peters@hotmail.com,2173187297,8315 Jackson Well,Jacobfurt,AR,49559
SHP_21835,Justin,Blanchard,justin.blanchard@yahoo.com,773-227-9805,100 Roberts Springs,West Kendra,AL,27143
SHP_90610,Jennifer,Myers,jennifer.myers@yahoo.com,+1-957-329-3417x22329,4338 Yvette Knolls Suite 522,Port Brycechester,DE,81446
SHP_87867,Tyler,Taylor,tyler.taylor@yahoo.com,001-607-769-7693x8051,690 Sarah Path,East Kathleenton,NM,45332
SHP_76462,Kristina,Palmer,kristina.palmer@hotmail.com,+1-334-913-4570,3433 Campbell Mountains Suite 553,New Mitchellfort,MT,13890
SHP_60394,Donald,Taylor,donald.taylor@hotmail.com,(281)759-4747x05311,309 Crawford Flats,Montgomeryport,DC,12908
SHP_70648,Michele,Thomas,michele.thomas@gmail.com,270-650-7578,941 Kimberly Grove Apt. 887,Williamsbury,FL,55638
SHP_86064,Denise,Casey,denise.casey@yahoo.com,(252)846-7193,3908 Gomez Junctions Apt. 243,Elizabethstad,PW,15371
SHP_82655,Joshua,King,joshua.king@yahoo.com,636-444-4329x691,007 Frederick Mills,Robbinsbury,MD,21106
SHP_15376,Brittany,Thomas,brittany.thomas@yahoo.com,595-527-9713x2031,33733 Davis Club,Port Kyle,IN,16004
SHP_68947,Carlos,King,carlos.king@yahoo.com,668-514-7248x7777,39372 Mendoza River Suite 740,Webbville,SC,31119
SHP_84928,Christina,Khan,christina.khan@yahoo.com,858.978.7340x53867,37379 Giles View Apt. 803,Ramosville,VT,75872
SHP_95437,Richard,Jackson,richard.jackson@gmail.com,(887)477-7014x972,95696 Hamilton Overpass,Harrismouth,PA,47951
SHP_34672,Jonathan,Smith,jonathan.smith@yahoo.com,635.873.8275x71628,5582 Barbara Lakes,North Martinstad,DC,62047
SHP_52143,Rita,Watson,rita.watson@yahoo.com,+1-835-774-9016x26888,123 Sanchez Courts Suite 214,Amychester,AZ,95804
SHP_89299,David,Andrews,david.andrews@gmail.com,(931)572-7206x55194,62026 James Point Suite 725,Lake Amy,ID,15109
SHP_72341,Lisa,Shaffer,lisa.shaffer@gmail.com,001-347-992-1903x287,560 Zuniga Mountains,West Amandahaven,CA,48314
SHP_75715,Katherine,Shaw,katherine.shaw@yahoo.com,(757)789-0662,143 William Mews,Bradleyport,CO,64276
SHP_29773,Roberto,Cox,roberto.cox@gmail.com,838.274.0299x0716,22481 Flores Way Apt. 034,East Briantown,RI,48104
SHP_18109,Nathan,Anderson,nathan.anderson@hotmail.com,+1-316-440-9891x0390,302 Taylor Rest,Matthewborough,WI,60803
SHP_69050,Jodi,Stevens,jodi.stevens@hotmail.com,586-541-4537,602 Haley Glen Apt. 251,West Tammy,NH,91672
SHP_23566,Adam,Carter,adam.carter@gmail.com,382-206-8204,54847 Rose Knolls,Avilafort,PA,59099
SHP_55015,Julie,Nelson,julie.nelson@yahoo.com,(960)423-1064x079,228 Curry Inlet Apt. 734,Wandafort,OK,97605
SHP_21053,Jacob,Torres,jacob.torres@yahoo.com,(713)357-1606x2900,463 Johnson Lane Apt. 196,Aguirreton,NV,58108
SHP_76132,Alyssa,Morrow,alyssa.morrow@gmail.com,(402)744-2997x958,21466 Anthony Fords,Stevenhaven,MH,56261
SHP_94689,Crystal,Palmer,crystal.palmer@hotmail.com,001-929-282-7433x330,2047 Mcdonald Crossing,Hubbardbury,UT,11733
SHP_32617,Kyle,Holmes,kyle.holmes@hotmail.com,976.538.9560,4774 Francis Common Apt. 084,New Monica,OR,07504
SHP_15130,Jennifer,Coleman,jennifer.coleman@yahoo.com,837.252.4310,11907 John Cape,Gonzalesside,IL,99379
SHP_42472,Caroline,Foley,caroline.foley@hotmail.com,001-606-690-4398x78889,60269 Ashley Lakes Suite 052,New Aliciatown,HI,00617
SHP_67377,William,French,william.french@hotmail.com,5345448077,3653 Vargas Plaza Suite 683,West Bradleyburgh,FM,52725
SHP_67595,Morgan,Owen,morgan.owen@yahoo.com,801.771.9910,745 Christina Rest,Evansland,FM,55996
SHP_78690,Marc,Hinton,marc.hinton@hotmail.com,+1-968-706-6643x0673,78736 Kathryn Court,Williammouth,NH,34204
SHP_78517,Kimberly,Hopkins,kimberly.hopkins@yahoo.com,477-604-5865,0260 Adrian Pine Apt. 133,Thomasside,LA,63195
SHP_89928,Derek,Williams,derek.williams@gmail.com,+1-359-610-1570x9085,207 Aguilar Expressway Suite 999,Wangshire,AS,49766
SHP_30807,Sarah,Rhodes,sarah.rhodes@gmail.com,685-856-7395x387,1133 Gonzalez Prairie Apt. 175,Stevenview,DC,09375
SHP_57696,Edward,Cook,edward.cook@yahoo.com,(672)292-9907x2267,015 Garcia Path Apt. 738,Lamberthaven,IL,31512
SHP_58870,Charles,Palmer,charles.palmer@gmail.com,497.422.8736x92122,71016 Sanchez Falls Suite 482,East Aaron,GA,37404
SHP_47079,Lisa,Williams,lisa.williams@hotmail.com,661.330.1446,94103 Snyder Pines Apt. 693,Lake Jessica,WI,95278
SHP_60779,Rose,Wise,rose.wise@hotmail.com,+1-658-910-4573x46694,387 Julie Turnpike,Davidshire,AK,86901
SHP_63578,Brandy,Harrell,brandy.harrell@yahoo.com,8473882556,240 Angela Skyway,Dennisberg,NV,84206
SHP_54350,Megan,Newton,megan.newton@gmail.com,+1-504-969-9811x721,61671 Pruitt Mountains,Port Tyler,FL,19499
SHP_98984,Nathan,Romero,nathan.romero@gmail.com,(873)765-4749,168 Tiffany Shore Suite 436,North Michael,OH,82957
SHP_88366,Donna,Prince,donna.prince@hotmail.com,(867)624-9806x39379,4121 Nancy Pass Suite 098,Smithborough,LA,99305
SHP_16863,Mark,Walker,mark.walker@hotmail.com,001-467-408-4886x8656,822 Jennifer Alley Apt. 832,West Jason,NE,67341
SHP_92691,Sharon,Cummings,sharon.cummings@hotmail.com,3357911014,38829 Robert Mills,South Pattyland,IL,02009
SHP_94843,Rodney,Gates,rodney.gates@gmail.com,001-345-894-0609,655 Cooke Point,Washingtonberg,VI,60009
SHP_53863,Christopher,Davis,christopher.davis@gmail.com,+1-874-952-7193,6463 John Turnpike Apt. 074,Lake Valerieville,WY,76207
SHP_18639,Ashley,Bean,ashley.bean@gmail.com,(815)434-2151,6262 Benton Village Suite 843,Aaronville,HI,56202
SHP_53213,Darius,Carroll,darius.carroll@yahoo.com,(510)966-4676,76069 Anderson Square Apt. 225,Tamarabury,OH,36562
SHP_22387,Johnathan,Mitchell,johnathan.mitchell@yahoo.com,(627)511-3037x915,58908 Carter Creek,South Chadborough,ME,47476
SHP_83133,Jason,Orozco,jason.orozco@hotmail.com,(975)767-6594x86378,711 Dominguez Haven Apt. 870,Gonzalezfort,SC,70921
SHP_98916,Robert,Harris,robert.harris@yahoo.com,600-427-0314,101 Bradley Rapid Apt. 053,Williamsshire,NY,88079
SHP_60667,Brett,Bridges,brett.bridges@yahoo.com,5583015283,609 Bethany Lock,Lake Karen,NC,95910
SHP_47243,Amy,Avila,amy.avila@yahoo.com,391.906.5735,4693 Martinez Wells Apt. 140,East Rhondabury,ID,11875
SHP_43029,Heather,King,heather.king@gmail.com,001-407-244-3297,21237 Diane Drives,New Walter,ND,80147
SHP_96057,Michael,Gonzalez,michael.gonzalez@yahoo.com,450.892.6925,5154 Alexandra Plains,Lake Gregory,TX,66989
SHP_88997,Joy,Hampton,joy.hampton@yahoo.com,393.677.1258x28488,65991 Edwards Viaduct Suite 446,Katrinaberg,IA,77070
SHP_29709,Samantha,Martin,samantha.martin@gmail.com,(383)838-9888,12075 Vazquez Dam Suite 985,Lake Kevin,WA,16045
SHP_53694,April,Hall,april.hall@yahoo.com,281.552.6064x490,79446 Williamson Wells,Heatherchester,MH,11134
SHP_20682,Alyssa,Gallegos,alyssa.gallegos@hotmail.com,(656)872-6208,92543 Mclaughlin Common Suite 282,East Molly,AL,99457
SHP_86380,Martha,Wells,martha.wells@gmail.com,801-473-1073x0414,4016 King Trace,East Derekview,MH,94687
SHP_96980,Anthony,Jones,anthony.jones@gmail.com,(231)512-9047x270,513 Michael Burg,Johntown,IN,34301
SHP_28537,Lawrence,Patterson,lawrence.patterson@gmail.com,001-429-695-9110,350 Dustin Mills,Jamesfurt,PA,38496
SHP_55851,Joel,Callahan,joel.callahan@hotmail.com,001-248-303-7361,96226 Emily Summit,Lake Bettyshire,WA,73097
SHP_50662,Francis,Mcclain,francis.mcclain@hotmail.com,001-402-472-4198x756,7342 Joseph Wall Suite 774,Garcialand,TN,03941
SHP_95990,Michael,Wagner,michael.wagner@gmail.com,(871)772-6625,6070 Christopher Walks,Danielbury,AL,50055
SHP_96787,Patricia,Holloway,patricia.holloway@gmail.com,579-672-0385,53641 Carter Coves,Mariaborough,CT,28890
SHP_61374,Joseph,Romero,joseph.romero@gmail.com,(327)997-6530,09345 Hill View Suite 523,North Amber,AZ,23794
SHP_26901,Joshua,Ayers,joshua.ayers@hotmail.com,001-605-674-1793x215,874 Zachary Lodge,New Chelseatown,PW,44660
SHP_87993,Christina,Hansen,christina.hansen@yahoo.com,365-322-8735,8634 Joshua Points Suite 774,Everettborough,OR,58929
SHP_21104,Glenn,Cox,glenn.cox@yahoo.com,001-797-724-5971,327 Smith Crescent Suite 491,Loweborough,SC,24472
SHP_50577,Melissa,Ford,melissa.ford@hotmail.com,(753)265-2053x90504,0928 Brandon Prairie Suite 559,Kathyland,DC,10467
SHP_83259,Tony,Zuniga,tony.zuniga@yahoo.com,(834)961-5121,089 Williams Brooks Suite 658,Shawburgh,VT,41190
SHP_59372,Brian,Silva,brian.silva@yahoo.com,548.654.5017x0759,682 Wallace Lodge Suite 451,North Rachel,PA,30520
SHP_94343,Justin,Johnson,justin.johnson@hotmail.com,883.892.0530x21465,011 Barber Points,Michaelview,IN,79978
SHP_53054,Roy,Martinez,roy.martinez@gmail.com,545.752.5971x07563,7485 Hale Crossroad,Kimberlyshire,PW,30506
SHP_26750,Michael,Harris,michael.harris@hotmail.com,+1-669-859-6335x04915,1890 Marc Plains,West Todd,VT,89776
SHP_97833,Laura,Wright,laura.wright@yahoo.com,(521)749-4069,07868 Fuentes Falls,East Garyville,KY,33222
SHP_99838,Alfred,Patel,alfred.patel@yahoo.com,4083484086,233 Ochoa Grove,Millerfurt,NH,74556
SHP_78995,Derrick,Ortiz,derrick.ortiz@gmail.com,001-590-846-0082,269 Isaiah Spur Apt. 209,Brooksmouth,TX,03563
SHP_22249,Jessica,Padilla,jessica.padilla@hotmail.com,654-417-9394x31491,4409 Ford Loaf,West Renee,OH,47782
SHP_94675,Charles,King,charles.king@hotmail.com,001-939-472-5529x06069,273 Copeland Cape Suite 515,New Craigville,WY,71593
SHP_97878,Kevin,Barron,kevin.barron@gmail.com,(869)811-5340x52426,8699 Brent Mountain Apt. 816,West Dannybury,NM,77863
SHP_65496,Christopher,Park,christopher.park@hotmail.com,8019123301,5673 Jeffrey Stream Apt. 684,West Johnport,MO,22765
SHP_76648,Katherine,Russell,katherine.russell@gmail.com,001-823-399-8213x7455,0428 Shepard Canyon,Crystalmouth,IA,65037
SHP_57425,Samantha,Smith,samantha.smith@gmail.com,001-727-687-2338x4173,1722 Jessica Spur Apt. 556,New Reneeport,MA,50189
SHP_12389,Kent,Bishop,kent.bishop@yahoo.com,(460)511-4310,02973 Vargas Springs,Lake Shellymouth,FM,82817
SHP_57526,Karen,Acosta,karen.acosta@hotmail.com,8828267990,028 Ward Stravenue Apt. 839,Stephenchester,ME,53258
SHP_50483,Nicholas,Quinn,nicholas.quinn@hotmail.com,321.970.4668x708,11671 Joe Greens Suite 583,Drakeside,AL,98509
SHP_33627,Michael,Wagner,michael.wagner@yahoo.com,+1-479-637-6392x8369,5116 Wagner Drive Suite 327,East Davidview,WV,73190
SHP_38074,Tracy,Johnson,tracy.johnson@gmail.com,001-510-427-3663x2567,348 Adams Forest,South Elizabethtown,AS,13088
SHP_54791,Donna,Mahoney,donna.mahoney@gmail.com,8382278742,5484 Koch Passage Apt. 453,Angelaborough,AR,77803
SHP_73736,Kelly,Mendez,kelly.mendez@yahoo.com,(903)575-1420x8596,66431 Kim Pines Apt. 365,Justinview,UT,32652
SHP_35166,Kathy,Vasquez,kathy.vasquez@hotmail.com,001-268-710-3903x397,582 Lewis Plain,Lake Julieport,KY,73411
SHP_39693,Keith,Rivera,keith.rivera@gmail.com,+1-447-202-6915x46669,297 David Terrace Apt. 187,New Natashabury,IL,40159
SHP_28030,Albert,Evans,albert.evans@yahoo.com,+1-312-606-1268x7370,877 Rebecca Spurs Suite 892,Petersville,VA,19544
SHP_30308,James,Lin,james.lin@hotmail.com,+1-407-338-4243,351 Wilson Walk Apt. 461,North Patrick,OK,33435
SHP_20114,Deanna,Powell,deanna.powell@yahoo.com,(980)754-0406,1509 Christine Trafficway,Jenkinsbury,DC,10988
SHP_48770,Kristina,Castillo,kristina.castillo@hotmail.com,846-917-3274x3076,001 Marshall Skyway Suite 699,Jamesshire,MS,03578
SHP_23256,Jesse,Reyes,jesse.reyes@hotmail.com,411-683-9093x424,6283 Ortiz Flats,Emilyside,PA,30657
SHP_76543,John,Jones,john.jones@yahoo.com,+1-597-773-6772x4434,787 Cassandra Way Suite 571,Rebeccaport,IN,68465
SHP_80748,Michele,West,michele.west@gmail.com,975-384-1262x2761,5674 Bell Cape,Brownstad,NM,55916
SHP_79013,Lisa,Miller,lisa.miller@hotmail.com,701.959.5919x457,4758 Jeremy Extension Apt. 567,Nguyenfurt,NH,61369
SHP_14947,Cory,Barker,cory.barker@hotmail.com,001-975-868-3267x0456,8654 Lloyd Walk,East Jared,AR,25708
SHP_96760,Jennifer,Anderson,jennifer.anderson@hotmail.com,853.413.6859x3152,074 Jonathan Greens,North Cynthia,DE,02496
SHP_54140,Justin,Nelson,justin.nelson@hotmail.com,396.988.2489x323,487 Rodriguez Divide Apt. 314,Brooksport,TX,68308
SHP_91006,Gina,Glover,gina.glover@hotmail.com,226.296.3351,478 Mathis Dale Apt. 772,Martinezhaven,NC,94144
SHP_27176,Daniel,Garcia,daniel.garcia@gmail.com,288.999.3756x79825,6112 Collins Motorway,New Timothy,NJ,13296
SHP_88282,Tammy,Nunez,tammy.nunez@gmail.com,289.712.1397x436,557 Vargas Inlet Apt. 842,Port Robertchester,OK,84076
SHP_59377,Jennifer,Bird,jennifer.bird@gmail.com,882-880-1745x469,4897 Shawna Avenue,East Jaredland,GU,93464
SHP_30218,Michael,Herrera,michael.herrera@yahoo.com,(948)371-5161,397 Lawrence Forest Apt. 563,Hernandezmouth,MD,41919
SHP_31266,Dana,Harris,dana.harris@yahoo.com,+1-876-233-8123x5433,03760 Dana Camp Suite 073,Youngfurt,MT,70897
SHP_33703,Kim,Butler,kim.butler@yahoo.com,+1-946-522-5223x7281,02346 Sims Road,Port Danaland,LA,11734
SHP_91885,Corey,Buchanan,corey.buchanan@yahoo.com,001-686-906-2536x13818,7711 Monica Wall Apt. 933,North Stacey,NV,82713
SHP_31697,David,Cochran,david.cochran@hotmail.com,634-786-4010x42462,85174 Russell Burg Suite 521,New Carrie,PR,13624
SHP_67366,Mark,Johnston,mark.johnston@gmail.com,484-852-1661x223,622 Ryan Inlet Apt. 316,Saraburgh,AZ,55505
SHP_15726,Samuel,Short,samuel.short@hotmail.com,001-497-921-5406x4176,81199 Allen Vista Suite 660,Port Kaylaview,MH,33487
SHP_63852,Danielle,Shepard,danielle.shepard@yahoo.com,+1-533-527-2795x687,785 Samantha Creek,Port Amyhaven,ID,75566
SHP_57749,Marcus,Hill,marcus.hill@hotmail.com,001-458-475-6744x363,032 Moses Mission Suite 817,Lake David,GU,52613
SHP_98652,Kristin,Perry,kristin.perry@hotmail.com,961-561-6054x3370,1274 Smith Rest Suite 312,South Kristineport,PR,00554
SHP_41133,Bradley,Davis,bradley.davis@hotmail.com,+1-776-507-9046x6005,949 Tiffany Grove,Lake Debraland,MN,81447
SHP_68222,Linda,Rodriguez,linda.rodriguez@hotmail.com,516-248-4977x97383,44357 Adams Mountains Apt. 505,South Anthony,WV,61756
SHP_90031,Derrick,Barnes,derrick.barnes@gmail.com,+1-865-706-4330x5406,8268 Stephen Junction,Farmerbury,PW,82371
SHP_47346,Johnny,Collier,johnny.collier@hotmail.com,001-971-374-9095x52980,653 Caleb Route Apt. 911,Bowersside,MT,98458
SHP_68841,Timothy,Henson,timothy.henson@hotmail.com,828-480-2895x7213,495 Juan Hollow,South Gabriela,WI,30132
SHP_40671,Patrick,Marquez,patrick.marquez@hotmail.com,(353)890-0543,040 Garrison Divide Apt. 240,Kirkchester,VT,55577
SHP_79993,Katelyn,Black,katelyn.black@gmail.com,+1-314-905-1325,4708 Gutierrez Ports,Laurafurt,NH,13619
SHP_41348,Nicole,Evans,nicole.evans@yahoo.com,001-573-916-1424x17001,42338 Mathew Manor,Lake Samuel,WV,34975
SHP_50562,Amanda,Gibson,amanda.gibson@gmail.com,7685229046,809 Vincent Green Suite 621,Port Jesuschester,DE,22211
SHP_71474,Victoria,Walker,victoria.walker@gmail.com,740-670-8063x139,7845 Julia Fords,East Alexandraland,SC,13707
SHP_35430,Harry,Jefferson,harry.jefferson@gmail.com,892.761.4293,218 Brown Mews Apt. 159,Novakmouth,AK,83616
SHP_58213,Rick,Gonzales,rick.gonzales@yahoo.com,645-454-9444,72683 Laura Ford Suite 833,Nunezstad,UT,59141
SHP_98907,Chris,Beck,chris.beck@yahoo.com,308-336-2898,0079 Fernandez Vista Suite 153,Cunninghamport,LA,48713
SHP_84766,Sheryl,Pena,sheryl.pena@yahoo.com,923.681.3705,37622 Farrell Isle,Davidmouth,DC,47703
SHP_67749,Julia,Jones,julia.jones@gmail.com,9722483516,37756 Schmidt Meadows,Briannaview,MO,63369
SHP_70513,Joseph,Reed,joseph.reed@yahoo.com,681.324.8346x10434,8332 Lucas Corner Suite 986,Monicastad,DE,02933
SHP_46932,Kim,Sosa,kim.sosa@yahoo.com,418.673.1785x29764,519 Richard Oval Suite 869,South Jacqueline,LA,21570
SHP_60052,Jessica,Brown,jessica.brown@gmail.com,614-826-5626x160,00724 Yoder Loaf Apt. 531,New Jacqueline,WV,69828
SHP_75916,Stephen,Brown,stephen.brown@gmail.com,845-281-9153x1875,594 Flores Locks,Smithbury,IN,89897
SHP_79135,Shane,Glass,shane.glass@hotmail.com,+1-795-352-7177x4490,7005 Jones Way Apt. 998,Fordside,WY,97352
SHP_64874,Meredith,Marshall,meredith.marshall@gmail.com,5687409642,0793 Kimberly Way Apt. 082,Port Nicole,KY,89814
SHP_31241,Sean,Atkinson,sean.atkinson@hotmail.com,(426)408-2300x746,0614 Melanie Drive Apt. 466,Kristinaside,AS,72404
SHP_36174,Vanessa,Heath,vanessa.heath@hotmail.com,647-403-4899x31926,74494 Carr Pass,Webbshire,DC,97507
SHP_89254,Carl,Fields,carl.fields@gmail.com,(503)344-6945x964,34249 David Pike,Riverashire,PA,36839
SHP_28140,Tyler,Kline,tyler.kline@gmail.com,7455098063,50162 Anderson Cliff,West Meganshire,KY,50028
SHP_42768,Ryan,Stewart,ryan.stewart@hotmail.com,(968)581-4539x24133,64081 Collins Points,Port Tammietown,NC,39382
SHP_16839,Derek,Neal,derek.neal@gmail.com,715-367-4305,6365 Kimberly Ports,South Paulfort,CT,37736
SHP_94040,Emily,Perkins,emily.perkins@hotmail.com,320-498-7694,415 Michael Locks Apt. 914,Port Kevin,ND,89564
SHP_72991,Travis,Hudson,travis.hudson@yahoo.com,+1-920-745-2227x794,2664 Mark Crescent Suite 541,Port Ashley,UT,35742
SHP_58655,Robert,Rojas,robert.rojas@gmail.com,447.596.5338x8088,36613 Richard Streets,New Kimberly,NY,32941
SHP_82684,Karen,Maddox,karen.maddox@yahoo.com,001-881-574-2496x3233,522 Megan Grove Apt. 672,Allisonfurt,OR,94328
SHP_23446,Keith,Jackson,keith.jackson@yahoo.com,001-222-354-9203x693,015 Steven Coves Apt. 722,Collinsland,KS,64902
SHP_77621,Brittany,Jones,brittany.jones@yahoo.com,263-611-5553,004 Elizabeth Grove Apt. 481,North Karen,MP,62782
SHP_26341,Crystal,Smith,crystal.smith@yahoo.com,856-342-4581x97239,2226 Ricardo Freeway,South Katie,AZ,48633
SHP_47363,Brian,Sims,brian.sims@hotmail.com,738-904-0325x376,277 Norton Shores Apt. 191,Port Anthonyton,PR,01970
SHP_20993,Jason,Allen,jason.allen@yahoo.com,(269)391-9578,7667 Williams Mission,Port Christophertown,NH,22160
SHP_31012,Deborah,Johnson,deborah.johnson@gmail.com,720-644-8207x001,5162 Daniel Street,New Elizabethshire,WI,69347
SHP_45755,April,Hayes,april.hayes@hotmail.com,001-954-627-0209x455,99043 Daniel Manors Apt. 077,Frankmouth,MA,33094
SHP_68893,Shawn,Schultz,shawn.schultz@hotmail.com,5682640356,3924 Buck Landing Apt. 538,Hurstborough,MP,02757
SHP_77286,Ryan,Jennings,ryan.jennings@gmail.com,4169583737,907 William Common Apt. 342,Lake David,WV,10433
SHP_29313,Christopher,Davis,christopher.davis@yahoo.com,401-691-5402,4204 Lee Shores,North Erica,VT,24949
SHP_67340,Kelly,Simmons,kelly.simmons@yahoo.com,001-803-376-4747,1221 Williams Throughway,Lake Autumn,TX,53593
SHP_22021,Lindsey,Elliott,lindsey.elliott@gmail.com,770.819.8277x179,587 Kim Drives Apt. 774,Lancestad,MP,49993
SHP_39102,Carla,Mcbride,carla.mcbride@gmail.com,(666)843-2239,12898 Donna Cove,Christinaside,MA,30382
SHP_69130,Jessica,Aguilar,jessica.aguilar@gmail.com,9823764127,759 Bryan Ways Suite 202,Carrburgh,ID,17171
SHP_55820,Jared,Gilbert,jared.gilbert@hotmail.com,+1-457-574-0271x927,055 Nichols Ridges,Jamesside,ND,03740
SHP_13495,Michelle,Montgomery,michelle.montgomery@hotmail.com,+1-588-831-1496,8444 Diane Drive Apt. 917,South Dylanberg,SC,15049
SHP_64381,Daisy,Hooper,daisy.hooper@yahoo.com,(467)279-8300,43307 Cunningham Brook,Lake Christopherland,MP,47736
SHP_16980,Richard,Kim,richard.kim@gmail.com,280.248.0812x72746,15663 Terri Union,North Jessicahaven,KY,71891
SHP_61964,Monica,Johnson,monica.johnson@gmail.com,+1-327-836-9219,710 Foster Ports Suite 793,East Angelashire,DC,61272
SHP_75799,Chris,Fernandez,chris.fernandez@gmail.com,9913448965,400 David Village,Kyleside,NM,28995
SHP_59015,Casey,Marshall,casey.marshall@yahoo.com,001-945-718-7053x49493,83206 Jesse Key Apt. 506,Daltonhaven,IA,55527
SHP_40903,Chelsea,Henry,chelsea.henry@yahoo.com,2102069774,18325 James Way Apt. 806,North Alishamouth,WY,32439
SHP_60615,Gary,Cantu,gary.cantu@gmail.com,567-574-7731,117 Dwayne Mountain Apt. 935,Ashleybury,FL,90596
SHP_20696,Jerry,Richards,jerry.richards@yahoo.com,(436)921-3055x7826,879 Miller Forks Apt. 562,West Robinfort,MA,65229
SHP_59140,Cassandra,Henry,cassandra.henry@yahoo.com,(809)433-7732x86478,28405 Cooper Drives Apt. 272,Smithfort,ND,52777
SHP_39430,Thomas,Foster,thomas.foster@hotmail.com,8148621445,9140 Vargas Streets,New Raymond,NH,90082
SHP_13694,Donald,Davis,donald.davis@yahoo.com,(912)519-9975x25470,944 Anderson Landing Apt. 212,New Vanessastad,UT,42501
SHP_51770,Kristen,Schaefer,kristen.schaefer@hotmail.com,001-261-557-4236x8378,71865 Stephen Lodge Apt. 204,Morganmouth,MS,42118
SHP_22987,Joann,Knight,joann.knight@gmail.com,001-698-989-5377,304 Fuentes Camp Suite 837,Carolinehaven,NE,05839
SHP_95191,Suzanne,Vaughn,suzanne.vaughn@yahoo.com,836-671-3695x9440,097 Parsons Forks,Jefferyborough,RI,33351
SHP_53947,Joe,Park,joe.park@yahoo.com,+1-856-766-6832x7238,42201 Douglas Oval Suite 212,Daltonchester,RI,24067
SHP_29142,Jennifer,Neal,jennifer.neal@yahoo.com,451-730-4770x666,93037 Robinson Key,West Matthew,MI,02599
SHP_28035,Randy,Henry,randy.henry@yahoo.com,(916)608-3402,393 Browning Ridge,Ramirezborough,MN,29203
SHP_15020,Rebekah,Anderson,rebekah.anderson@hotmail.com,514-315-3078x300,9103 Jones Points Apt. 436,Wilsonport,SD,16149
SHP_47601,Eileen,Becker,eileen.becker@gmail.com,(669)226-9870x108,209 Michelle Square Apt. 435,Lake Christopher,MN,52153
SHP_71925,Jodi,Cannon,jodi.cannon@hotmail.com,715.455.0570,799 Zachary Station,Joseport,MN,67229
SHP_28191,Nancy,Ryan,nancy.ryan@gmail.com,828.856.0539x70798,7067 Rachel Path,Port Laura,MN,00796
SHP_71487,Brian,Jordan,brian.jordan@gmail.com,943.482.9135x39411,2933 Steven Meadows Apt. 363,North Michaelfurt,SD,80183
SHP_68799,Alex,Hudson,alex.hudson@yahoo.com,+1-426-796-2012x028,50559 Aguilar Ford,Stricklandberg,AL,52681
SHP_90654,Stacey,Palmer,stacey.palmer@hotmail.com,(269)510-3934x810,5393 Cynthia Inlet,East Christopher,MN,76855
SHP_10688,Isabella,Weaver,isabella.weaver@gmail.com,870-946-2265,1825 Gregory Plain Suite 823,Port Andrewport,NH,88777
SHP_20384,Amber,Hammond,amber.hammond@gmail.com,(439)726-6937x063,13928 Kevin Tunnel,Adrianberg,AZ,55287
SHP_12490,Carrie,Robinson,carrie.robinson@yahoo.com,329-661-8446x267,283 Crystal Grove Apt. 598,South Lorraine,MD,57337
SHP_43544,Richard,Cole,richard.cole@hotmail.com,001-831-630-6671x2378,83645 Miles Plains,South John,PA,47898
SHP_38266,Roy,Mcmahon,roy.mcmahon@yahoo.com,677.280.5292,553 Simmons Terrace Suite 845,New Kristenberg,FL,43787
SHP_29597,Jennifer,Tanner,jennifer.tanner@hotmail.com,902.949.1169x934,2974 Alexander Fords Apt. 721,Bridgesburgh,CA,85427
SHP_81932,Tiffany,Ball,tiffany.ball@hotmail.com,(226)615-7696,25417 Stephanie Tunnel Suite 084,Lake Drew,UT,63434
SHP_89807,Linda,Fowler,linda.fowler@gmail.com,001-234-346-7212x48987,43859 Jones Passage Suite 984,Emilyville,FL,03315
SHP_79176,Michelle,Palmer,michelle.palmer@hotmail.com,203.715.3888x24527,0433 Jason Track,Jameshaven,KS,77456
SHP_65476,Samantha,Rice,samantha.rice@yahoo.com,(996)976-7149x83864,129 Bennett Overpass,Penningtonton,SD,18281
SHP_24573,Gilbert,Koch,gilbert.koch@gmail.com,895.480.9015x17489,68673 Davies Garden,Calebstad,GA,33117
SHP_47762,Wendy,Patterson,wendy.patterson@yahoo.com,+1-896-577-7619x20297,5557 Cummings Cove Apt. 667,North Ricardostad,ID,44447
SHP_41147,Steven,Carroll,steven.carroll@gmail.com,001-420-813-5834x229,95254 Mayer Mill Apt. 813,Andersonberg,NV,56072
SHP_49472,Lawrence,Fields,lawrence.fields@gmail.com,001-751-697-3822,632 Lawrence Ridges,New Veronica,LA,93689
SHP_25970,Wayne,Hoffman,wayne.hoffman@gmail.com,6556126764,3270 Jenkins Glens,Kellyview,AS,33687
SHP_16258,Elizabeth,Rojas,elizabeth.rojas@gmail.com,+1-642-649-1626x31777,21242 Lisa Underpass,Leehaven,CO,88077
SHP_41252,Billy,Johnson,billy.johnson@hotmail.com,001-984-333-6113,151 Benson Isle,Port Ashley,AS,41008
SHP_65027,Andres,Barr,andres.barr@yahoo.com,(583)389-0309x1436,57432 Harris Camp,Lake Carly,NV,97396
SHP_93748,Leah,Mckinney,leah.mckinney@yahoo.com,454-227-2447x53987,8292 Tammie Ridge,West Erica,VA,88908
SHP_91633,Lauren,Allen,lauren.allen@gmail.com,798.413.8815x88144,67323 April Road,Jonesside,CO,97198
SHP_69914,Douglas,Ellison,douglas.ellison@gmail.com,757.262.3623x91613,8552 Hatfield Passage,Crosbyton,NC,70734
SHP_18232,Jamie,Scott,jamie.scott@gmail.com,(988)355-1088x921,748 Sanchez Junction,Mitchellfurt,UT,01957
SHP_24530,Justin,Hayes,justin.hayes@yahoo.com,+1-703-222-3477x146,555 Neal Canyon,North Blake,DE,62139
SHP_75513,Walter,Vargas,walter.vargas@hotmail.com,586-617-5686,496 Contreras Extension Apt. 069,West Kim,NC,32037
SHP_88215,Larry,Mcintosh,larry.mcintosh@hotmail.com,001-220-954-8885,57916 Donna River,Port Timothyfort,GA,54932
SHP_80261,Thomas,Mitchell,thomas.mitchell@yahoo.com,936.489.5796,1051 Austin Village Apt. 070,South Angelastad,AK,95726
SHP_12154,Laura,Crawford,laura.crawford@yahoo.com,508.581.5302,7705 Anne Prairie,West Jim,ME,13755
SHP_92831,Ernest,Moore,ernest.moore@hotmail.com,+1-993-738-7300x6032,77564 Andrew Ramp Suite 520,Martinezmouth,PA,36215
SHP_77551,Kevin,Foster,kevin.foster@gmail.com,(684)963-9855,55379 Smith Square Apt. 097,North Emilychester,OH,91791
SHP_85372,Douglas,Mcdonald,douglas.mcdonald@hotmail.com,558.201.5846x6879,28532 White Throughway,Jordanside,AS,85350
SHP_41711,Michael,Brown,michael.brown@yahoo.com,901.336.3249x3845,669 Maria Radial Apt. 504,Millerfurt,CT,63209
SHP_28818,Martha,Paul,martha.paul@gmail.com,+1-256-230-2750,56619 Newman Brook,Paulville,OH,34718
SHP_48177,Billy,Dominguez,billy.dominguez@gmail.com,(572)998-9820x541,291 Samuel Locks,Jessefurt,RI,44307
SHP_66261,Charles,Compton,charles.compton@hotmail.com,477-885-2892,82422 Donovan Fork,Staceyhaven,MH,37731
SHP_10205,Sharon,Keller,sharon.keller@gmail.com,366.699.3617x327,391 Hall Valley Suite 145,Roberttown,NE,87983
SHP_90584,Teresa,Walker,teresa.walker@gmail.com,+1-613-398-4949,248 Susan Expressway,Millermouth,ND,53632
SHP_56244,Garrett,Flowers,garrett.flowers@hotmail.com,+1-768-507-0423x5731,69921 Lucas Inlet,Cortezstad,AL,62010
SHP_41531,Valerie,Knapp,valerie.knapp@gmail.com,001-730-209-7154x759,36721 Mary Light,Hubbardhaven,CA,36811
SHP_84798,Andrew,Hamilton,andrew.hamilton@hotmail.com,+1-276-836-3625x1660,92732 Andre Fall Suite 842,Lake Samuelstad,GU,22598
SHP_64600,Dennis,George,dennis.george@hotmail.com,347-567-1922x47822,8807 Davis Crossroad,Port Timothy,NE,87637
SHP_34551,Stephen,Rodriguez,stephen.rodriguez@gmail.com,297-428-5802,646 Sarah Curve,South Zachary,NM,70510
SHP_97080,Megan,Jones,megan.jones@gmail.com,806-530-4079,389 Jacob Ford Suite 187,Andreport,IL,46178
SHP_97584,Richard,House,richard.house@hotmail.com,7727669318,186 Mike Rapid,Sarahborough,OR,35084
SHP_21221,Wendy,Rice,wendy.rice@hotmail.com,9182451462,281 Skinner Parkways Apt. 252,New Mariotown,DE,48077
SHP_78614,Katherine,Martin,katherine.martin@hotmail.com,923-471-0672,0416 Cortez Springs Suite 859,Anneburgh,FL,38537
SHP_57265,Manuel,Wells,manuel.wells@yahoo.com,001-408-450-7491x139,9649 Amy Drive,Hoffmanland,IA,72435
SHP_18870,Roger,Hayes,roger.hayes@hotmail.com,828.515.6130x2327,9497 Teresa View,Longmouth,TX,91510
SHP_78951,Pamela,Nguyen,pamela.nguyen@yahoo.com,(473)585-7368x011,37681 Erin Plaza Suite 233,West Collin,KS,02034
SHP_81313,Justin,Bradley,justin.bradley@gmail.com,(751)573-0717,633 Carrie Squares Apt. 026,Patricialand,OH,05466
SHP_76496,Curtis,Johnson,curtis.johnson@hotmail.com,465.770.5356x325,87165 Nicole Point,Lake Scott,KS,05561
SHP_76535,William,Hendricks,william.hendricks@yahoo.com,001-486-571-9713x209,677 Evan Springs,Dillonberg,IN,21430
SHP_82633,Kenneth,Case,kenneth.case@hotmail.com,827.338.4887,59482 Arias Track,Harperton,FM,73024
SHP_12665,Connor,Stewart,connor.stewart@gmail.com,944.309.6617,498 Amy Stream,Port Richardside,FL,13201
SHP_61177,Adam,Wells,adam.wells@yahoo.com,419.291.2011x162,6419 Denise Street Apt. 970,Mcgeeton,ME,80667
SHP_71621,Cassandra,Charles,cassandra.charles@hotmail.com,902.992.7120x539,75298 David Burgs,East Laurafurt,VA,95673
SHP_15706,John,Brown,john.brown@gmail.com,(557)781-4963x55019,10158 Wood Mills,North Lisa,NJ,08042
SHP_93318,Victoria,Rivera,victoria.rivera@yahoo.com,671-453-6398,21040 Patel Greens Apt. 206,Williamston,LA,08276
SHP_60709,Amy,Young,amy.young@hotmail.com,+1-819-371-9975x81724,965 Newman Circle,East Lisashire,MH,99458
SHP_58929,Hayley,Anderson,hayley.anderson@yahoo.com,(534)552-6362x8862,0444 Cox Stravenue Apt. 434,Sarahland,CA,14296
SHP_43246,James,Sandoval,james.sandoval@hotmail.com,+1-828-786-1957x6122,975 Pierce Islands,Robertchester,GU,95641
SHP_12128,Henry,Odom,henry.odom@hotmail.com,+1-371-862-5626x6578,4580 Wesley Curve Suite 021,North Reneeburgh,ID,95553
SHP_56805,Donna,Patterson,donna.patterson@gmail.com,+1-827-981-3624x804,338 Brandy Turnpike Apt. 278,Woodwardburgh,TX,51002
SHP_18855,Jasmine,Myers,jasmine.myers@gmail.com,288-335-6347x1688,1086 Richardson Canyon Suite 500,East Mitchell,VA,40208
SHP_55193,Michael,Harris,michael.harris@gmail.com,301-500-7163,35677 Brown Stravenue,East Vanessa,DC,08067
SHP_41604,Troy,Thomas,troy.thomas@yahoo.com,+1-273-974-2142x0942,4158 Jones Station,Douglaston,VI,87337
SHP_96127,William,Alexander,william.alexander@gmail.com,+1-616-490-3503,2895 Joshua Highway,Lisaville,SC,10561
SHP_92346,Timothy,Thompson,timothy.thompson@yahoo.com,001-498-570-9126x67173,9713 Kirsten Union,Lake Theresa,CA,87736
SHP_23587,Monica,Duarte,monica.duarte@yahoo.com,001-226-848-1638x4936,8530 Andrew Common,South Andrea,MS,79286
SHP_86271,Lucas,Martinez,lucas.martinez@yahoo.com,4119939103,55136 Audrey Spurs Suite 818,North Justinton,FM,18278
SHP_53583,James,Martinez,james.martinez@yahoo.com,+1-767-906-0558x173,16250 Terry Radial,West Karen,MO,40118
SHP_27486,Jonathan,French,jonathan.french@yahoo.com,3338365641,09270 Dixon Roads,Schmidtland,AZ,90081
SHP_15811,Robert,Sanchez,robert.sanchez@gmail.com,6379417271,096 Jacob Well Apt. 158,Port Jacobhaven,AS,62215
SHP_56176,David,Anderson,david.anderson@gmail.com,774.687.4779x3599,356 Walton Fall,Duaneton,MP,11020
SHP_81567,Allison,Peterson,allison.peterson@gmail.com,523.203.5821x7263,480 Gilmore Common,East Kelseyhaven,AK,40161
SHP_54374,Dennis,Glass,dennis.glass@gmail.com,914-923-1154,9988 Christian Wall,North Nicholas,AZ,41676
SHP_94252,Jeffrey,Henderson,jeffrey.henderson@yahoo.com,908-891-2059x944,22562 Amanda Mall,Lake Alexisside,ND,05521
SHP_32949,Lori,Mueller,lori.mueller@yahoo.com,(494)629-9211,3506 Weaver Extension Apt. 993,Taylorville,CT,18641
SHP_99742,Kendra,Mccall,kendra.mccall@gmail.com,+1-987-481-5141,4016 Jill Way Apt. 955,Sabrinahaven,NJ,06974
SHP_70899,Louis,Johnston,louis.johnston@yahoo.com,483-621-3054,1119 James Knoll,Michelletown,OK,39010
SHP_72722,Steven,Mullins,steven.mullins@gmail.com,(636)621-9865x5049,076 Petty Spur Suite 933,Cooperport,SD,79736
SHP_92802,Kari,Novak,kari.novak@gmail.com,(966)819-7399x641,0779 Perkins Extensions Apt. 032,Pamelafurt,MS,25986
SHP_33891,Sydney,Brock,sydney.brock@yahoo.com,750.507.9616,7842 Henry Manor Suite 919,South Jameschester,OR,44236
SHP_27675,Robin,Fisher,robin.fisher@yahoo.com,001-482-768-1056,6803 Kent Extension,Stewartfurt,IN,42082
SHP_18270,Natasha,Hunter,natasha.hunter@gmail.com,474-836-7152x83264,66400 Jose Cove,Powellstad,NE,93714
SHP_69988,Deanna,Tate,deanna.tate@hotmail.com,631-287-6395,20267 Richards Cove,South Joann,VI,00736
SHP_14847,Jasmine,Howell,jasmine.howell@gmail.com,717.473.2685x7810,68631 Watson Shore Suite 676,Fernandeztown,MD,97619
SHP_48462,Derrick,Hernandez,derrick.hernandez@gmail.com,(465)358-1166,21382 Wells Lake Apt. 552,East Krystalchester,WV,21477
SHP_36422,Elizabeth,Miller,elizabeth.miller@gmail.com,259-475-9033,39109 Thomas Spring Suite 104,Rickyton,VA,53368
SHP_15741,Timothy,Graves,timothy.graves@hotmail.com,001-662-735-1182x224,527 Rodriguez Club,North Michael,VA,59360
SHP_36144,Chad,Anderson,chad.anderson@hotmail.com,5377191275,1421 Robert Spring Apt. 206,Carlyton,AL,94498
SHP_15492,John,Blair,john.blair@yahoo.com,879-288-9425x65290,02032 Morris Ports,Webbstad,ID,82907
SHP_51365,Annette,Perry,annette.perry@gmail.com,001-548-373-6826x91163,26865 Robert Rapid Suite 551,Wayneside,MO,30005
SHP_50642,Michael,Ramirez,michael.ramirez@hotmail.com,+1-606-458-4181x743,944 Harris Green,New Valerie,CA,80653
SHP_77552,Thomas,Fisher,thomas.fisher@yahoo.com,9846337241,782 Jenkins Plains,South Gloriaville,TN,55330
SHP_62196,Wanda,Herrera,wanda.herrera@hotmail.com,001-639-803-1696,026 Carter Points Suite 117,Alvaradochester,DE,19816
SHP_81176,Tina,Cantrell,tina.cantrell@hotmail.com,(309)425-1920,33297 Marie Ports Apt. 795,New Regina,MA,70693
SHP_72049,Bobby,Riley,bobby.riley@yahoo.com,511.721.8167x932,330 Nelson Haven,Tanyachester,MA,62508
SHP_43202,Justin,Hudson,justin.hudson@hotmail.com,(962)324-7760x38280,24588 Nelson Roads,Riosbury,PA,79537
SHP_14799,George,Medina,george.medina@yahoo.com,(650)446-4717,8840 Graham Corner Apt. 450,North Ryanton,AS,13676
SHP_94790,Christie,Hill,christie.hill@yahoo.com,678.351.3113x9840,771 Arnold Centers,South Emilyberg,DE,18846
SHP_35048,Peter,Glenn,peter.glenn@yahoo.com,001-525-210-3153x08703,6776 Spencer Point,Dennischester,LA,12267
SHP_47501,Nicole,Stewart,nicole.stewart@gmail.com,(754)345-8479,49901 Johnson Wells Apt. 544,Melissachester,GA,85588
SHP_56789,Tyler,Wolf,tyler.wolf@yahoo.com,(685)981-0191,628 Amy Roads Suite 308,East William,ME,18331
SHP_16265,Kimberly,Garcia,kimberly.garcia@yahoo.com,(711)240-8682,29462 Mary Ramp Apt. 556,Port Judytown,AS,28631
SHP_95948,Brooke,Aguilar,brooke.aguilar@gmail.com,+1-970-414-2620x370,60204 Melissa Plains,East Mikeshire,NY,78550
SHP_53506,Anna,Martinez,anna.martinez@gmail.com,(343)909-3535x215,466 Shelby Meadows,Lake Jonathan,CT,47416
SHP_45811,Robin,Miller,robin.miller@gmail.com,217.888.2426x55946,27237 Shannon Parkway,East Nicolebury,NJ,89539
SHP_26315,Susan,Smith,susan.smith@hotmail.com,+1-729-578-0678x2465,222 David Passage,South Cindyborough,WY,42476
SHP_58237,Robert,Lopez,robert.lopez@gmail.com,221-312-0291x3813,480 Christine Rapids Apt. 888,New Noahchester,ME,47747
SHP_67272,Sara,Terry,sara.terry@gmail.com,(804)315-0024x13505,136 William Way,South Dylan,IN,83214
SHP_62431,Deborah,Davis,deborah.davis@yahoo.com,5475012592,78568 Shawn Rapids Suite 505,South Stephaniebury,UT,74268
SHP_67637,Robert,Dixon,robert.dixon@hotmail.com,(485)874-9110x667,87939 Medina Island Apt. 770,East Joshuaborough,FM,14855
SHP_60678,Joseph,Nelson,joseph.nelson@hotmail.com,347-648-4856x9445,57299 Jonathan Light,South Calebborough,WY,76435
SHP_54438,Angelica,Thompson,angelica.thompson@gmail.com,627-400-0867x64369,519 Gina Bridge Suite 891,North Erinshire,GU,32792
SHP_34486,Kyle,Garcia,kyle.garcia@yahoo.com,001-722-880-3514,7574 Christina Mews,South Vincentburgh,VT,57861
SHP_75038,James,Snyder,james.snyder@yahoo.com,536-456-0267x41216,9622 Rhonda Roads Suite 248,Jeffchester,VA,97033
SHP_75211,Tara,Webster,tara.webster@hotmail.com,+1-529-975-1702x81406,50939 Kimberly Trafficway Suite 301,Rhodesland,NY,52198
SHP_58148,Jesse,Phillips,jesse.phillips@gmail.com,386.520.6612x681,7317 Jacqueline Inlet Suite 037,Tinamouth,NE,74107
SHP_78062,Jeffrey,Kelly,jeffrey.kelly@hotmail.com,+1-905-681-0801x533,6702 Henry Pass,Jonesmouth,MS,48449
SHP_44959,Brian,Hughes,brian.hughes@hotmail.com,830-698-1079,3794 Baird Roads Suite 727,Jeffreyport,SC,96311
SHP_20828,Curtis,Barber,curtis.barber@yahoo.com,217-408-2922,39002 Williams Tunnel Apt. 474,Thompsonshire,AR,93338
SHP_65640,Thomas,Leon,thomas.leon@yahoo.com,737.280.9319x34220,0176 Stephen Park Suite 570,West Jeremy,AK,20917
SHP_20345,Laura,West,laura.west@hotmail.com,4827319617,844 Stephanie Crest,West Michaelland,HI,71634
SHP_66440,Laura,Ferguson,laura.ferguson@gmail.com,001-957-216-2984x754,646 Joseph Ports,Wyatthaven,VI,83093
SHP_88964,Kathleen,Ware,kathleen.ware@gmail.com,(247)908-8704x4916,27587 Oneal Divide,West Brandonton,WI,78377
SHP_33652,Samantha,Hogan,samantha.hogan@gmail.com,(894)412-3280,94185 Peterson Harbors Apt. 892,Amberhaven,FM,31831
SHP_81496,Michael,Monroe,michael.monroe@hotmail.com,(774)766-2167,6058 Tran Ridges Apt. 763,East Cassandraview,AZ,68049
SHP_48504,Diane,Brooks,diane.brooks@yahoo.com,+1-609-912-3753x028,039 Banks Mission Apt. 243,Floresport,AZ,46629
SHP_52101,Cynthia,Ramirez,cynthia.ramirez@hotmail.com,+1-216-794-3532x8617,80573 Darrell Lane,Mathewsside,MS,39378
SHP_23447,Kristen,Garrison,kristen.garrison@yahoo.com,(820)515-7201x85962,36749 Denise Lane,Port Stevenfurt,KY,83382
SHP_20494,Jennifer,Schwartz,jennifer.schwartz@gmail.com,212-565-9746,31217 Seth Terrace,West Gregorybury,VI,18923
SHP_52981,James,Mccall,james.mccall@gmail.com,679-285-4900,2954 Black Isle,West Heather,MH,31226
SHP_96628,Jennifer,Martinez,jennifer.martinez@yahoo.com,576-781-8268x3230,880 Ryan Square,West Erik,TX,22211
SHP_48750,Ashley,Paul,ashley.paul@yahoo.com,667-822-1045,1928 Thomas Avenue,Scottbury,MT,07551
SHP_50173,Bethany,Tucker,bethany.tucker@hotmail.com,631.223.3843x774,492 Megan Corner Suite 976,New Jesus,NJ,23310
SHP_68447,Barbara,Bell,barbara.bell@yahoo.com,573-823-4251,5565 Steven Rue,Sarahfurt,FL,97265
SHP_88986,Michael,Delgado,michael.delgado@hotmail.com,001-560-366-6126x9441,9081 Duke Turnpike,East Maryport,ME,75297
SHP_65851,Nathaniel,Simpson,nathaniel.simpson@gmail.com,001-803-663-0569x56250,35288 Erica Plaza,Farmerhaven,CA,12528
SHP_31842,Danny,Vargas,danny.vargas@gmail.com,(680)981-6003,4929 John Centers Suite 973,Ambertown,ID,90775
SHP_68183,Chad,Maldonado,chad.maldonado@gmail.com,296.236.5129x5551,08194 Mckinney Crossroad Suite 230,East Robertmouth,DC,17409
SHP_56077,Megan,Hubbard,megan.hubbard@yahoo.com,+1-598-303-7523x039,26431 Guzman Land,Lake Kathleen,MH,19320
SHP_68606,Barbara,Walter,barbara.walter@gmail.com,329-954-4966x9542,2752 Tammy Creek Suite 173,Kevinshire,TN,37799
SHP_15551,Joseph,Rodriguez,joseph.rodriguez@hotmail.com,890-960-4679x323,3610 Wilson Wall,Christopherborough,KS,81275
SHP_56210,Lauren,Fleming,lauren.fleming@yahoo.com,769-213-9521,4261 Timothy Branch,East Michael,GU,85537
SHP_90589,Robert,Allen,robert.allen@gmail.com,2226750936,92803 Shaun Corners Suite 213,Robertsburgh,NM,75046
SHP_67008,Katelyn,Gonzalez,katelyn.gonzalez@gmail.com,(794)814-0575x995,31280 Sarah Village Suite 115,New Michael,ID,52162
SHP_45986,Kelly,Cox,kelly.cox@yahoo.com,697-264-2037x225,557 Scott Wells Suite 878,Floydfort,OK,80084
SHP_93816,Christopher,Jordan,christopher.jordan@gmail.com,888-491-1758x02744,590 Duke Views,Lake Gerald,RI,75233
SHP_17518,Paul,Gallegos,paul.gallegos@yahoo.com,001-638-372-3951x74518,67334 Callahan Manor,South Angelica,PR,84439
SHP_19835,Thomas,Davis,thomas.davis@gmail.com,001-459-734-1061x65047,10737 Jacob Avenue Suite 250,Manuelburgh,ME,03122
SHP_97973,Abigail,Miller,abigail.miller@hotmail.com,001-331-343-3605x74321,9599 Becky Trace Suite 919,Kirbyton,PA,09212
SHP_93560,Debra,Black,debra.black@yahoo.com,958-450-9591x45049,6946 Sean Parkway,Mosesville,ND,16864
SHP_63242,Julie,Brown,julie.brown@yahoo.com,(662)241-2667x680,647 John Manors Suite 245,Lake Eric,NE,42466
SHP_57619,Elizabeth,Patterson,elizabeth.patterson@gmail.com,(241)920-9579,1009 Conley Pine,Port Dwayne,CT,13607
SHP_77251,David,Johnson,david.johnson@yahoo.com,882.826.0686,70996 Stephens Plains,Langhaven,PR,59877
SHP_99051,John,Jordan,john.jordan@hotmail.com,+1-363-884-5269x69443,970 Richard Field Suite 292,Lake Johnton,IN,33268
SHP_30969,Jasmine,Hanson,jasmine.hanson@hotmail.com,(586)574-3604x898,81750 Zuniga Canyon Suite 718,Lake Elizabethstad,CA,30965
SHP_14081,Julie,Young,julie.young@gmail.com,5302984778,884 Melissa Station,Juarezton,MH,26385
SHP_28714,Donald,Buchanan,donald.buchanan@gmail.com,622.459.3103x3700,0370 Gonzalez Fort,Lake David,SC,70939
SHP_89635,Rachel,Bell,rachel.bell@gmail.com,001-815-513-4650x86569,4771 Kyle Expressway Suite 383,Michelleland,AK,56066
SHP_98878,Michael,Mann,michael.mann@hotmail.com,3717015955,37214 April Dam Suite 946,South Katherineport,PW,15795
SHP_67432,Michelle,Holland,michelle.holland@gmail.com,+1-890-234-8042x479,094 Carolyn Manor,Timothyfort,MT,17205
SHP_14561,Matthew,Jordan,matthew.jordan@yahoo.com,001-227-442-2585x39635,557 Crystal Skyway,Bartlettview,NV,54508
SHP_26545,John,Griffin,john.griffin@gmail.com,9739571361,789 Clark Way Suite 258,Mirandamouth,MD,83784
SHP_18812,Martin,Tucker,martin.tucker@hotmail.com,5157508806,4505 Tanya Rapids Suite 537,Port Michelleview,NJ,54359
SHP_40932,Cassandra,Martinez,cassandra.martinez@hotmail.com,551-354-7365,66520 Luis Groves,Millerhaven,AL,47600
SHP_94562,Elaine,Luna,elaine.luna@yahoo.com,846.876.6542x0986,0707 Daniel Passage Apt. 442,North Eriktown,OR,96772
SHP_58015,William,Moore,william.moore@yahoo.com,700-531-2354x83662,1832 Brianna Flat Apt. 215,Ashleyburgh,FL,28466
SHP_57467,Timothy,Kane,timothy.kane@yahoo.com,630.624.1598,9484 Rodriguez Stream Suite 756,Kathrynstad,SC,56342
SHP_60181,Brittany,Howard,brittany.howard@gmail.com,880-301-1518x0236,0076 Dakota Flat Apt. 247,Watsonside,IL,65134
SHP_84349,Margaret,Atkins,margaret.atkins@gmail.com,208.855.3606x223,6735 Gibson Lock,Gabrielhaven,ME,09005
SHP_14244,Tammy,Taylor,tammy.taylor@hotmail.com,+1-906-251-6512x65473,14152 Angela Mill Suite 000,Josephstad,AR,53826
SHP_89310,Ellen,Gonzalez,ellen.gonzalez@gmail.com,542-804-3805x7198,406 Butler Turnpike,Tammyton,AL,97975
SHP_30111,Bethany,Lynch,bethany.lynch@yahoo.com,+1-468-856-0669x92613,97777 Mcdonald Throughway Apt. 996,South Jeffrey,NH,77736
SHP_99006,Robert,Day,robert.day@yahoo.com,753.307.4878x13409,50181 Jennifer Station Suite 170,North Tanyahaven,GU,47400
SHP_68972,Tami,Williams,tami.williams@hotmail.com,734.294.3747,68539 William Stravenue Apt. 693,Toniland,CA,48195
SHP_58623,Jennifer,Hawkins,jennifer.hawkins@gmail.com,(221)201-0232,867 Gray Cape,New Maureenside,PW,89202
SHP_58760,Robert,Hill,robert.hill@hotmail.com,(677)720-0805x080,2852 Christopher Plain Apt. 224,New Jonathan,NV,28069
SHP_68188,John,Todd,john.todd@yahoo.com,861-232-8541x39841,01275 Lee Haven Suite 803,Bradyborough,IL,80302
SHP_20077,Donna,Jones,donna.jones@gmail.com,818.287.2779,888 Kim Station Suite 205,Lake Lorimouth,NJ,70622
SHP_85225,Matthew,Smith,matthew.smith@hotmail.com,(870)919-6966x48525,91197 Shaffer Port,Heathershire,AS,76192
SHP_28047,Carol,Lynch,carol.lynch@hotmail.com,(693)262-5840,73260 William Plain,Peckborough,ND,73430
SHP_79397,Barbara,Williams,barbara.williams@gmail.com,550.468.0208x15157,4818 Bridget Fords Suite 697,Wallacehaven,MS,48032
SHP_58096,Kevin,Greene,kevin.greene@hotmail.com,001-685-953-1227x664,89415 Mcdonald Oval Apt. 181,Kellihaven,AK,79377
SHP_62171,Jacqueline,Austin,jacqueline.austin@gmail.com,001-774-264-3648x05793,17138 Ronald Plains Suite 248,New April,UT,47440
SHP_51207,Alice,Stevenson,alice.stevenson@yahoo.com,+1-340-288-4351,598 Sullivan Park,East Maria,UT,04936
SHP_95139,Manuel,Woodward,manuel.woodward@hotmail.com,5376665078,8383 Burgess Station,North Jeffrey,CT,22758
SHP_46528,Julia,Martinez,julia.martinez@gmail.com,001-552-221-1118x9098,933 Brandon Shoal Apt. 389,Lake Deannaside,AS,55913
SHP_42717,David,Butler,david.butler@hotmail.com,896.229.1459x7736,198 Scott Hills Suite 366,Jamiemouth,SD,69801
SHP_24869,Matthew,Flores,matthew.flores@yahoo.com,(277)338-2646,513 Torres Terrace Suite 770,New Brenda,RI,46589
SHP_13396,Derek,Waller,derek.waller@gmail.com,+1-774-576-2198x9383,68497 Scott Ramp,West Timothy,DE,14048
SHP_34385,Jennifer,Jones,jennifer.jones@hotmail.com,219.539.7401x14093,0660 Vanessa Roads,Freemantown,ME,71771
SHP_75410,Veronica,Romero,veronica.romero@yahoo.com,480.764.9512,497 Peter Stream Suite 639,New Reginaberg,WY,88364
SHP_77861,Christopher,Shaw,christopher.shaw@hotmail.com,747-484-1523,312 Wiggins Ford,Buchananland,NV,52524
SHP_60723,Richard,Ellis,richard.ellis@hotmail.com,2675015120,4907 Greene Estates,South Ianland,OH,85573
SHP_83619,Anita,Orr,anita.orr@gmail.com,(645)350-7329x8187,12743 Linda Canyon Apt. 404,New Timothyville,AR,09325
SHP_25435,Michael,Gomez,michael.gomez@gmail.com,308-336-8437x2288,9350 Jonathan Track Apt. 476,Lake Kevin,OR,05822
SHP_44311,Katie,Palmer,katie.palmer@gmail.com,680.962.2072x23959,2132 Carlos Lane,North Justin,NC,64720
SHP_44116,Michael,Ruiz,michael.ruiz@yahoo.com,+1-714-355-9253x460,523 Rodriguez Overpass,Stewartport,HI,34242
SHP_68493,Elijah,Foster,elijah.foster@gmail.com,366-473-5104,54356 Leblanc Parks Apt. 998,Keithmouth,HI,28154
SHP_38124,Rhonda,Gray,rhonda.gray@gmail.com,001-723-450-7993x7873,980 Mcmahon Glens,Johnsonborough,IL,38422
SHP_90199,Laurie,Sanchez,laurie.sanchez@yahoo.com,+1-302-974-6449,75618 Patricia Pike Suite 463,Solisfurt,ND,70249
SHP_47431,Ronald,Smith,ronald.smith@hotmail.com,759.638.4163,0927 Lynn Gateway,Port Sarahfurt,TX,30985
SHP_74382,Christopher,Miller,christopher.miller@hotmail.com,+1-220-360-4540x96823,48265 Miller Plain,Spencerborough,VI,36881
SHP_36237,Amanda,Barnes,amanda.barnes@gmail.com,(301)707-9450x98549,561 Oneal Mountains Apt. 178,Taratown,WI,20907
SHP_26074,Aaron,Green,aaron.green@gmail.com,(555)815-8482x6691,8355 Michael View,Port Barbara,VA,05989
SHP_27790,Michelle,Dodson,michelle.dodson@gmail.com,363-589-4494,49372 Garcia Row,East Timothy,MD,28308
SHP_19706,Martha,Baker,martha.baker@gmail.com,334-299-8752x1472,53472 Norman Prairie,North Melissa,PR,25769
SHP_69250,Kylie,Moore,kylie.moore@yahoo.com,+1-771-946-2730x1471,7158 Megan Estates Apt. 257,West Frank,KY,47839
SHP_32630,Brandon,Bean,brandon.bean@hotmail.com,901.962.9885,8307 Watts Knolls Suite 859,Lake Jeffery,IA,72871
SHP_68341,Jamie,Hill,jamie.hill@yahoo.com,001-299-831-8457x54317,367 Ibarra Springs Suite 968,Andrewsberg,WI,68232
SHP_21506,Elizabeth,Christian,elizabeth.christian@hotmail.com,642-460-7824x11643,114 Stewart Highway Suite 624,East Jeremy,MP,08686
SHP_99381,Jeffrey,Smith,jeffrey.smith@yahoo.com,+1-565-722-9782x8075,271 Peters Crossroad Apt. 338,Codyfurt,NE,26446
SHP_51889,Jill,Hall,jill.hall@hotmail.com,396-783-4511x61065,82226 Christina Flat,Hineshaven,OH,30574
SHP_97535,Cheyenne,Garrett,cheyenne.garrett@gmail.com,(539)426-4957x82329,826 Diana Port Apt. 518,East Lonnieberg,VA,04365
SHP_55537,Sandra,Smith,sandra.smith@gmail.com,8905729485,6731 Katherine Streets Suite 286,East Amy,NH,44282
SHP_18511,Jason,Bowman,jason.bowman@hotmail.com,(606)558-5522x95094,48848 Cortez Circles Apt. 745,Adkinsmouth,MO,69085
SHP_82089,James,Black,james.black@gmail.com,825.228.9404x39351,9577 Anderson Meadows,Castroside,AR,28947
SHP_81063,Rebecca,Smith,rebecca.smith@hotmail.com,686-435-4692x32662,3907 Anderson Lights Suite 338,East Eddietown,AL,24779
SHP_48058,Jessica,Palmer,jessica.palmer@gmail.com,924-411-0588x8828,065 Guerrero Oval Suite 840,New Alexis,TX,96314
SHP_49315,Amanda,Bradley,amanda.bradley@yahoo.com,(929)374-5493x03646,203 Ann Locks,North April,ND,30883
SHP_30644,Bryan,Benjamin,bryan.benjamin@gmail.com,+1-822-806-8155x83938,31552 Richard Island,South Jasonbury,CA,86741
SHP_93584,Brett,Thomas,brett.thomas@hotmail.com,001-634-546-0606,9523 Kim Lock,Kimberlyport,CO,18397
SHP_32818,Dana,Meyers,dana.meyers@yahoo.com,+1-759-994-8482x75965,941 Sharon Alley Suite 106,East Matthew,PA,85421
SHP_57381,John,Mclean,john.mclean@gmail.com,001-491-939-6839x028,2207 Kayla Row Apt. 350,East Richard,NC,98983
SHP_76683,Cheryl,Mejia,cheryl.mejia@hotmail.com,+1-983-697-3952x736,04504 King Harbor,Port Monica,KS,25401
SHP_39391,Danny,Pena,danny.pena@hotmail.com,001-736-673-6576x6156,71111 Davis Streets Suite 280,Elizabethchester,MI,87708
SHP_25907,Katherine,Huber,katherine.huber@yahoo.com,568.692.5429x2577,94654 Kevin Fork,West Danielfort,KY,75239
SHP_36342,Alex,Galvan,alex.galvan@gmail.com,369-747-4341,651 Leach Divide Apt. 864,Cathyberg,CO,75884
SHP_28202,Anthony,Black,anthony.black@hotmail.com,(521)464-9420x2781,44853 Victor Fall Suite 821,Deannamouth,MT,64474
SHP_41029,Melinda,Stark,melinda.stark@yahoo.com,001-875-214-0444x537,7733 Paul Lakes,Robertburgh,CO,18970
SHP_74752,Michael,Thompson,michael.thompson@gmail.com,751-858-2843x656,443 Edward Passage Apt. 174,Michelleville,SC,68430
SHP_13445,Jermaine,Curry,jermaine.curry@yahoo.com,001-516-743-7513x72101,848 Evans Extension,East Haileytown,ND,34813
SHP_57303,Anthony,Watts,anthony.watts@hotmail.com,698.452.6736x9829,34033 Salazar Spring Apt. 984,South Michael,NH,14722
SHP_82616,Jennifer,Hernandez,jennifer.hernandez@yahoo.com,(365)337-9322,90705 Mendoza Gardens Suite 015,Kramershire,DE,11329
SHP_85009,Megan,Wu,megan.wu@yahoo.com,+1-806-829-8109x9752,0836 Kathryn Point Apt. 140,Mckayfort,ID,07567
SHP_58353,Carol,Patrick,carol.patrick@gmail.com,(650)931-2198x0418,2642 Robert Expressway,East Monicaton,OK,86303
SHP_71263,Lawrence,Campbell,lawrence.campbell@gmail.com,960.814.5692,06340 Johnson Shoal Suite 761,South Michaelstad,PR,01149
SHP_82305,Richard,Weiss,richard.weiss@hotmail.com,001-597-601-4557x039,1866 Michael Crossroad,West Andrewburgh,MS,07525
SHP_27009,Austin,Walters,austin.walters@gmail.com,929.463.3472,2318 Aaron Cliff Suite 893,North Robert,KS,80897
SHP_90209,Margaret,Giles,margaret.giles@hotmail.com,532.334.5422,781 Thompson Creek Suite 276,Denisemouth,NV,03323
SHP_21300,Lisa,Smith,lisa.smith@hotmail.com,+1-387-418-9813,87510 Bailey Shoal,North Anna,PR,99207
SHP_18617,Michael,Collier,michael.collier@gmail.com,(715)210-7055x70529,744 David Field Suite 998,Riosmouth,OH,52555
SHP_50539,William,Smith,william.smith@yahoo.com,(498)973-2975x8456,370 Jordan Hills,Sweeneyhaven,KY,46073
SHP_62187,Jeffrey,Crawford,jeffrey.crawford@gmail.com,+1-795-768-5142x3704,13843 James Way,East Michaelhaven,VI,93882
SHP_72739,Leslie,Hebert,leslie.hebert@gmail.com,001-322-666-5823,328 Morgan Rapids Apt. 805,Lake Jamie,VA,74054
SHP_78903,Cody,Lopez,cody.lopez@yahoo.com,326-973-0220x994,04053 Charlene Harbors Apt. 050,Morrismouth,AL,69656
SHP_63843,Robert,Collins,robert.collins@hotmail.com,+1-600-752-1045x067,4294 Bender Fall,South Michael,NC,98211
SHP_63665,Daniel,Cordova,daniel.cordova@yahoo.com,480-872-7910x336,3390 Cervantes Brook,Peggyhaven,GU,16851
SHP_85353,Thomas,Andrews,thomas.andrews@yahoo.com,275-865-7799,344 Mark Corners,New Lesliemouth,MD,10715
SHP_19666,Ronald,Barrera,ronald.barrera@gmail.com,001-241-474-2283,6327 Dawn Fields Suite 269,West Amberport,AS,35240
SHP_26426,David,Martin,david.martin@hotmail.com,+1-641-422-2038x7673,461 Devon Prairie,New Derekstad,TN,95787
SHP_51553,Michael,Guzman,michael.guzman@gmail.com,(493)907-7890x5701,817 Green Throughway,North Amy,DE,39084
SHP_94192,Michael,Figueroa,michael.figueroa@yahoo.com,001-429-344-9309x98233,28233 Kimberly Corner Suite 162,Fowlerstad,MS,07617
SHP_19720,Johnathan,Webb,johnathan.webb@hotmail.com,001-392-212-8185x7163,10339 Smith Isle,West Michaelmouth,IN,90883
SHP_68979,Shawn,Martin,shawn.martin@hotmail.com,853-697-4995x0708,7560 Bradley Branch,New Susanburgh,PA,06590
SHP_71057,Nicole,Crosby,nicole.crosby@hotmail.com,4506745115,87100 Katherine Alley Apt. 352,Nguyenville,NH,83761
SHP_99143,Stephen,Flores,stephen.flores@yahoo.com,338.535.2141x8047,10112 Green Bypass,Keithhaven,MD,83398
SHP_77811,Donald,Morrison,donald.morrison@gmail.com,(745)662-1202,411 Ashley Lodge,Joseburgh,MA,91535
SHP_55156,Charles,Nielsen,charles.nielsen@gmail.com,638-443-0979x7568,180 Lisa Vista,Ramirezburgh,PA,12493
SHP_26821,Kirk,Ramirez,kirk.ramirez@hotmail.com,+1-411-501-9683x80914,432 James Bypass Suite 247,North Joshua,MN,07418
SHP_82260,Kelly,Jefferson,kelly.jefferson@gmail.com,8222013921,89370 Mcintosh Manor,East Eddie,ID,29577
SHP_93859,Mary,Salazar,mary.salazar@hotmail.com,939.833.8338,689 Michael Crossing,Clarkchester,ND,13935
SHP_87042,Brent,Zimmerman,brent.zimmerman@yahoo.com,001-588-873-0296x20563,97628 Scott Shore Apt. 882,Sancheztown,VA,74987
SHP_33850,Paul,Roberts,paul.roberts@gmail.com,(566)505-0337x469,7730 Ruiz Turnpike,New Sarahburgh,WA,24540
SHP_26912,Mathew,Rasmussen,mathew.rasmussen@hotmail.com,+1-230-548-5277x5867,6203 Lewis Hollow Suite 394,Romerofurt,WA,97330
SHP_66704,Cody,Richards,cody.richards@gmail.com,001-933-335-9379,00295 Garcia Drive,Port Matthew,VT,94603
SHP_75911,Cindy,Castro,cindy.castro@yahoo.com,701-427-2725x98296,32176 Wells Village Apt. 549,Thomastown,NM,63737
SHP_17263,Janice,Ferguson,janice.ferguson@yahoo.com,659-952-8599,763 Park Rest Apt. 930,Leonardfort,OK,62003
SHP_26274,Danielle,Welch,danielle.welch@hotmail.com,4517230335,45503 Brittany Lakes,West Juan,MA,52036
SHP_77908,Sarah,Jimenez,sarah.jimenez@hotmail.com,6313779199,560 Stevens Ford,Whitetown,NC,94421
SHP_30056,Dennis,Casey,dennis.casey@hotmail.com,(229)576-1166x2866,824 Walter Ranch Suite 701,Woodburgh,MP,65727
SHP_49862,Jesse,Gonzalez,jesse.gonzalez@yahoo.com,(890)638-6604x95428,3178 Elizabeth Bypass,New Joshua,MH,80942
SHP_31581,Ashley,Johnson,ashley.johnson@gmail.com,+1-586-653-7221x84586,2986 Meyer Meadow Suite 687,Phillipsshire,FM,53718
SHP_31229,Patrick,Larson,patrick.larson@yahoo.com,+1-319-537-5919x2267,5362 Wyatt Harbor,Floreshaven,SC,52751
SHP_52291,Michael,Wilson,michael.wilson@hotmail.com,(385)682-5394x788,499 Nancy Light Apt. 762,Baxterton,WI,65860
SHP_39552,Mitchell,Williams,mitchell.williams@hotmail.com,2155555149,9477 Ramirez Lodge Apt. 772,South Pamela,MD,11495
SHP_55353,Heidi,Patterson,heidi.patterson@yahoo.com,001-865-699-1624x73149,09818 Nicholas Ford,Robertville,FL,56347
SHP_78012,Erica,Goodman,erica.goodman@hotmail.com,+1-952-885-8986x81843,90073 Matthews Ridges,Kimberlymouth,NH,90153
SHP_47230,Amy,Sandoval,amy.sandoval@gmail.com,+1-640-436-2756x29522,67452 April Manors,South Michaelhaven,WA,14386
SHP_20336,Robert,Preston,robert.preston@hotmail.com,922.240.2990x155,413 Amanda Path,East Michelle,DE,28938
SHP_42847,Michelle,Moore,michelle.moore@hotmail.com,001-440-891-7089x5743,282 Gomez Path Suite 680,Andrewsland,AZ,47162
SHP_35729,Ebony,Wong,ebony.wong@yahoo.com,841-990-4377x029,0356 John Mission,Port Joshua,TN,35696
SHP_93238,Tracy,Lewis,tracy.lewis@yahoo.com,(676)636-2814,89395 Sara Ports Suite 906,Moralestown,OK,23268
SHP_82199,Antonio,Lynch,antonio.lynch@hotmail.com,001-901-738-6300x65124,724 Alyssa Circles,North Travisland,AZ,84576
SHP_45972,Laura,Parrish,laura.parrish@yahoo.com,001-874-553-7709x64225,60312 Kimberly Common Suite 423,West Martinview,AR,32593
SHP_26406,Christina,Brown,christina.brown@yahoo.com,+1-770-518-1788,081 Maldonado Lodge,South Nicholas,OH,79723
SHP_91922,Larry,Diaz,larry.diaz@yahoo.com,(773)613-7174x19066,085 Yang Avenue Apt. 401,South Richardland,NH,04292
SHP_49691,Derek,Taylor,derek.taylor@yahoo.com,518.264.1761,64169 Rodney Field,Robinshire,CA,54742
SHP_90534,Becky,Hunter,becky.hunter@yahoo.com,818-451-9968x327,237 Anthony Ramp,Smithburgh,ID,30105
SHP_79924,Kevin,Sandoval,kevin.sandoval@hotmail.com,001-823-448-1094x52553,6144 Sharon Shore Suite 010,Lake David,MA,19591
SHP_22245,Cody,Harris,cody.harris@hotmail.com,6837975713,25765 Nicole Canyon Suite 449,West Ericburgh,IN,82745
SHP_75873,Nicole,Smith,nicole.smith@gmail.com,692-636-0368x0858,72132 Trevino Station Suite 763,Port Sherri,VT,77484
SHP_94015,Carrie,Dominguez,carrie.dominguez@yahoo.com,526-454-7935x64651,737 Guerra Cliff,Chambersberg,SC,40193
SHP_32103,Michaela,Manning,michaela.manning@yahoo.com,968.299.9360x79848,0691 Gallegos Mall Suite 993,Marybury,NV,35195
SHP_87569,Melissa,Coleman,melissa.coleman@hotmail.com,(619)279-0837x3160,5998 Bailey Lodge,Kevinshire,OK,45186
SHP_86106,Cynthia,Petersen,cynthia.petersen@hotmail.com,977-539-2024x440,718 David Falls,Port Jamesfurt,NM,24068
SHP_30210,John,Dennis,john.dennis@yahoo.com,(369)950-2267x969,4694 Dickerson Corners,West Richard,NV,31476
SHP_32439,Troy,Johnson,troy.johnson@gmail.com,6056104612,1673 Laura Club,Harrisonbury,DC,29628
SHP_96341,Brett,Brown,brett.brown@yahoo.com,001-291-834-6806,1217 Kennedy Loop Suite 234,South Ambermouth,NM,20048
SHP_91851,Amanda,Ray,amanda.ray@hotmail.com,459.690.5884x1948,1188 Mary Stream Suite 670,South Danielchester,PA,28647
SHP_89316,Kayla,Montgomery,kayla.montgomery@yahoo.com,001-211-624-6175x78041,7186 Tapia Drive Suite 244,Brownview,OK,72408
SHP_54252,Charles,Robinson,charles.robinson@gmail.com,671-747-2229,96516 Sparks Wells,New Dorothymouth,KY,01874
SHP_83874,Ralph,Martinez,ralph.martinez@hotmail.com,519-974-3627x121,5919 Douglas Mount,Brendaland,MO,53279
SHP_15399,Robert,Walter,robert.walter@hotmail.com,(366)624-3417,965 Garcia Lodge,Lake Suzanne,GU,15770
SHP_13718,Alexander,Bell,alexander.bell@yahoo.com,(387)508-4519x613,59026 Gonzalez Station Apt. 856,North Scotthaven,OR,44473
SHP_20646,Michael,Meyer,michael.meyer@gmail.com,+1-602-990-1665x1517,34366 Campbell Road Suite 650,East Michael,KY,50683
SHP_15958,Stacey,Dennis,stacey.dennis@gmail.com,798.389.0084x384,969 Jason Curve Apt. 124,Joshuaburgh,OR,74897
SHP_94076,Claudia,Poole,claudia.poole@yahoo.com,908-789-5930x320,52699 David Lake Apt. 302,Jamesbury,AK,79196
SHP_85598,Robert,Rivas,robert.rivas@hotmail.com,001-763-817-3338,9570 Laura Isle,Port Janiceview,IL,16160
SHP_44688,Amanda,Wagner,amanda.wagner@gmail.com,(613)354-2784x980,1182 Campbell Fords,Jamesview,NY,64533
SHP_95344,Margaret,Moore,margaret.moore@gmail.com,001-603-807-8371x6429,57981 Jacob Tunnel,Lake Roberttown,GU,26607
SHP_37631,Stephen,Evans,stephen.evans@gmail.com,+1-312-493-0431x130,5001 Chen Ports,East Mark,WI,96969
SHP_84991,Martin,Martin,martin.martin@yahoo.com,604-383-4576x825,214 Johnson Neck,Hartland,FM,73997
SHP_64602,Michael,Nelson,michael.nelson@hotmail.com,001-705-255-8644x52646,31341 Diana Drive Suite 483,Michellefort,WV,44534
SHP_91016,Annette,Johnson,annette.johnson@gmail.com,894-879-5343x306,45236 Jeffery Place Apt. 205,East Michaelside,AR,20214
SHP_93753,Laura,Garrett,laura.garrett@hotmail.com,864-383-1230,8781 Emily Underpass,West Gregory,AZ,56432
SHP_13969,Matthew,Mejia,matthew.mejia@gmail.com,712-507-0180,679 Linda Lodge Apt. 552,Stevenland,MI,04207
SHP_75278,Timothy,Hall,timothy.hall@gmail.com,001-972-998-8728,04238 Lambert Parkways,Lake Brianatown,WA,63957
SHP_92203,Christine,Jennings,christine.jennings@hotmail.com,6016248255,679 Gonzalez Knoll,Jacobbury,SC,17946
SHP_81509,Ryan,Howard,ryan.howard@gmail.com,588-253-0346x867,00953 Bailey Rue Suite 737,New Laura,MT,66627
SHP_47967,Wendy,Jones,wendy.jones@hotmail.com,753-240-4822x615,1284 Molly Forges Apt. 157,South Davidchester,OK,81027
SHP_94136,Martin,Taylor,martin.taylor@hotmail.com,(923)431-2567,38561 Thompson Mount Apt. 413,Kyliefort,SD,93351
SHP_49596,Jennifer,Turner,jennifer.turner@gmail.com,893-550-2280x9641,3779 Michael Highway Apt. 070,Port Crystalport,PA,15752
SHP_73300,Michael,Black,michael.black@yahoo.com,766.474.9513x498,323 Griffin Springs Apt. 268,Jacksonshire,VA,37322
SHP_42096,Kevin,Clayton,kevin.clayton@hotmail.com,(265)823-4304,52956 Alexis Land,West Jennifer,TN,13948
SHP_99783,Ann,Hayden,ann.hayden@yahoo.com,542.472.1798x25075,815 Cynthia Fords,Brandonborough,VA,31053
SHP_63227,Randall,Turner,randall.turner@hotmail.com,805-910-6568,226 Kelly Skyway,East Madison,MP,17973
SHP_48985,Dylan,Frank,dylan.frank@gmail.com,812.679.7176x350,729 Grace Fords,South Rebekahchester,NH,52620
SHP_69446,Erica,Jefferson,erica.jefferson@yahoo.com,704.739.4290x08892,398 James Burg Apt. 773,East Brettside,WY,73241
SHP_19564,Christopher,Brandt,christopher.brandt@yahoo.com,984-282-7759x47922,246 Kelly Island,Conleyfurt,IL,32750
SHP_17852,Joel,Harris,joel.harris@hotmail.com,380.969.7338x28789,52881 Stafford Court,South Caitlin,PA,22718
SHP_30719,Frank,Taylor,frank.taylor@yahoo.com,4666489008,8130 Nancy Unions Apt. 574,New Brooke,NJ,34830
SHP_67619,Patricia,Garcia,patricia.garcia@yahoo.com,476-409-4837x740,3302 Nixon Roads Suite 099,Mannburgh,DE,73616
SHP_64476,William,Summers,william.summers@yahoo.com,408.414.6581x01678,737 Ryan Oval,Mariachester,MS,42881
SHP_73471,Kristy,Robinson,kristy.robinson@hotmail.com,+1-273-458-6181x9667,28395 Robert Trafficway Apt. 502,Roachport,MA,59341
SHP_70875,David,Warren,david.warren@gmail.com,+1-805-746-5422,6575 Hill Island Apt. 185,Lake Allison,PW,63357
SHP_36741,Peter,Hall,peter.hall@gmail.com,001-372-822-1553x250,97451 Janet Locks,Lisaland,NE,01053
SHP_54589,Amy,Collins,amy.collins@hotmail.com,001-367-441-6623x9567,9350 Kimberly Meadows Suite 490,Turnerberg,PW,20560
SHP_89516,Anthony,Mclaughlin,anthony.mclaughlin@gmail.com,+1-879-980-1347x209,667 Jones Meadows,Jasonfurt,NH,03797
SHP_28830,Kristen,Murphy,kristen.murphy@yahoo.com,+1-867-448-4758,754 Danielle Terrace,Toddberg,PR,20705
SHP_50970,Dalton,Mccarthy,dalton.mccarthy@gmail.com,+1-555-720-2981,338 Amy Junction,Emilyfort,OH,55583
SHP_51853,Michelle,Bell,michelle.bell@yahoo.com,(222)328-4766x00974,1935 Miguel Hills,New Kristiestad,RI,39464
SHP_55268,Gregory,Gordon,gregory.gordon@hotmail.com,834.558.0969,567 Morris Shoal,South Theresa,WY,53064
SHP_62260,Gary,Vincent,gary.vincent@gmail.com,+1-759-907-4926x351,563 Barry Row Suite 886,New Billymouth,VI,21388
SHP_27139,Andrea,Marshall,andrea.marshall@gmail.com,791-727-9728x82463,10985 Hughes Viaduct,Pricetown,DE,65668
SHP_58567,Jeffrey,Gonzalez,jeffrey.gonzalez@yahoo.com,+1-653-340-6681x648,15852 Martin Point Suite 593,North Pamelaland,DC,13481
SHP_77499,Scott,Barnes,scott.barnes@hotmail.com,(270)257-4205x0080,260 Lopez Crest,New Carriefurt,MP,70769
SHP_83616,Courtney,Jones,courtney.jones@gmail.com,+1-619-933-1043,5913 Robert Fields Apt. 288,Nixonview,GU,77344
SHP_23917,Dennis,Roberson,dennis.roberson@gmail.com,+1-690-482-6110x35659,23766 Aguilar Manors,Port Gary,MI,31136
SHP_51827,Parker,Lyons,parker.lyons@gmail.com,(445)721-9092x671,47608 Lisa Burg Suite 354,Williamsfort,OR,60816
SHP_41685,Ruben,Pearson,ruben.pearson@yahoo.com,287-842-9488,068 Payne Shore Suite 984,West Danielle,VI,47981
SHP_71141,Carla,Sanchez,carla.sanchez@yahoo.com,001-969-502-5189x9106,9225 Mccarty Loop Suite 860,West Ashleyville,UT,46036
SHP_26059,Charles,Barnett,charles.barnett@hotmail.com,200-916-8094x14915,83976 Brent Land Apt. 440,Alexanderport,MO,21775
SHP_45058,Manuel,Mcclain,manuel.mcclain@yahoo.com,(655)561-4178,0183 Kimberly Neck Apt. 695,Lake Lisa,FL,34715
SHP_68929,Glen,Herrera,glen.herrera@yahoo.com,+1-987-345-5135x872,3068 Kristina Throughway Suite 403,Staceyshire,NY,69014
SHP_42495,Nathan,Parker,nathan.parker@gmail.com,563-230-3458x4094,66647 Marvin Spur Suite 199,Wilsonton,NE,78650
SHP_28465,Joshua,Turner,joshua.turner@yahoo.com,+1-219-495-1715x2391,950 Kevin Neck,Desireehaven,ID,07931
SHP_22689,Nancy,Jackson,nancy.jackson@hotmail.com,9505750781,4252 Padilla Mountains Suite 774,Kimberlyview,OK,51687
SHP_16632,Michael,Hartman,michael.hartman@yahoo.com,(923)794-7646x9145,519 Brenda Ranch,West Nicholasborough,GU,17299
SHP_48038,Judith,Cox,judith.cox@gmail.com,(515)581-4888x1079,233 Thompson Rest Suite 841,Lake Mariah,CA,17874
SHP_60351,Taylor,Nicholson,taylor.nicholson@hotmail.com,(291)892-3645,58810 Hamilton Spur,South Tinaton,AK,57104
SHP_90658,Jay,Byrd,jay.byrd@gmail.com,(877)771-9619x971,6676 Williams Ridge Suite 833,Kimberlytown,AK,81109
SHP_64805,Phillip,Henderson,phillip.henderson@yahoo.com,6192577024,2996 Anderson Summit Apt. 741,South Glennchester,PA,96291
SHP_42541,Kristen,Davis,kristen.davis@hotmail.com,703-535-9690x0705,627 Hatfield Plaza,Richardschester,ND,26601
SHP_30932,Carlos,Bell,carlos.bell@yahoo.com,725.242.3427x62826,65015 Debbie Orchard Apt. 194,West Gabriellaside,PW,72389
SHP_52917,Jennifer,Barnes,jennifer.barnes@hotmail.com,859-453-3841,2881 Cortez Stream,Sandersborough,AK,75957
SHP_85718,Steven,Martin,steven.martin@hotmail.com,+1-505-920-6810x6961,435 Nash Square,Port Morgantown,VT,16888
SHP_50988,Samantha,Harris,samantha.harris@gmail.com,(450)512-4955,90833 Jackson Throughway,Lake Coreyborough,PW,66586
SHP_34881,Teresa,Paul,teresa.paul@yahoo.com,213-644-4867x22883,31454 Simon Square Apt. 574,East Michael,DE,34673
SHP_30885,Chad,Coleman,chad.coleman@yahoo.com,+1-618-880-5058x3891,89417 Jimenez Pine,Lake Dakotafurt,IN,56798
SHP_75308,Brett,Rodriguez,brett.rodriguez@gmail.com,416-788-0281,2504 Kevin Dale Suite 204,Davisport,PR,71020
SHP_77466,Willie,Wright,willie.wright@hotmail.com,948-983-7518x5767,1728 Kelley Turnpike Apt. 474,Wilsonberg,ME,90360
SHP_71186,Amy,Sharp,amy.sharp@hotmail.com,001-467-662-1822x4792,8670 Garcia Ville Suite 148,Steveberg,MA,60283
SHP_75373,Ricky,Duke,ricky.duke@gmail.com,687.748.7164,902 Billy Isle Apt. 316,Alexanderton,GU,61756
SHP_50441,Jay,Wilkins,jay.wilkins@gmail.com,987.677.8731x35035,95039 Rice Pass,Perezview,FM,04083
SHP_75191,Nicholas,Washington,nicholas.washington@yahoo.com,287-903-8171x7474,28533 Wright Drive,North Heather,WV,58788
SHP_13037,Tonya,Barajas,tonya.barajas@gmail.com,575.708.8494x9996,8662 John Branch Suite 951,Andreastad,KY,98575
SHP_21802,Anna,Brown,anna.brown@gmail.com,864-902-3928x91914,476 Rivera Plain Apt. 122,Jenniferhaven,KS,89939
SHP_61543,Lisa,Mendez,lisa.mendez@yahoo.com,(295)327-8291,162 Daniels Wells Apt. 507,Lake Susan,TN,49411
SHP_76249,Matthew,Davis,matthew.davis@hotmail.com,001-987-866-3404x19744,224 Kirk Locks Suite 169,North Thomas,CA,60974
SHP_69930,Nicole,Sanchez,nicole.sanchez@yahoo.com,001-520-267-0975x4122,460 Gray Flat,Tinastad,PA,46960
SHP_41552,Victoria,Blake,victoria.blake@hotmail.com,973-830-1654,8159 Robert Tunnel Suite 517,Port Angela,KS,20708
SHP_38199,Angela,Stout,angela.stout@gmail.com,(302)222-7421x78277,018 Gary Squares Suite 121,Lake Erika,IL,06751
SHP_86460,John,Rangel,john.rangel@yahoo.com,711-699-1365x6402,0062 Gary Pike,Jamesmouth,PA,81243
SHP_56254,Lisa,Rodriguez,lisa.rodriguez@yahoo.com,872.763.1995,227 Bennett Greens Apt. 490,East Saraside,MD,00826
SHP_16377,Ashlee,Bailey,ashlee.bailey@yahoo.com,458.664.4963,588 Harris Mountain,North Jenny,FM,38703
SHP_16624,Dennis,Robinson,dennis.robinson@gmail.com,217-835-7820x278,97875 Copeland Way,East Tammy,CT,91801
SHP_46877,Natalie,Lutz,natalie.lutz@yahoo.com,625-332-2061,71442 Keith Brooks Apt. 092,Lake Brianberg,SD,95085
SHP_74866,Douglas,Tran,douglas.tran@gmail.com,748.264.9703,5789 Atkins Tunnel Apt. 355,Smithfort,NV,31450
SHP_88317,Steven,Mcbride,steven.mcbride@hotmail.com,2727985023,6714 Young Forges,Port David,WV,11062
SHP_95755,Paula,Kennedy,paula.kennedy@yahoo.com,+1-359-205-3497x57445,598 Morgan Keys,Matthewchester,DC,28539
SHP_98148,Erica,Foster,erica.foster@hotmail.com,001-968-478-5996x4862,19541 Reyes Hills,Andrewfort,ID,98845
SHP_71680,Jason,Johnson,jason.johnson@yahoo.com,+1-487-925-6394,5803 Katherine Dam,Mooreshire,OK,86931
SHP_47453,Adam,Ramirez,adam.ramirez@gmail.com,330-736-9189,129 Hicks Isle Suite 959,Smithmouth,GA,51290
SHP_80345,Colin,Wilson,colin.wilson@yahoo.com,585.388.3763x67235,13110 Griffin Common Apt. 910,East Stephanieberg,MP,95028
SHP_11071,Kathleen,Franklin,kathleen.franklin@hotmail.com,001-880-353-8829x723,577 Vargas Islands,East Wandaport,CO,63886
SHP_24089,Richard,Ballard,richard.ballard@gmail.com,845-969-7918x1433,5546 Patrick Field Suite 260,Jameshaven,ND,21131
SHP_66482,Amanda,Reyes,amanda.reyes@hotmail.com,320-721-4707x69791,03553 Kayla Pass,East Lauramouth,OK,28774
SHP_27555,David,Williams,david.williams@yahoo.com,300-546-0104,55579 Anderson Stravenue,Wolfberg,TX,89755
SHP_44664,Frances,Williams,frances.williams@yahoo.com,259.601.3257,48224 Laura Brook Apt. 595,Nicolemouth,MH,58663
SHP_57943,Gregory,Brown,gregory.brown@hotmail.com,911.700.5912,102 Samantha Common,North Jennifer,CO,01004
SHP_62855,Lori,Taylor,lori.taylor@hotmail.com,680-369-5302x03315,385 Michelle Mount,Shermanborough,MD,40108
SHP_57964,James,Caldwell,james.caldwell@yahoo.com,842.763.3618x91355,72878 Diane Parkways Suite 147,Lopezbury,NY,05330
SHP_15930,Carol,Clark,carol.clark@gmail.com,981.256.9590,695 Alexander Meadows Apt. 611,New Melissa,LA,05879
SHP_62505,Erik,Hester,erik.hester@gmail.com,(374)417-6208,578 Torres Extension,West Michelle,MI,03364
SHP_16705,Danielle,Livingston,danielle.livingston@yahoo.com,001-465-942-1406x65044,3962 Rodriguez Plains,Robinsonville,PW,58379
SHP_84747,James,Wright,james.wright@yahoo.com,(429)533-4956x51582,476 Matthew Meadow,Ortizstad,TN,57221
SHP_83638,Danielle,Shields,danielle.shields@yahoo.com,(298)306-1489,530 Kenneth Crest,Barkermouth,AK,77683
SHP_35513,Diane,Morris,diane.morris@yahoo.com,001-946-581-9662x3003,75708 Mark Square Apt. 778,East Kelli,NC,24759
SHP_57516,Jason,Kemp,jason.kemp@hotmail.com,891.605.4825x62739,316 Katrina Alley,New Robert,ND,87167
SHP_82512,Mallory,Cooper,mallory.cooper@gmail.com,5266077214,653 Jones Knolls Suite 310,Hunterside,OK,73826
SHP_47827,Kimberly,Lewis,kimberly.lewis@gmail.com,6726324844,1374 Brown Junction,Laurahaven,AL,06454
SHP_19637,Troy,Shelton,troy.shelton@yahoo.com,973-707-4242x2957,24139 Mack Landing,Port Matthewland,CO,33593
SHP_60639,Mary,Turner,mary.turner@yahoo.com,+1-453-576-0775x5622,2779 Malone Underpass Suite 887,South Juanport,PA,10073
SHP_76093,Michelle,Vega,michelle.vega@yahoo.com,(690)944-7905x830,78902 Coleman Land,East Adamton,MD,83152
SHP_69028,Jeffrey,Joseph,jeffrey.joseph@gmail.com,001-495-701-0232x3213,2735 George Courts,Kimberlyland,MO,12703
SHP_82070,Brenda,Hernandez,brenda.hernandez@hotmail.com,7269005326,591 Harrell Haven Suite 491,Lopezbury,PW,34980
SHP_46663,Amanda,Hall,amanda.hall@hotmail.com,(619)995-5089x775,815 Johnson Meadow,Thompsontown,CT,93027
SHP_91689,Barbara,Collins,barbara.collins@gmail.com,(203)432-8880x70051,5120 Erin Street Apt. 175,Michaelview,CA,52713
SHP_99181,Jennifer,Huber,jennifer.huber@hotmail.com,001-587-256-1786x88002,156 Andrea Villages,East Haleymouth,NJ,83972
SHP_90090,Christopher,Woods,christopher.woods@gmail.com,+1-627-202-1258,109 Mark Passage,New Barbara,AS,06857
SHP_25572,Kathleen,Rios,kathleen.rios@gmail.com,+1-645-651-7235x370,53284 Clay Spur Apt. 984,Hillside,MH,20434
SHP_26864,Vanessa,Murphy,vanessa.murphy@gmail.com,394-290-6035x62706,09171 Sanchez Drive Apt. 774,New Christinahaven,ME,62555
SHP_22672,Juan,Green,juan.green@yahoo.com,806.274.7169x568,7850 Acevedo Green,Port David,MH,57146
SHP_61629,Linda,Barnes,linda.barnes@yahoo.com,001-473-778-0534,187 Rodney Vista,Parkerchester,AS,60496
SHP_58915,Cynthia,Smith,cynthia.smith@yahoo.com,+1-613-362-6398x3842,08954 Jeffrey Well,South David,GA,67213
SHP_54444,Adam,Morgan,adam.morgan@gmail.com,936.482.1444x88966,367 Ball Highway Suite 202,Meghanburgh,PW,48844
SHP_83116,Laura,Prince,laura.prince@gmail.com,+1-685-475-4738x808,0628 Walter Tunnel Apt. 725,Jeffreytown,MN,91395
SHP_57920,Anthony,Lawson,anthony.lawson@gmail.com,(205)605-0351x8386,81982 Diana Plains,East Madison,OH,83520
SHP_28909,Joshua,Bowers,joshua.bowers@yahoo.com,742.738.8565x271,4116 Howell Route,Port Patrick,KS,93220
SHP_36090,Adam,Davis,adam.davis@gmail.com,248.953.6819,7496 Miller Port Suite 712,Melissaton,UT,75562
SHP_88966,Matthew,Hernandez,matthew.hernandez@hotmail.com,(749)942-0962,352 Kane Fords Apt. 598,Bennettmouth,KS,57630
SHP_76731,Wendy,Macdonald,wendy.macdonald@hotmail.com,738.242.5364x62805,4065 Harvey Knoll Apt. 562,New Ian,GU,01776
SHP_62610,Anthony,Taylor,anthony.taylor@gmail.com,001-824-547-3158x4776,34619 Martin Ford Suite 676,Lisaville,PA,50707
SHP_75546,Holly,Banks,holly.banks@yahoo.com,(465)858-6851x27652,6491 Linda Cove Apt. 096,South Karenside,CT,83538
SHP_15276,Leroy,Torres,leroy.torres@yahoo.com,529-527-8632x11851,834 Gabriela Path,Staceymouth,IA,63712
SHP_15938,Jesse,Hernandez,jesse.hernandez@gmail.com,726.523.4112x394,1163 Michael Points,Kristymouth,CA,80064
SHP_15100,Tricia,Kerr,tricia.kerr@hotmail.com,+1-929-998-3358x76887,6041 Jonathan Extensions,New Staceyview,MH,80193
SHP_27961,Jessica,Diaz,jessica.diaz@hotmail.com,601-477-4950x354,05813 Richardson Falls Suite 400,New Diane,NV,46513
SHP_53652,Tiffany,Owens,tiffany.owens@yahoo.com,+1-619-904-2446x24167,995 Anne Cape Suite 831,Port Lydia,MP,14462
SHP_72094,Vincent,Bryant,vincent.bryant@hotmail.com,620-895-4814x9737,2330 Melissa Stream,Evansburgh,AK,72320
SHP_78069,Jennifer,Hall,jennifer.hall@hotmail.com,223-935-7617,74457 Mercado Extensions,Zamorafurt,IA,51935
SHP_69898,Catherine,Bowman,catherine.bowman@gmail.com,948-221-8809,3735 Adams Branch,East Ericbury,IN,88174
SHP_29521,Nicholas,Romero,nicholas.romero@yahoo.com,895-837-7492,95634 Shaun Parks,Floresburgh,GA,47515
SHP_89463,Joan,Davis,joan.davis@gmail.com,(556)626-0835,97279 Fisher Tunnel Suite 953,North Rhonda,AR,42923
SHP_77568,Stacy,Joseph,stacy.joseph@gmail.com,221-901-5106,704 Holly Prairie Suite 766,North Teresa,AR,79594
SHP_28321,Cheryl,Gonzalez,cheryl.gonzalez@gmail.com,001-367-413-9719,22132 Michelle Squares Suite 672,North Catherineland,DE,15274
SHP_52987,Charles,Thompson,charles.thompson@gmail.com,249.860.5937,2352 Nelson Turnpike,South Christopher,IA,68431
SHP_90356,Daniel,Clarke,daniel.clarke@hotmail.com,+1-889-234-7731x0110,08597 Timothy Loaf,East Marymouth,MN,46716
SHP_51750,Brad,Jimenez,brad.jimenez@yahoo.com,+1-707-274-6347x16662,622 Alan Orchard Suite 375,East Christopherfurt,CA,52203
SHP_31299,William,Morgan,william.morgan@yahoo.com,240-235-4406,25897 Pollard Underpass Suite 971,North Adrian,RI,96468
SHP_61505,Gina,Sparks,gina.sparks@yahoo.com,472.842.9543x165,300 Rebecca Mountain Apt. 420,Williamsonview,FL,12174
SHP_90805,Kathy,Ferguson,kathy.ferguson@yahoo.com,+1-355-557-7343x28239,183 Myers Valleys,Cindybury,MI,77521
SHP_49221,Timothy,Campbell,timothy.campbell@hotmail.com,001-571-655-3331x7931,6196 Michele Light Suite 021,Port Andrewton,GA,65868
SHP_87820,Elaine,Harvey,elaine.harvey@yahoo.com,613-332-8348,361 Rose Falls,North Rebeccaside,FM,48179
SHP_54089,Sandra,Hall,sandra.hall@yahoo.com,+1-641-770-8701,5804 Gallegos Island,Frystad,MD,23974
SHP_76494,Andrea,Smith,andrea.smith@yahoo.com,+1-997-435-8824x416,94053 Reilly Mountain,East Marcus,AS,38162
SHP_76809,Alyssa,Leon,alyssa.leon@hotmail.com,843-980-2089,191 Williams Ramp,Port Derekside,OK,57875
SHP_79774,Jacob,Smith,jacob.smith@yahoo.com,001-793-851-8638x78294,18102 Morgan Flats Apt. 731,New Darlenefurt,TN,64714
SHP_74205,Nicholas,Bowman,nicholas.bowman@gmail.com,266.710.9165x04939,4218 Werner Crossroad,East Tamarafurt,MP,19617
SHP_83783,Lorraine,Fernandez,lorraine.fernandez@gmail.com,+1-767-331-2343x88804,202 Franklin Gardens Suite 450,New Gregory,VA,31636
SHP_49294,Meghan,Johnson,meghan.johnson@hotmail.com,668-215-7366,012 Andrew Port Apt. 819,Danielport,NV,53705
SHP_72245,Katherine,Caldwell,katherine.caldwell@yahoo.com,225.704.0258x9881,723 Washington Highway Suite 720,East Keithville,AK,38021
SHP_12180,James,Burnett,james.burnett@gmail.com,708-350-7085x1767,02779 Allen Road Suite 193,Port Bradleyside,VA,19236
SHP_58281,Julie,Holloway,julie.holloway@gmail.com,(856)650-9484,6990 Rachel Locks Suite 453,Lake Matthewport,IA,39907
SHP_53416,Nicole,Brown,nicole.brown@hotmail.com,001-413-934-0781x42663,348 Flores Springs Apt. 559,Ryanmouth,SC,91365
SHP_98317,John,Lopez,john.lopez@hotmail.com,842.784.2851x775,8846 Amy Loaf Suite 463,Huntton,MI,22026
SHP_24366,Jean,Lynch,jean.lynch@gmail.com,997.905.8162x9518,76342 Abbott Circle Suite 330,Michaelfort,OH,19653
SHP_64596,Troy,Gilbert,troy.gilbert@gmail.com,204-618-6905x638,45525 Robert Harbors,Villafurt,NM,79702
SHP_86507,Melissa,Roberts,melissa.roberts@gmail.com,001-961-936-7157,21663 Murphy Island,Wendyfort,IL,92551
SHP_50327,Mark,Lam,mark.lam@yahoo.com,+1-801-891-6536x4706,8134 Kyle Junctions Apt. 448,Hillshire,CA,90295
SHP_92478,Judith,Ward,judith.ward@hotmail.com,595.534.3961x12910,18954 Mayo Flats Apt. 023,Pierceview,MH,73946
SHP_13492,Amy,Phillips,amy.phillips@gmail.com,428-948-4217,219 Brown Streets Suite 789,East Ryanville,NE,09688
SHP_88238,Adam,Hamilton,adam.hamilton@hotmail.com,001-637-915-7140x692,23517 Matthew Isle,Marshport,WV,38257
SHP_72205,Christina,Smith,christina.smith@hotmail.com,875-698-8759x21299,0336 Laura Square,South Mitchell,NC,24950
SHP_44803,Ryan,Miles,ryan.miles@yahoo.com,789.482.6041x809,5585 Steven Motorway,Janiceberg,NM,39402
SHP_95929,William,Brown,william.brown@gmail.com,5993532189,305 Miranda Land Suite 833,South Victorville,NM,37809
SHP_85821,Linda,Lee,linda.lee@yahoo.com,(820)962-7244x7099,0716 Jesse Drives Suite 265,Marvinmouth,MA,58699
SHP_85711,Jeffrey,Banks,jeffrey.banks@gmail.com,881.843.3161,4697 Tony Creek Suite 111,Troymouth,DC,31942
SHP_39824,Angie,West,angie.west@gmail.com,747-577-5388x17683,7811 Melanie Shore,Port Ronaldville,PA,68686
SHP_16731,Melissa,Tucker,melissa.tucker@gmail.com,670.817.7018x1234,8912 Debbie Mountains Apt. 972,Sandersmouth,MO,62347
SHP_86483,Chase,Conway,chase.conway@hotmail.com,232-671-9593x2819,0287 Dustin Crossing Suite 995,Lake Stevenstad,UT,51277
SHP_72973,Christina,Adams,christina.adams@yahoo.com,554.520.9860x97848,428 Christopher Shoal,Lake Robert,OR,94574
SHP_32349,Rose,Lee,rose.lee@yahoo.com,692.697.5698x86471,6923 Mejia Locks Apt. 179,Johnbury,WI,28122
SHP_78712,Brittney,Nelson,brittney.nelson@yahoo.com,(834)728-5357x46206,3596 Kelly Pines,Port Brettland,MH,65879
SHP_92447,Judith,Ross,judith.ross@gmail.com,263.575.0605,511 Young Stream,Hawkinsport,VI,46884
SHP_91230,Nicole,Monroe,nicole.monroe@gmail.com,001-554-883-2492,082 Chad Mill Apt. 939,Davidport,MS,99892
SHP_59832,Matthew,Davenport,matthew.davenport@gmail.com,535-635-6502x6715,7404 Lane Estate Suite 110,South Ashlee,NC,59875
SHP_29369,Julie,Mccarthy,julie.mccarthy@gmail.com,5533285386,0524 Olivia Freeway,West Angelaburgh,MT,81234
SHP_99224,Jonathan,Hill,jonathan.hill@gmail.com,205.866.5776,251 Scott Hollow,North Anthony,ME,31237
SHP_41745,Lisa,Walter,lisa.walter@gmail.com,+1-465-749-0787,54151 Audrey Mount Suite 770,Claytonshire,MS,86663
SHP_14138,Gerald,Taylor,gerald.taylor@yahoo.com,472-483-3343x2603,756 Victor Knoll,West Erin,TN,09887
SHP_85047,Jessica,Wallace,jessica.wallace@hotmail.com,6459037403,34759 Friedman Ranch Apt. 331,Morrisonstad,AK,30549
SHP_24404,Victor,Good,victor.good@gmail.com,+1-893-835-7024x093,984 Mitchell Heights,Derekmouth,IA,77248
SHP_35006,Sally,Petty,sally.petty@hotmail.com,+1-643-339-8210,45064 White Underpass,Davidside,NV,04602
SHP_12482,Rhonda,Blevins,rhonda.blevins@yahoo.com,(649)612-6044x32569,28875 Brent Grove Suite 762,East Amanda,OK,29937
SHP_67807,Lori,Fuentes,lori.fuentes@gmail.com,001-823-227-2344x241,814 Weaver Skyway,Lake Frank,TX,25608
SHP_51116,Timothy,Turner,timothy.turner@yahoo.com,983.539.0887,1249 Justin Curve,Charlenefort,LA,32002
SHP_64890,Andrew,Wang,andrew.wang@yahoo.com,(818)523-5863,931 Thornton Valleys Apt. 449,Stephaniechester,MS,51618
SHP_29848,Kyle,Cohen,kyle.cohen@hotmail.com,985-861-2874x991,6355 Thompson Trafficway,North Thomasborough,ND,78543
SHP_64127,Alexandra,Scott,alexandra.scott@gmail.com,531-298-3924x8481,1691 Leslie Forks,East Craigland,MS,62926
SHP_36724,Samantha,Ortiz,samantha.ortiz@yahoo.com,+1-597-231-5391x1498,482 Sara Overpass Apt. 651,New Brandishire,KY,00513
SHP_63788,Amber,Davila,amber.davila@gmail.com,+1-512-897-8552x96489,139 Morris Forks,Brianview,FM,86776
SHP_75774,Paul,Reed,paul.reed@gmail.com,825.689.7740x439,31181 Tara Ridges Apt. 845,West Faithborough,AL,87520
SHP_90147,Jeremy,Gilbert,jeremy.gilbert@gmail.com,725-277-7277x457,88521 Shari Haven,Ryanton,IN,93689
SHP_71814,Anthony,Avery,anthony.avery@gmail.com,001-984-884-2648x3336,289 Jimenez Streets,Lake Jamietown,PR,44484
SHP_18163,Jimmy,Grant,jimmy.grant@gmail.com,704.783.6481x1659,421 Victor Throughway Apt. 136,Lake Phillip,OK,65584
SHP_28098,Marcia,Martin,marcia.martin@hotmail.com,(633)981-6219,74214 Lara Alley Apt. 463,New Howardmouth,SC,16422
SHP_77984,Abigail,Hanson,abigail.hanson@hotmail.com,308-958-9944,4544 Lopez Path,North Linda,AS,79148
SHP_37176,John,Jones,john.jones@gmail.com,001-434-907-6109x84393,063 Mcmillan Views,Port Michael,IN,89181
SHP_83516,Michael,Kane,michael.kane@hotmail.com,+1-437-281-6969x788,04464 Dominic Gardens,Josephbury,MS,11225
SHP_52604,Kara,Gill,kara.gill@hotmail.com,(400)934-0935,3203 Elizabeth Mews,Fosterchester,UT,47639
SHP_96799,Lindsay,Gardner,lindsay.gardner@hotmail.com,265.256.7173x43122,93781 Johnson Locks Suite 678,Sergioland,NC,39291
SHP_72701,Adrian,Horton,adrian.horton@gmail.com,(701)732-7968,2117 Russo Plaza Apt. 028,Port Brianshire,IL,79747
SHP_78875,Jessica,Rodriguez,jessica.rodriguez@yahoo.com,280-256-9421x1874,9100 Jackson Fields Apt. 492,West Ashleyborough,AK,93947
SHP_59391,Travis,Cruz,travis.cruz@hotmail.com,686-518-3825x591,17245 Fitzgerald Tunnel,Chrisburgh,AR,69598
SHP_51124,Jennifer,Schmitt,jennifer.schmitt@hotmail.com,+1-776-340-3932x727,214 Mitchell Pike Apt. 689,Maldonadostad,FL,05652
SHP_32699,Nathan,Hogan,nathan.hogan@yahoo.com,001-752-751-6129x54017,3702 Glenn Cape,Garybury,MN,80863
SHP_70249,Alexandra,Berry,alexandra.berry@hotmail.com,974-255-2753,1023 Meghan Trail,New Nicholas,CO,09503
SHP_79878,Samantha,Lloyd,samantha.lloyd@hotmail.com,915.314.4661x99541,65626 Patterson Plaza,Kellymouth,TN,44086
SHP_54869,Roberto,Perez,roberto.perez@hotmail.com,(392)667-1348,2342 Sara Summit Apt. 893,Baxterton,AS,01002
SHP_81601,Steve,Hopkins,steve.hopkins@gmail.com,001-451-236-2238x01370,401 Price Loaf,Port Janetfurt,AZ,61505
SHP_56437,Kristen,Ramos,kristen.ramos@gmail.com,673.863.6525,33140 Chen Camp Apt. 684,New Geraldport,ID,71396
SHP_98587,Samantha,Williams,samantha.williams@gmail.com,001-635-918-8934x5764,269 Christopher Run Apt. 646,Longborough,HI,57578
SHP_99226,Samuel,Jackson,samuel.jackson@hotmail.com,+1-540-557-4889x6633,8580 Samantha Passage Suite 085,North Sarah,RI,19562
SHP_94319,Desiree,Hudson,desiree.hudson@gmail.com,(547)952-1127x596,14933 Rachael Place,Martinbury,AR,57122
SHP_44650,Keith,Norris,keith.norris@gmail.com,538-645-0462x1764,416 Cole Bypass,Petersside,TX,91592
SHP_89963,Jessica,Cook,jessica.cook@hotmail.com,700-338-1803x648,21824 Jasmine Burg,South Brandonhaven,KS,55899
SHP_73462,Brian,Brown,brian.brown@hotmail.com,+1-710-372-9967x22485,703 Harris Haven Apt. 710,East Denisemouth,GU,65033
SHP_35200,Carrie,Russo,carrie.russo@gmail.com,001-598-837-3540x33173,546 Ferguson Knolls,Josehaven,FM,65680
SHP_42311,Christina,Mendez,christina.mendez@gmail.com,001-410-967-3338,3480 Heather Ports Suite 689,East Sydney,MN,72307
SHP_46569,Angela,Ray,angela.ray@gmail.com,(959)355-2366x26437,8993 Horton Fields Suite 262,South Williamburgh,PA,27579
SHP_83149,Kaitlyn,West,kaitlyn.west@hotmail.com,+1-886-300-9391,610 Robbins Ramp Suite 441,Knightborough,TN,69074
SHP_49124,Jonathan,Pearson,jonathan.pearson@yahoo.com,671-333-2581x963,04362 May Lock,Lake Masonbury,AL,45537
SHP_39473,Laurie,Gonzales,laurie.gonzales@hotmail.com,(719)212-8411x7309,4651 Tammy Club,Port April,RI,66043
SHP_49008,Stacey,Conrad,stacey.conrad@yahoo.com,669.821.0533x651,0142 Bryant Union,North Samantha,WA,89869
SHP_47880,Amanda,Nelson,amanda.nelson@hotmail.com,001-391-693-0315x84256,383 Michelle Island,West Thomas,WV,12413
SHP_37168,Robert,Edwards,robert.edwards@hotmail.com,001-520-924-6175x202,26005 Mcbride Landing Suite 017,East Dylan,TX,86833
SHP_74094,Mitchell,Walker,mitchell.walker@hotmail.com,886-755-0784,574 Walker Fields,Courtneyville,FM,89030
SHP_51555,Tyler,Lutz,tyler.lutz@gmail.com,497.730.9053x3019,647 Jonathan Landing,Brandonborough,CO,33065
SHP_72888,Scott,Gray,scott.gray@gmail.com,(311)816-8595x2417,7825 Little Groves Apt. 251,North Melissatown,GA,86749
SHP_55718,Eric,Shaw,eric.shaw@hotmail.com,748.374.1148x6267,976 Cook Grove,Kellymouth,CA,47449
SHP_83464,Janice,Sanders,janice.sanders@yahoo.com,368-958-0848,645 Miller Path,West Ericaland,ID,31864
SHP_45842,Patricia,Cohen,patricia.cohen@hotmail.com,001-672-838-2198x376,52544 Brian Fall,Holmesfort,IA,88579
SHP_47721,Andrew,Moore,andrew.moore@hotmail.com,(846)749-1371,423 Nathaniel Port,Fowlerfort,ND,11746
SHP_25974,Mark,Trujillo,mark.trujillo@yahoo.com,(613)942-8233x4430,2720 Miller Viaduct,New Tonya,LA,13330
SHP_85166,Kenneth,Williams,kenneth.williams@yahoo.com,+1-500-798-5168x50529,07372 Allison Pass Apt. 257,Pedromouth,SD,36876
SHP_98686,Erica,Miller,erica.miller@yahoo.com,7327198596,025 Randy Mews,Littleton,MO,85203
SHP_81197,Hector,Taylor,hector.taylor@yahoo.com,+1-601-940-5439x346,439 Cabrera Walks,Thompsonstad,VA,68297
SHP_59767,Kristin,Molina,kristin.molina@hotmail.com,(449)334-1582,51108 Jaclyn Plains,Sarafurt,MT,49341
SHP_61712,Johnny,Wallace,johnny.wallace@hotmail.com,2717715002,12850 Mary Views Apt. 847,Port Roseville,PA,63882
SHP_55237,Allen,Graham,allen.graham@hotmail.com,001-827-992-4632x03747,3726 John Drive Apt. 450,Stevenfurt,FM,86147
SHP_29198,Rhonda,Hunt,rhonda.hunt@yahoo.com,304.330.2385x4514,9221 Gibbs Alley Apt. 900,Lake Jasonfort,IA,93019
SHP_48070,Jacqueline,Horton,jacqueline.horton@yahoo.com,+1-768-363-1468x70411,695 Gonzalez Dale Apt. 811,West Marie,KS,86614
SHP_15513,Jennifer,Wilson,jennifer.wilson@gmail.com,(316)540-7870x481,73965 Timothy Road Apt. 959,Alexanderfort,UT,08521
SHP_47700,Barbara,Powers,barbara.powers@hotmail.com,001-939-368-7186,80492 Jasmine Terrace Suite 071,Millershire,IN,27703
SHP_20358,Michelle,Franco,michelle.franco@yahoo.com,427-337-2037x638,584 Joseph Shoals Suite 601,East Rachelview,AS,32521
SHP_55398,Michelle,Kent,michelle.kent@hotmail.com,(801)293-7728x6756,45710 Garcia Passage Apt. 655,East Ronaldfort,DC,18001
SHP_67983,Julie,Bentley,julie.bentley@hotmail.com,570.725.6202,04389 Brown Isle Suite 131,Stewartmouth,WY,16063
SHP_95979,Jessica,Taylor,jessica.taylor@gmail.com,(681)739-7951x962,0558 Thompson View,Caitlinshire,TN,82364
SHP_43612,Patrick,Bray,patrick.bray@gmail.com,735-906-4720,12133 Kaitlyn Mountain Apt. 519,Chelseyborough,NJ,18910
SHP_72793,Annette,Silva,annette.silva@hotmail.com,001-652-859-7945x437,8631 Melissa Burg Suite 897,Abbottfort,MD,36933
SHP_38047,Richard,Flores,richard.flores@yahoo.com,(211)901-7992,57729 Brooks Forges Apt. 565,Leeberg,OR,40520
SHP_36485,Courtney,Ramirez,courtney.ramirez@yahoo.com,(408)852-8558x643,7777 Williams Stravenue Suite 641,Hooverstad,NH,08792
SHP_80592,Melinda,Jones,melinda.jones@yahoo.com,(757)792-7081x06439,36623 Nelson Glen,Lake Richardport,MD,62866
SHP_45537,Peter,Snyder,peter.snyder@hotmail.com,890.645.5224x205,4978 Nicholas Forks,Millerfurt,AZ,91544
SHP_83664,Candace,Collins,candace.collins@yahoo.com,001-246-238-2213x6119,49990 French Mountains Suite 039,East Thomas,NE,09759
SHP_45601,Crystal,Brown,crystal.brown@gmail.com,(930)923-4056,51589 Margaret Cove,Port Michelle,FM,02070
SHP_27992,Andrew,Garcia,andrew.garcia@yahoo.com,706-690-7159,89566 Ortiz Drive,East Jackstad,WY,80570
SHP_24316,Joseph,Lindsey,joseph.lindsey@yahoo.com,+1-889-392-6110x447,434 Michael Common Apt. 681,Melissastad,NH,41748
SHP_90698,Melanie,Johnson,melanie.johnson@yahoo.com,001-834-767-6828x5915,18676 Stacey Road Suite 225,West Robertshire,MT,72603
SHP_86917,Jessica,Salas,jessica.salas@hotmail.com,+1-523-468-8312x8829,4083 Torres Heights,Amandaside,RI,85978
SHP_41363,Angela,Archer,angela.archer@hotmail.com,926-393-7650x1676,6288 Robert Freeway Suite 885,North Jessicafurt,FM,84371
SHP_41779,William,Shannon,william.shannon@yahoo.com,958.859.9197,586 Donald Station,Jeremychester,ID,55673
SHP_16653,Dennis,Hughes,dennis.hughes@hotmail.com,547-435-3414x3910,186 Burch Walks,South Robertfort,WA,34187
SHP_97796,Benjamin,Murphy,benjamin.murphy@gmail.com,+1-329-657-4708x005,2406 Brian Keys Apt. 100,Port Saramouth,IA,13752
SHP_79604,Amy,Robbins,amy.robbins@gmail.com,904-759-6197x40059,4594 Christopher Stravenue,Frankhaven,MH,39089
SHP_39579,Cameron,Neal,cameron.neal@hotmail.com,001-982-517-7769x5644,63566 Robert Glens Apt. 415,South Michael,SC,78767
SHP_93616,Summer,Marshall,summer.marshall@yahoo.com,792.391.4696,7390 Chapman Run,Elizabethhaven,ID,64371
SHP_40518,Brandon,Fernandez,brandon.fernandez@yahoo.com,290-717-2224,6487 Marie Mountains,Morrisview,MT,14377
SHP_16880,Jeffrey,Ramirez,jeffrey.ramirez@hotmail.com,(530)357-8245,812 Sullivan Hills,Lake Timothy,SC,89702
SHP_23133,Cindy,Johnson,cindy.johnson@gmail.com,(526)839-6385x6905,6654 Brenda Center,Port Deannafort,AR,62543
SHP_64172,Steven,Nelson,steven.nelson@gmail.com,450.258.2405x54651,061 Claudia Tunnel Suite 973,Moorebury,WY,00639
SHP_53292,Kyle,Hawkins,kyle.hawkins@hotmail.com,8164561246,9512 Jones Turnpike Apt. 802,Meadowsview,HI,20442
SHP_71918,Jeremy,Bruce,jeremy.bruce@gmail.com,001-979-400-7392,0087 Brown Expressway,Jonesview,AL,55866
SHP_23178,Susan,Holloway,susan.holloway@yahoo.com,558-713-7344x856,15057 Jason Burg Suite 155,South Spencer,OH,37409
SHP_99285,Derrick,Gonzalez,derrick.gonzalez@yahoo.com,(487)529-3631x78680,052 Jimmy Ports,West Charles,WA,21553
SHP_28018,Nicholas,Mccoy,nicholas.mccoy@yahoo.com,418-849-5894x835,35554 Davis Light,East Meganmouth,PW,03601
SHP_10679,Oscar,Lopez,oscar.lopez@gmail.com,(240)932-4873x5700,69174 Ann Via,Parsonsland,SD,92732
SHP_82135,Justin,Powers,justin.powers@gmail.com,001-367-949-9883x5199,76606 Miguel Ford Suite 724,Shannonport,KS,15882
SHP_30701,Jesus,Roth,jesus.roth@yahoo.com,396-333-7922x628,23743 Sanchez Island Apt. 521,Alantown,KS,62529
SHP_63334,Denise,James,denise.james@yahoo.com,763-488-2810,21189 James Gardens Apt. 166,Mariastad,MS,29698
SHP_95575,Kelly,Farmer,kelly.farmer@yahoo.com,(839)296-7244,0458 Collins Branch,Port Meghanton,IA,58029
SHP_72350,Mary,Hill,mary.hill@yahoo.com,236-871-1176x0217,088 Mitchell Ranch,Jenniferport,CT,66203
SHP_72580,Amy,Cunningham,amy.cunningham@yahoo.com,3622607870,159 Lynn Port Suite 501,Lake Jamieberg,OH,97549
SHP_95267,Jay,Zimmerman,jay.zimmerman@yahoo.com,502-728-3849,43856 Julie Ranch,Fernandezhaven,MO,27338
SHP_36143,Amanda,Sullivan,amanda.sullivan@hotmail.com,(788)609-0495x26051,1372 Daniel Expressway Apt. 144,Bautistachester,NE,66587
SHP_47649,Laura,Arnold,laura.arnold@yahoo.com,(416)261-1857x0010,78665 Barnett Unions Suite 195,Timothyshire,AZ,25524
SHP_52096,Brendan,Zimmerman,brendan.zimmerman@hotmail.com,001-985-471-7177x07481,0912 Linda Circles,Port Aaron,MP,97828
SHP_47409,Jennifer,Thompson,jennifer.thompson@gmail.com,383.497.2833,870 Mora Estate,East Zachary,NY,06972
SHP_94659,Ryan,Campbell,ryan.campbell@gmail.com,596-300-0182x08716,927 Ashley Parkways,New Mary,CT,80501
SHP_17754,Janet,Harris,janet.harris@hotmail.com,391-682-5537,596 Matthews Keys Suite 792,Samanthashire,CO,88595
SHP_21725,Jimmy,Carter,jimmy.carter@yahoo.com,+1-265-392-0594x8360,011 English View Apt. 609,Carterport,MN,83294
SHP_95498,Sarah,Howell,sarah.howell@hotmail.com,816.371.4445x505,56406 William Lane Suite 006,South Tonya,ID,48264
SHP_85252,Deborah,Russo,deborah.russo@yahoo.com,+1-954-347-2787x92447,0668 Cole Trail Suite 206,East Thomasside,VI,22167
SHP_40437,Jesse,Padilla,jesse.padilla@gmail.com,(214)639-1372x95416,41079 Jackson Knoll,Nguyenville,TN,64701
SHP_80143,George,Wade,george.wade@hotmail.com,(954)566-2999,6224 Cervantes Path,Ellisontown,KY,68219
SHP_14888,Patrick,Wilson,patrick.wilson@yahoo.com,(935)813-5920x766,75846 Walters Flat Suite 496,East Steve,NJ,51290
SHP_32946,Christopher,Miller,christopher.miller@gmail.com,467.767.4742,35774 Wright Squares Suite 686,Samanthahaven,WI,75477
SHP_64773,Bryan,Evans,bryan.evans@yahoo.com,888.652.8386,98636 Johnston Forge Apt. 959,Jessicaview,FL,18950
SHP_33040,Amanda,Jones,amanda.jones@gmail.com,727.473.4774x96784,31881 Perry Islands Suite 135,Courtneystad,MA,87254
SHP_14763,Justin,Lee,justin.lee@yahoo.com,882-532-8901x710,118 Boyd Radial Apt. 839,Kaylaborough,KY,82741
SHP_62034,Tiffany,Thompson,tiffany.thompson@yahoo.com,+1-403-247-3758x36837,51182 Shari Port Apt. 057,Lake Kenneth,MP,10174
SHP_74930,Stephanie,Lee,stephanie.lee@yahoo.com,402-820-8257x9100,312 Snyder Square,Daniellebury,MO,18582
SHP_34420,Anna,Conley,anna.conley@gmail.com,972-400-8091x2573,56733 Robert Isle,West Robert,NJ,02886
SHP_47941,Alan,Ramirez,alan.ramirez@hotmail.com,+1-626-373-8997x563,562 Lewis Pass,Adrienneburgh,AK,04156
SHP_14910,Gabriel,Smith,gabriel.smith@gmail.com,250.606.4558,407 April Ferry,Jessicahaven,NV,98608
SHP_11214,Kathryn,Riley,kathryn.riley@hotmail.com,458-575-9508x257,300 Smith Manor,New Ryanport,NY,39557
SHP_49110,Holly,Brown,holly.brown@yahoo.com,(958)448-7205,0827 Vaughn Plain Suite 214,East Jessicaside,SC,08089
SHP_84443,Crystal,Huff,crystal.huff@hotmail.com,001-313-622-5560x010,7836 Hensley Mountain Suite 826,East Dustin,OK,86677
SHP_89007,Anthony,Williamson,anthony.williamson@gmail.com,991.954.2518x9714,299 Miller Corners Apt. 710,North Samanthamouth,MS,83773
SHP_24064,Nancy,Reid,nancy.reid@yahoo.com,+1-215-991-5674,179 Rodney Skyway Apt. 257,South Anthonyhaven,VA,22216
SHP_53914,Henry,Baker,henry.baker@hotmail.com,+1-668-846-9138x04753,867 Waters Hills Suite 643,Jessicamouth,AZ,01986
SHP_47298,Amber,Hall,amber.hall@hotmail.com,+1-889-953-3768x4187,600 Ramirez Inlet Suite 973,Lake Kathrynbury,AZ,30339
SHP_69552,Kimberly,Evans,kimberly.evans@gmail.com,971.342.1054x3513,497 Kristin Ridge,North Jenniferside,VI,06068
SHP_94058,Thomas,Green,thomas.green@yahoo.com,645-637-5257,2699 Jasmine Via,Stacyville,GU,15209
SHP_81211,Matthew,Richmond,matthew.richmond@yahoo.com,538.514.3597,115 Owen Glens Apt. 577,Lake Mark,SC,93114
SHP_78723,Heather,York,heather.york@hotmail.com,515.311.0817,7190 Heather Lodge,Ballfort,MT,47752
SHP_74738,Lance,Parks,lance.parks@yahoo.com,311-524-2296x069,172 Morrow Spurs,New Robertmouth,NC,19313
SHP_27589,Gregory,Kerr,gregory.kerr@hotmail.com,001-250-986-7226x6281,7786 Lambert Forks Suite 181,West Denisemouth,KS,56888
SHP_76088,Deborah,Evans,deborah.evans@gmail.com,(384)274-6455x07283,508 Sarah Neck,Richardport,GU,46457
SHP_71344,Kevin,Ingram,kevin.ingram@gmail.com,(827)235-0600x12664,49091 Brandon Coves Suite 659,Kyleport,VA,33087
SHP_45761,Olivia,Lopez,olivia.lopez@hotmail.com,9212245824,709 Steven Row,Shaneborough,MT,91454
SHP_35272,Joan,Davis,joan.davis@hotmail.com,+1-200-224-3181,533 Robinson Junction,Sethburgh,OH,16658
SHP_24764,Jeffrey,Burns,jeffrey.burns@hotmail.com,(233)334-3704x038,3695 Charles Knoll,Romanside,OR,84873
SHP_53343,Nicole,Daniel,nicole.daniel@yahoo.com,208.794.8706,4187 Ward Trace Apt. 304,Patelmouth,AL,51862
SHP_31298,Kimberly,Mills,kimberly.mills@yahoo.com,805-787-9035x0450,107 Rachel Common Apt. 938,Whitneyborough,HI,11675
SHP_70150,Mary,Arias,mary.arias@hotmail.com,(591)902-7440x65033,45313 Hines Inlet Suite 268,Adammouth,NY,54046
SHP_94972,Samantha,Hawkins,samantha.hawkins@yahoo.com,001-770-825-7953,1193 Carter Tunnel Suite 286,New Tina,UT,51900
SHP_43720,Kelly,Maldonado,kelly.maldonado@gmail.com,511.296.9594x1327,61147 Michael Junction,Matthewview,AZ,67396
SHP_34405,Donna,Davis,donna.davis@hotmail.com,+1-408-275-7777x446,90100 Daniels Land Apt. 911,Mirandaborough,FL,92939
SHP_11846,Kevin,Garrison,kevin.garrison@gmail.com,488-895-9491,951 Harris Lock Suite 648,West Jeffreyborough,WY,59555
SHP_54185,Jennifer,Ramirez,jennifer.ramirez@hotmail.com,+1-262-870-1268,36550 Gomez Circles,Goodmanton,MP,39026
SHP_48669,Jose,Hill,jose.hill@yahoo.com,(212)358-6062,409 Logan Union,Julieport,AL,47460
SHP_84420,Timothy,Morales,timothy.morales@gmail.com,281.466.4969,9839 David Isle,North Kyleberg,AS,45865
SHP_98395,Mia,Reeves,mia.reeves@gmail.com,+1-509-290-7046x4450,0451 William Villages,Hallton,AK,23746
SHP_35318,Christine,Parker,christine.parker@hotmail.com,+1-328-418-3255,9178 Meagan Estate Suite 213,Gilberttown,OH,52149
SHP_33002,Victoria,Stewart,victoria.stewart@yahoo.com,001-211-889-8273x41570,085 Derek View,Smithburgh,KY,92607
SHP_90079,Richard,Dyer,richard.dyer@yahoo.com,(538)620-7511,7968 Alexander Ferry Apt. 224,North Tommyburgh,OH,11364
SHP_93719,Pamela,Flores,pamela.flores@hotmail.com,859-683-9782x908,09367 Heather Forge Apt. 616,West Derekchester,MT,33855
SHP_63148,Elizabeth,Wilson,elizabeth.wilson@hotmail.com,+1-836-935-8373x45564,492 Renee Flats Apt. 391,Theresatown,IL,91305
SHP_66059,Richard,Hill,richard.hill@gmail.com,382.310.8539x31661,38225 Bailey Camp,Crosbyhaven,AR,10070
SHP_77538,Destiny,Hanson,destiny.hanson@hotmail.com,+1-325-867-9746x3177,6786 Richard Fort,Port Anna,IL,70511
SHP_52982,Greg,Coffey,greg.coffey@yahoo.com,(550)864-2076,536 Stephenson Mount,Wallacefurt,NH,48153
SHP_21368,Terrence,Clark,terrence.clark@yahoo.com,001-771-925-6721x23008,153 Janice Falls Suite 660,New Ambertown,FM,44232
SHP_62538,Melinda,Warren,melinda.warren@yahoo.com,215.348.1935x628,2515 Robin Drives,Joshuaport,NV,98895
SHP_97720,Christopher,Williamson,christopher.williamson@hotmail.com,307.682.1021x088,898 Christopher Crossing Apt. 774,Jamieton,AL,46893
SHP_22502,Stephanie,Watson,stephanie.watson@yahoo.com,530.790.7406,8522 Marshall Summit,Richardsonberg,MA,93311
SHP_34219,David,Larson,david.larson@gmail.com,(474)356-8652x4062,9967 Leslie Manors Apt. 221,West Joeport,NV,04354
SHP_28430,Steven,Williams,steven.williams@hotmail.com,278.257.1093x38530,63258 Brewer Mountains,Dyerport,MO,48955
SHP_72580,Emily,Wilson,emily.wilson@hotmail.com,500.703.0756x22086,5419 Wilson Spring,East Jeffreyhaven,AZ,53051
SHP_52415,Eduardo,Wallace,eduardo.wallace@gmail.com,551.442.3544,86328 Cory Plaza Apt. 688,South Kelsey,AS,67787
SHP_42512,Amanda,Casey,amanda.casey@yahoo.com,(765)629-3675x627,403 Silva Pass Apt. 975,Markfurt,TN,39612
SHP_10895,Michele,Navarro,michele.navarro@gmail.com,(867)497-8086x847,996 Martin Trail Apt. 346,Lake Taylorshire,CT,64903
SHP_44181,Christopher,Rogers,christopher.rogers@gmail.com,+1-386-526-7136x8410,823 Jennifer Drives,Lake Amberhaven,VA,29835
SHP_60275,Jeffrey,Love,jeffrey.love@yahoo.com,785-366-2670,47632 Amanda Brooks,Hooverberg,NC,02447
SHP_40870,Christopher,Stewart,christopher.stewart@hotmail.com,801-236-6220x633,0275 Lozano Stream Suite 425,Lake John,GU,95577
SHP_68554,Maria,Campbell,maria.campbell@yahoo.com,949.797.2927,02594 Kelly Throughway Apt. 325,Veronicashire,WY,61589
SHP_44995,Robert,Orozco,robert.orozco@yahoo.com,001-944-269-4421x106,3032 Schroeder Turnpike,Port Matthewside,NH,13942
SHP_53204,Miranda,Chang,miranda.chang@gmail.com,001-355-359-2214x63287,59839 Jeffery Centers Apt. 232,Lake Mark,CO,96135
SHP_49576,Elizabeth,Glenn,elizabeth.glenn@hotmail.com,(809)885-5794,5672 Teresa Divide,Karenfort,NY,80701
SHP_86344,Bridget,Farrell,bridget.farrell@hotmail.com,581.554.8361x1538,4493 Owens Haven Apt. 034,South Sherri,NH,72230
SHP_85088,Kimberly,Marshall,kimberly.marshall@gmail.com,991.937.1894x90580,565 Roberts Camp Suite 940,Laneshire,AR,86526
SHP_11498,Benjamin,Becker,benjamin.becker@yahoo.com,677-216-5354x346,1818 Boyd Common Suite 709,Longburgh,RI,95217
SHP_44282,Candace,Patton,candace.patton@hotmail.com,001-330-306-9858x8713,449 James Meadow,Ritaton,NY,14944
SHP_95679,Oscar,Walker,oscar.walker@gmail.com,(211)604-5498,65349 Andrew Manors Suite 634,South Nicholaston,MN,97813
SHP_57127,Michael,Harrison,michael.harrison@gmail.com,+1-508-394-1572x2196,10251 Holmes Turnpike,South Carrie,OH,48491
SHP_40972,Eric,Kelly,eric.kelly@yahoo.com,342-626-3262,3715 Joseph Crossing Suite 787,Pierceton,WI,10783
SHP_18142,Isabel,Yoder,isabel.yoder@yahoo.com,(876)264-7848,4131 Richard Lock Apt. 297,New Kevin,DE,27016
SHP_97528,Brenda,Li,brenda.li@gmail.com,729-504-2284x21020,24026 Julie Mountains Suite 589,South Williamton,VA,86864
SHP_25495,Joshua,Martinez,joshua.martinez@hotmail.com,+1-766-952-4041,733 Fitzpatrick Square Suite 219,East Brent,MH,70105
SHP_71000,Anna,Lee,anna.lee@hotmail.com,458.617.8105,35783 Collins Cliffs Apt. 357,Davisview,LA,03531
SHP_50213,Tonya,Flores,tonya.flores@hotmail.com,635.285.1514,4672 Briana Trail,North Aliciahaven,FL,13117
SHP_30934,Leslie,Williams,leslie.williams@gmail.com,001-216-850-9298,52701 Heather Harbor Apt. 129,Bowmanmouth,MT,35372
SHP_63138,Scott,Warren,scott.warren@gmail.com,485-366-4641x96234,622 James Brook,Hannahton,LA,21878
SHP_99925,Jamie,Smith,jamie.smith@yahoo.com,238.920.5322x65776,8733 Guzman Rapid Apt. 389,Christianshire,KY,20580
SHP_75866,Marvin,Adams,marvin.adams@hotmail.com,884-913-5296x6414,18156 Huff Islands Apt. 441,Johnmouth,PW,17114
SHP_50760,Maria,Davis,maria.davis@yahoo.com,+1-345-237-5739x4266,330 Shelton Radial Apt. 937,South Michaelshire,WA,20735
SHP_25389,Jose,Bryan,jose.bryan@hotmail.com,597-385-3150x2743,654 Vargas Plains,South Dennisshire,TN,41947
SHP_93717,Meagan,Payne,meagan.payne@hotmail.com,+1-979-916-2022x32883,1975 Myers Square Apt. 766,North Justin,DE,74453
SHP_48671,Ian,Mitchell,ian.mitchell@gmail.com,+1-885-457-8002x44323,69069 Arnold Vista,Greenfort,AK,51479
SHP_58174,Veronica,Bryant,veronica.bryant@hotmail.com,557-849-2627x77302,16508 Hutchinson Key,South Jeffreyshire,PA,93544
SHP_90560,Brenda,Frazier,brenda.frazier@gmail.com,690.706.8464x2873,3587 Colton Corner Apt. 549,West Anna,NJ,36429
SHP_38947,Claudia,Flowers,claudia.flowers@yahoo.com,+1-447-373-2372x4929,24061 Jennings Rue,Richardstad,MO,77635
SHP_38721,Jessica,Greer,jessica.greer@yahoo.com,001-390-276-3415x35977,15477 Katie Ridges,Johnland,GU,86911
SHP_27507,Charles,Neal,charles.neal@hotmail.com,965.963.6004x125,18372 Hoover Ville Apt. 209,East Kellyside,WA,51730
SHP_72676,Jane,Ford,jane.ford@hotmail.com,001-362-867-0142x029,2240 Seth Court,New Tony,KY,69726
SHP_30078,Phillip,Alvarez,phillip.alvarez@gmail.com,686-418-2114x08487,54712 Katrina Lane Apt. 757,East Rachel,HI,04837
SHP_69634,Michelle,Franklin,michelle.franklin@yahoo.com,521-874-4756,83704 Williams Estates Apt. 712,Andrewhaven,HI,15045
SHP_89395,James,Olson,james.olson@yahoo.com,479-390-9742x2350,930 Lauren Forge,Lake Lisa,CA,39453
SHP_58971,Shelly,Medina,shelly.medina@yahoo.com,(624)434-9093,263 Scott Points Apt. 041,Port Mitchellport,MA,86441
SHP_64505,Kimberly,James,kimberly.james@gmail.com,224-894-7002x519,44609 Lamb Mountains Suite 248,Washingtonmouth,MS,32327
SHP_81989,David,Hernandez,david.hernandez@hotmail.com,+1-309-494-9194x37333,865 Powell Plaza,Mikaylaton,PR,20991
SHP_71712,Rebecca,Williams,rebecca.williams@gmail.com,286.834.8765x6128,2110 Lewis Locks Apt. 566,Lovemouth,RI,58648
SHP_80453,Daniel,Brooks,daniel.brooks@hotmail.com,001-491-919-8310x305,44184 Mack Station,Jasontown,NM,47003
SHP_97044,Kathleen,Malone,kathleen.malone@yahoo.com,(625)477-9830,5382 John Course,Lake Nicole,CA,78312
SHP_38627,David,Moore,david.moore@gmail.com,+1-570-411-9235x73739,019 Eric Shoals Apt. 967,East Davidmouth,WY,26948
SHP_42435,Janet,Brown,janet.brown@yahoo.com,(885)764-4925x59334,8002 Stephanie Shores Suite 646,Jamesfort,MH,87692
SHP_99173,Madison,Garcia,madison.garcia@gmail.com,598.581.0295x78822,623 Jarvis Divide Apt. 342,South Kevin,AK,16440
SHP_88094,Andrea,Ellis,andrea.ellis@gmail.com,(216)644-0078,5023 Brian Prairie Apt. 857,Williamsshire,MO,72115
SHP_20730,Brian,Harvey,brian.harvey@hotmail.com,(314)335-6310x8232,0824 Lucas Roads,West Christianborough,MI,44416
SHP_78879,Janet,Thomas,janet.thomas@hotmail.com,691.232.5332x588,62742 Colton Skyway Apt. 154,Kylehaven,WV,46444
SHP_68556,Matthew,Payne,matthew.payne@hotmail.com,+1-866-521-9011x42747,0249 Heather Turnpike Apt. 828,Port Amyfort,KS,37055
SHP_79228,Mary,Collins,mary.collins@yahoo.com,4705472660,58501 Friedman Springs Apt. 173,South Tylerville,MD,55976
SHP_57419,Lisa,Case,lisa.case@gmail.com,001-436-276-6177,31939 Eugene Brooks,Port Katrinaview,MD,04607
SHP_20237,Bradley,Johnson,bradley.johnson@yahoo.com,001-374-280-2818x355,27522 Melissa Street,Antonioview,MT,29027
SHP_83946,Jane,Perry,jane.perry@hotmail.com,5888358558,4875 Andrews Trail Suite 425,Sandrashire,SD,08080
SHP_24707,Elizabeth,Jenkins,elizabeth.jenkins@yahoo.com,+1-926-342-0712x113,0839 Sosa Creek,Meredithport,NY,59693
SHP_18094,Stephen,Mooney,stephen.mooney@yahoo.com,(371)249-9863x28959,524 Melissa Light,East Dakota,MI,74685
SHP_81781,Brian,Johnson,brian.johnson@gmail.com,(778)292-8243,135 Katherine Rapids Suite 617,Whiteview,MH,97037
SHP_76255,Steven,Crawford,steven.crawford@yahoo.com,001-713-461-6576,61954 Pamela Curve,Annaview,OR,39364
SHP_36497,Alexandra,Thompson,alexandra.thompson@yahoo.com,767-354-3005x36854,977 Kelly Fork,East Nicholemouth,MP,75042
SHP_85065,Eric,Robinson,eric.robinson@yahoo.com,3423424835,944 Riley Ferry Apt. 497,Wardmouth,MH,05877
SHP_80341,Jennifer,Martinez,jennifer.martinez@yahoo.com,+1-421-487-4064,3556 Benjamin Spur,New Johnathan,LA,49016
SHP_29641,Christopher,Jones,christopher.jones@gmail.com,697.847.2956,1307 Samantha Manor Apt. 028,West Ashley,SC,00694
SHP_31566,Nancy,Cruz,nancy.cruz@hotmail.com,778.558.0391x27790,1895 Jessica Glen Apt. 970,New Julie,NH,96440
SHP_53007,Crystal,Warren,crystal.warren@yahoo.com,001-398-699-1263x82794,509 Allen Track Apt. 309,Williamshaven,GA,92823
SHP_78202,James,Brown,james.brown@hotmail.com,001-930-213-9700x7635,617 Daniel Loaf,Wangfort,PW,73129
SHP_67912,Shawna,Wright,shawna.wright@yahoo.com,886.721.0781x8710,2570 May Run Apt. 269,East Sandra,VA,09951
SHP_25235,Cindy,Palmer,cindy.palmer@hotmail.com,366-578-7229x774,54395 Smith Summit Apt. 092,Mathisberg,NC,91572
SHP_99167,Nathan,Walter,nathan.walter@yahoo.com,892-329-1534,878 Barrera Isle,Port Sean,MA,90576
SHP_36922,Elizabeth,Ritter,elizabeth.ritter@hotmail.com,8875754629,2150 Hernandez Glen Suite 100,Barberborough,MD,23655
SHP_86434,Erica,Wright,erica.wright@gmail.com,001-897-251-0625x58023,2059 Lori Coves Suite 254,Olsonchester,FM,99075
SHP_74071,Brittany,Lewis,brittany.lewis@hotmail.com,649.370.4703x40529,5892 Johnson Plain,Lake Sara,AZ,53820
SHP_21919,Marcus,Mahoney,marcus.mahoney@hotmail.com,522.332.4204x3006,69713 Blake Junctions,Port Emilyland,PR,39982
SHP_76895,Denise,Patterson,denise.patterson@hotmail.com,001-738-447-7733x62342,0647 Mcintosh Drives Suite 573,West Andrew,NV,77863
SHP_68390,Nicole,Thomas,nicole.thomas@gmail.com,408.329.3870x24196,63142 Michael Heights,North Mitchellberg,NC,37033
SHP_17292,Shannon,Pearson,shannon.pearson@yahoo.com,(746)272-6368x15418,77291 Kimberly Inlet,Blakemouth,SD,74176
SHP_69432,Derrick,Thompson,derrick.thompson@yahoo.com,(434)990-8601x374,18997 Anne Mill,New Ryanville,KY,06594
SHP_27294,William,Clarke,william.clarke@hotmail.com,229-798-6631,97690 Mays Flats,Andrewfort,IN,98735
SHP_77272,Jamie,Levy,jamie.levy@gmail.com,3619525019,879 Smith Hills Suite 006,East Marcus,MP,06292
SHP_64450,David,Gonzalez,david.gonzalez@yahoo.com,950.444.8526x02354,0553 Kathryn Club,East Chloetown,KY,48417
SHP_69873,Brad,Lee,brad.lee@hotmail.com,281-711-2976x4072,8533 Natalie Island,Laurashire,KS,38194
SHP_83912,Donald,Campbell,donald.campbell@yahoo.com,(957)760-1380,81216 Thompson Shoals,Brianville,MN,74706
SHP_17567,Michael,Mooney,michael.mooney@hotmail.com,001-722-525-6062,063 Lin Gardens Apt. 180,Randyfort,KY,14203
SHP_83242,Steven,Jackson,steven.jackson@hotmail.com,001-605-841-3317,83636 Matthew Oval,North Kyle,WA,12790
SHP_70604,Ashley,Lloyd,ashley.lloyd@hotmail.com,001-966-336-1863,741 Damon Plaza Apt. 097,East Jamesfurt,LA,27487
SHP_98181,Jennifer,Rowe,jennifer.rowe@yahoo.com,(260)434-6317,7396 Ryan Prairie,Franklinmouth,OH,59446
SHP_50392,Connor,Peterson,connor.peterson@yahoo.com,791.494.6796x50637,76972 Lauren Lock Suite 436,Port Justin,ID,36500
SHP_12853,Rachel,Rodriguez,rachel.rodriguez@yahoo.com,401.526.0562x9266,01342 John Pass Suite 630,Lake Brittany,MO,17672
SHP_61897,Timothy,Woods,timothy.woods@gmail.com,(833)458-2350,1570 Gary Lock Apt. 416,West Jeffreyview,IN,93992
SHP_43352,George,Anderson,george.anderson@yahoo.com,(782)474-4247x2215,59164 Diane Lake,Tiffanyburgh,CO,54634
SHP_10395,Caitlin,Hogan,caitlin.hogan@hotmail.com,552.607.2486x311,81320 Russell Mountains,Thomasmouth,AK,56431
SHP_38560,Carl,Jordan,carl.jordan@yahoo.com,001-801-989-2926,392 Johns Rapids,Sharontown,HI,32391
SHP_85800,Debra,Mcdonald,debra.mcdonald@yahoo.com,001-210-354-1715x0076,1800 Gaines Plaza Suite 284,Michaelchester,CT,69900
SHP_19572,Haley,Robinson,haley.robinson@hotmail.com,001-806-901-4579x232,8581 Smith Lakes,Lake Danielchester,NM,80363
SHP_15936,Rachael,Lopez,rachael.lopez@gmail.com,(996)705-3962x489,294 Wilson Mall Apt. 426,Hernandezborough,NJ,12594
SHP_65534,Brandon,Carr,brandon.carr@gmail.com,+1-933-496-3790x20388,893 Campbell Mission,Port Katelynmouth,NE,53477
SHP_55158,Chad,Kelly,chad.kelly@gmail.com,001-220-322-7961x770,085 Vazquez Mission,Lake Brittany,ND,72254
SHP_18357,Edward,Rodriguez,edward.rodriguez@gmail.com,(654)996-3308x3344,8878 Smith Mountain,Port Gabrielstad,RI,90038
SHP_80931,Michael,Terrell,michael.terrell@yahoo.com,6992625438,2034 Cole Meadows Suite 047,West Andreaberg,VI,82312
SHP_17897,Tyler,Thomas,tyler.thomas@gmail.com,+1-689-681-8560x9189,69256 Anderson Cove,North Nathan,MS,63802
SHP_19046,Justin,Bishop,justin.bishop@yahoo.com,405.859.3194,218 Jessica Radial,Destinyhaven,MI,72597
SHP_71875,Monica,Lyons,monica.lyons@hotmail.com,257-432-5737x55344,666 Yates Village,New Nathanielshire,NE,04706
SHP_14159,Judy,Smith,judy.smith@yahoo.com,001-245-438-8322x1974,16430 Michael Square,North Andreahaven,CA,02562
SHP_47629,Adam,Clark,adam.clark@gmail.com,218.487.5875x098,5204 Mcguire Prairie,South Tinaborough,OR,03236
SHP_63591,James,Franklin,james.franklin@gmail.com,+1-676-215-0011x13915,2364 Montgomery Trace Apt. 499,North Aaronhaven,MO,13247
SHP_33590,Rebecca,Grimes,rebecca.grimes@hotmail.com,(709)512-1040x7254,16099 Donald Roads Suite 707,South Stephanie,MN,88113
SHP_27750,Joshua,Stokes,joshua.stokes@yahoo.com,8943765118,4099 Garcia Park Suite 398,East Taylormouth,ME,83900
SHP_94085,Alexis,Robinson,alexis.robinson@yahoo.com,975-470-5120x4618,6013 Wise Mills,Lake Virginia,ID,60903
SHP_94656,Sherri,Dunn,sherri.dunn@yahoo.com,(514)520-5334x0868,835 Emily Skyway,Michaeltown,IL,89050
SHP_65097,Mary,Bailey,mary.bailey@hotmail.com,(760)386-0489x9401,687 Stephanie Plains Suite 561,Lake Maryport,RI,95995
SHP_59081,Teresa,Martinez,teresa.martinez@gmail.com,437-575-7165x787,598 Coleman Forge,South Arthurland,CA,88470
SHP_60132,Samuel,Vasquez,samuel.vasquez@gmail.com,690.789.1114x70935,88633 Kimberly Rapids Suite 747,Port Cameron,AS,62628
SHP_68790,Jerry,Porter,jerry.porter@yahoo.com,+1-941-643-1401x398,533 Garcia Radial,Pamburgh,ND,37458
SHP_59479,Matthew,Johnson,matthew.johnson@gmail.com,549-908-0998x39767,6163 James Underpass,Johnbury,WI,88483
SHP_59236,Mark,Ross,mark.ross@yahoo.com,494.941.0104,9354 Danny Alley Apt. 818,Carrville,IL,20898
SHP_20518,Julia,Kline,julia.kline@yahoo.com,627-775-8416x16928,54479 Jackson Mills,Sergiostad,RI,57509
SHP_99486,Shelby,Berg,shelby.berg@hotmail.com,(293)510-2707,20417 Mary Circles,North Tylerbury,CA,27061
SHP_96742,Steve,Camacho,steve.camacho@hotmail.com,(705)662-3309x47976,6458 Cheryl Green,Francofort,IL,33045
SHP_80687,Sierra,Murphy,sierra.murphy@yahoo.com,4476779320,894 Riley Plaza,Trevorborough,PW,53409
SHP_27431,Luke,Benton,luke.benton@gmail.com,445.563.3389,524 Hayes Junction Apt. 557,South James,ND,01491
SHP_95660,Lawrence,Miller,lawrence.miller@yahoo.com,258.204.7118,0153 Jasmine Ports Suite 960,South Richard,WI,25475
SHP_55582,Emily,Davis,emily.davis@yahoo.com,682-531-3348x45871,2362 Chelsea Estate,Suefort,SD,78518
SHP_25549,Brendan,Hunt,brendan.hunt@gmail.com,(467)834-4671x776,3362 Oneal Roads,Greenmouth,AR,80401
SHP_33392,Jake,Carey,jake.carey@gmail.com,+1-264-925-9154x33974,06918 Townsend Fork Suite 517,New Robert,NM,58713
SHP_80419,Glenn,King,glenn.king@yahoo.com,929-798-7247x3539,3007 Pacheco Green,Tinaland,AS,69842
SHP_61518,Amanda,Mcdonald,amanda.mcdonald@hotmail.com,564-711-9771x3448,834 Mcgrath Burgs,North Erikaside,HI,21200
SHP_79316,Brian,Wallace,brian.wallace@yahoo.com,(760)594-9274,569 Pierce Locks Apt. 692,West Davidstad,OH,70801
SHP_26691,Diana,Durham,diana.durham@gmail.com,552.734.0870x5683,6385 Alicia Drives Suite 399,Phillipsfurt,OR,73972
SHP_39188,Dana,Atkinson,dana.atkinson@gmail.com,485.813.9311x6531,6967 Combs Bypass Suite 717,West Christyland,SD,71267
SHP_10455,Benjamin,Freeman,benjamin.freeman@gmail.com,248.711.3176x5397,739 Davis Spur Apt. 908,Jonesburgh,NH,36511
SHP_12979,John,Blair,john.blair@hotmail.com,512-488-6691x122,2526 Sandra Prairie,Clarkeside,OK,19735
SHP_49107,Samantha,King,samantha.king@yahoo.com,9172059396,552 Paul Club,West Wanda,MH,49529
SHP_70686,Rebecca,Huffman,rebecca.huffman@hotmail.com,001-925-528-0949x823,277 Huerta Orchard Apt. 767,Simsburgh,NE,68070
SHP_98276,Robin,Kim,robin.kim@gmail.com,325-888-6833,59097 Laura Springs Suite 924,Josefort,AL,75243
SHP_81361,Rebecca,Castro,rebecca.castro@yahoo.com,499.928.7987,142 Bradley Union,Thompsonville,NJ,87864
SHP_65591,Russell,Arnold,russell.arnold@yahoo.com,288.843.4758x508,57265 William Springs,Randallland,MD,76897
SHP_79721,Linda,Burton,linda.burton@yahoo.com,(384)846-7940x36640,95737 Misty Knoll,Diazburgh,PA,92684
SHP_59712,Michael,Kim,michael.kim@yahoo.com,+1-833-652-1970,4123 Marcus Canyon,West Jose,NH,66435
SHP_40102,Kathryn,Reyes,kathryn.reyes@gmail.com,(248)601-0317x487,778 Stanton Turnpike,South Vincenthaven,AK,50632
SHP_42441,Crystal,Mcintyre,crystal.mcintyre@yahoo.com,807-384-9029x65917,43002 Jessica Lights,Walterschester,UT,22197
SHP_70375,Christina,Lara,christina.lara@hotmail.com,+1-898-362-2546x86296,56574 Anita Inlet,South Denise,CO,93042
SHP_55371,Allison,Wagner,allison.wagner@yahoo.com,001-950-932-4496x726,67627 Bell Lakes,Carolburgh,PR,33410
SHP_30332,Paul,Lopez,paul.lopez@gmail.com,488-824-1996,22975 Shannon Valleys Suite 542,Port Angelaport,MN,64215
SHP_46129,Kelli,Mcclain,kelli.mcclain@gmail.com,(566)966-2608x95588,35584 Clark Parks,Sotofort,IA,37969
SHP_34704,Kristine,Hernandez,kristine.hernandez@hotmail.com,619.882.6425x82624,877 Leslie Isle,North Kathleenton,FM,16053
SHP_24790,Jamie,Bartlett,jamie.bartlett@gmail.com,322.425.7504,6435 Ashley Villages,Mitchellmouth,IN,13351
SHP_14222,Charles,Jimenez,charles.jimenez@yahoo.com,402.812.0663,95894 Sara Pike Suite 464,East Paulbury,AK,44756
SHP_96533,Christopher,White,christopher.white@yahoo.com,874-472-1970x546,8955 Evelyn Parkways Suite 409,Lake Krystalside,AL,20759
SHP_64950,Amanda,White,amanda.white@yahoo.com,(669)942-1700x0188,8621 Allison Views Suite 360,North Ashley,MT,16908
SHP_90599,Heidi,Flores,heidi.flores@gmail.com,651.963.8326,001 Smith Point,East Feliciaport,SC,86499
SHP_12050,Brenda,Kaiser,brenda.kaiser@hotmail.com,201-302-6390,3948 Kevin Wall,New Benjamin,TX,00614
SHP_41544,Amanda,Chan,amanda.chan@gmail.com,+1-395-229-8006x155,8328 Heath Forks,Lauriestad,MA,54685
SHP_37011,Melissa,Martinez,melissa.martinez@yahoo.com,985.751.2817,39597 Matthew Green,South Melissa,SC,06479
SHP_18819,Joseph,Wright,joseph.wright@gmail.com,(741)800-6762x676,9327 Lauren Bypass,Andrewview,CT,10226
SHP_23224,Kim,Thomas,kim.thomas@gmail.com,453.521.2440,40941 Laura Corners Apt. 525,Armstrongshire,OK,08513
SHP_87849,Christopher,Andrade,christopher.andrade@yahoo.com,(930)915-3030x440,109 Ward Plaza,Elizabethmouth,MD,60350
SHP_14400,Lori,Robinson,lori.robinson@hotmail.com,718.919.2424x12963,28832 Kathleen Forges Suite 498,Port Anthonyburgh,RI,30713
SHP_68515,Allison,Carter,allison.carter@yahoo.com,671-901-4782,911 Lee Cape Suite 650,Robertsonhaven,MN,61062
SHP_88352,Jonathan,Shaw,jonathan.shaw@hotmail.com,779-337-1512,0971 Hill Ridge,New Tammytown,AS,60142
SHP_98083,Adrian,Estrada,adrian.estrada@gmail.com,+1-301-456-1619x73844,00882 Alyssa Hollow,Collierton,WV,89682
SHP_16380,Robert,Ortiz,robert.ortiz@yahoo.com,250.872.0811x55626,290 Barnes Springs,Jennifermouth,PW,45610
SHP_42077,Patrick,Frazier,patrick.frazier@gmail.com,+1-409-348-3702x95212,214 Nguyen Land Apt. 662,Sarahtown,IN,09035
SHP_15798,Daniel,Rice,daniel.rice@gmail.com,(697)519-8840,8126 Tony Rapid Apt. 008,West Zacharyshire,PA,02063
SHP_62725,Jennifer,Bryant,jennifer.bryant@gmail.com,268.760.9316,05583 Christopher Land,East Bradley,MO,37861
SHP_67535,Stephanie,Martin,stephanie.martin@gmail.com,(495)714-3692x0091,40297 William Ports Suite 389,Johnsonchester,TN,34576
SHP_40715,Amanda,Jimenez,amanda.jimenez@hotmail.com,404-722-4564x119,25380 Townsend Club Apt. 350,Jenniferbury,VA,90755
SHP_80747,Bruce,George,bruce.george@yahoo.com,6029424598,63158 Copeland Pine Suite 323,North Sheila,CO,52918
SHP_38477,Sheila,Brown,sheila.brown@hotmail.com,+1-813-894-6893x327,3984 Kristin Mount,Port Kimberly,MA,15893
SHP_17398,Gabriel,Perez,gabriel.perez@gmail.com,(840)604-7486x7948,170 Richard Coves Apt. 077,Port Charlesfort,WV,29588
SHP_28367,Kathryn,Pollard,kathryn.pollard@hotmail.com,871.319.6902x13868,839 Sharp Parks,Dustinfort,TX,13617
SHP_76046,Miguel,Mejia,miguel.mejia@hotmail.com,766-254-8620x26369,48916 Arnold Squares,Bryanchester,MI,85907
SHP_47914,Paul,Day,paul.day@gmail.com,7078309505,7121 Brittany Mountains,Spencerside,VA,45157
SHP_40692,Timothy,Mcgrath,timothy.mcgrath@hotmail.com,271.543.6539x34797,840 Hines Meadows,Ryanshire,UT,41411
SHP_85511,Elizabeth,Davidson,elizabeth.davidson@gmail.com,+1-390-902-8772,54083 Powell Freeway Apt. 779,Millerfort,NV,41927
SHP_51799,Richard,Payne,richard.payne@gmail.com,(240)677-4881x682,81277 Daniel Motorway,Phillipsburgh,TX,63600
SHP_85690,Erica,Le,erica.le@hotmail.com,+1-421-504-7095x21456,588 Rivas Glens,Coffeyport,WA,44897
SHP_88370,Robert,Thomas,robert.thomas@gmail.com,001-836-326-6933x51342,72450 Abigail Pine,Port Courtneyfort,IN,87063
SHP_98150,Jessica,Gallagher,jessica.gallagher@yahoo.com,3608983584,499 David Court Suite 558,Kariborough,PA,67232
SHP_52030,Patricia,Smith,patricia.smith@hotmail.com,7533847927,46518 Felicia Wells,West Ryanburgh,AZ,15487
SHP_41051,Michael,Mcdaniel,michael.mcdaniel@hotmail.com,(938)735-2237,4806 Crystal Greens,Andreafurt,OH,33314
SHP_49552,Andrea,Ramirez,andrea.ramirez@hotmail.com,494.225.1743,6345 Owens Plains Suite 421,Tateton,AZ,46113
SHP_28777,Adam,Scott,adam.scott@yahoo.com,(642)986-7855,89779 Duran Crossing,Nicholaston,WA,81249
SHP_96535,Jennifer,Roberts,jennifer.roberts@yahoo.com,618-632-8401,9043 Manuel Courts,Leeberg,VI,38613
SHP_78321,Sherri,Romero,sherri.romero@hotmail.com,228.245.4018x2272,394 Colleen Villages,East Elaine,FL,08255
SHP_38972,Patricia,Allen,patricia.allen@hotmail.com,(525)981-6022,945 Sonia Valley Suite 952,East Johnny,PW,97946
SHP_64206,Sabrina,Shepherd,sabrina.shepherd@gmail.com,(790)830-3413x65329,977 Jill Unions Apt. 600,Nelsonfurt,CT,36938
SHP_49387,William,Sanders,william.sanders@yahoo.com,377-450-2483,1559 Sarah Pine,South Jessica,NH,47027
SHP_46064,Thomas,Jennings,thomas.jennings@hotmail.com,584.492.1373,78569 Elizabeth Place,Brownville,MI,40976
SHP_17989,Jason,Hess,jason.hess@hotmail.com,001-298-275-1757x90323,94175 Gary Underpass Suite 130,South Williamside,NE,65201
SHP_82970,Heather,Hill,heather.hill@hotmail.com,664.208.9779x5361,70906 Paula Freeway,Brownfort,ID,16489
SHP_87550,Zachary,Clayton,zachary.clayton@hotmail.com,631.773.6723x1010,1301 Alejandro Parks Apt. 081,Gonzalezport,NY,15493
SHP_32955,Tony,Young,tony.young@gmail.com,392-287-2913,63098 Singh Parkway,Harrisbury,MO,37476
SHP_92050,Jessica,Reyes,jessica.reyes@gmail.com,(504)926-2857,8469 Taylor Corner Apt. 180,West Aaron,SD,90493
SHP_98965,Heather,Oneill,heather.oneill@hotmail.com,001-676-805-5049x22170,670 Myers Ferry,Port Chadburgh,OK,89127
SHP_65994,Joseph,Mclean,joseph.mclean@yahoo.com,246-451-5717x9230,9284 Rivera Throughway,South Kyleburgh,GU,81497
SHP_82856,Michele,Carlson,michele.carlson@gmail.com,001-238-913-8022,320 Michael Springs Suite 149,Garyberg,MH,70704
SHP_74962,Jake,Phelps,jake.phelps@yahoo.com,001-257-276-6138x8655,595 Garner Passage,East Sophia,OK,91853
SHP_16145,Michael,Terry,michael.terry@yahoo.com,001-887-908-7284x010,5405 Williams Expressway Apt. 187,East Patricia,GU,44169
SHP_55143,Charles,Diaz,charles.diaz@hotmail.com,+1-373-903-9552x964,41760 Regina Vista,Crystalbury,CO,26457
SHP_94320,Lisa,Jones,lisa.jones@gmail.com,395-922-0940x037,8856 Jennifer Glens Apt. 661,Lake Samanthaburgh,MH,54832
SHP_97994,Brandi,Mcintyre,brandi.mcintyre@yahoo.com,455-586-0264,45884 Yang Vista Apt. 714,Hollandfort,MI,03883
SHP_59958,Jason,Kirby,jason.kirby@hotmail.com,932.627.6654x842,4540 Patricia Burgs Apt. 214,South Robert,WV,74354
SHP_78742,Victor,Ellis,victor.ellis@yahoo.com,236.557.6455x459,195 Harris Trail Apt. 102,Webershire,MD,49189
SHP_51777,Annette,Short,annette.short@gmail.com,001-486-432-7311,041 Munoz Ford,Clementsmouth,AL,66710
SHP_64568,William,Morris,william.morris@yahoo.com,001-278-248-3630,186 Leslie Shoal Suite 969,Thomasland,CO,58287
SHP_63511,Teresa,Howard,teresa.howard@yahoo.com,920-487-3753x0011,114 Stephen Hill,Stevenville,GU,23399
SHP_29558,Daniel,Wilson,daniel.wilson@yahoo.com,001-870-212-4423,6732 Candace Mission,East Johnburgh,AR,78887
SHP_49306,Nathan,Strong,nathan.strong@gmail.com,+1-422-256-2443x7629,5456 Patton Center Apt. 707,North Mandyshire,MH,49615
SHP_59343,Connie,Cruz,connie.cruz@yahoo.com,001-753-936-3301x996,6746 Johnson Courts,Thompsonchester,CA,89289
SHP_34101,Brian,Moss,brian.moss@gmail.com,990-276-6704x264,8066 Burton Canyon Apt. 186,Gregorychester,LA,93824
SHP_80507,Mario,Fry,mario.fry@yahoo.com,3052529503,1725 Thomas Forest Suite 949,Sandovalchester,PW,45171
SHP_72065,Melinda,Richardson,melinda.richardson@gmail.com,+1-926-591-4804x05412,5056 Michael Trail,Meganchester,HI,28425
SHP_41584,Russell,King,russell.king@gmail.com,(346)633-5157,080 Davis Alley,North Markport,AK,74960
SHP_39536,Mary,Tanner,mary.tanner@gmail.com,402-271-9095,721 David Wall,Danashire,AZ,83589
SHP_49418,Francisco,Weaver,francisco.weaver@gmail.com,001-597-772-9450x89369,273 Tammy Trace,West Christina,OH,75169
SHP_28920,Jocelyn,Moore,jocelyn.moore@gmail.com,001-288-686-4650x893,78421 Sheila Courts,Port Samuel,PA,81431
SHP_70689,Riley,Steele,riley.steele@yahoo.com,001-360-691-4587x3495,1804 Zachary Place Suite 090,Lake Courtney,MH,85447
SHP_17552,Dorothy,Padilla,dorothy.padilla@hotmail.com,880.378.3649,178 Cunningham Mission,Jonborough,KS,67376
SHP_83713,Hannah,Jones,hannah.jones@gmail.com,827-612-8524,9411 Carson Flats Apt. 873,New Wendy,NJ,63260
SHP_64090,Andrea,Pineda,andrea.pineda@gmail.com,001-400-573-5900x7401,6492 Peterson Throughway Apt. 063,Barnesfort,CA,66947
SHP_64592,Cheryl,Patel,cheryl.patel@gmail.com,678-391-1797x2699,318 Brian Wells,Hendersontown,WA,90703
SHP_83044,Rose,Roberts,rose.roberts@yahoo.com,342-427-4045,589 Debra Burgs,North Juliastad,NV,90087
SHP_79467,Shannon,Estrada,shannon.estrada@hotmail.com,435.466.3882,69777 Young Place Suite 298,Rebeccamouth,MP,57879
SHP_27575,Joshua,Dunn,joshua.dunn@gmail.com,(787)265-0916x397,9215 Benjamin Rapids Apt. 009,Kennethtown,AZ,18738
SHP_60910,Micheal,Miller,micheal.miller@gmail.com,718-973-4777x8426,62017 Emily Creek Apt. 423,Lake Karenland,OH,30515
SHP_41831,Robin,Carter,robin.carter@hotmail.com,4569947619,07962 Weaver Ports,Ericview,TN,17911
SHP_43422,Eric,Miller,eric.miller@yahoo.com,(736)591-4307,6144 Thompson Mews Suite 923,Derekside,ID,39961
SHP_36651,Rebecca,Garcia,rebecca.garcia@hotmail.com,(214)995-5838x736,661 Amanda Garden,South Mariaport,NC,18840
SHP_53288,Matthew,Watson,matthew.watson@yahoo.com,979.550.1604x14401,621 Sarah Fords,West Michael,ID,06629
SHP_94765,Amber,Watson,amber.watson@gmail.com,569-372-5933,083 Kerr Station Suite 903,North Thomasside,PW,46682
SHP_20363,Sara,Cole,sara.cole@hotmail.com,880-918-5694x54414,938 Byrd Falls,Amytown,MP,09407
SHP_68954,Cody,Davis,cody.davis@gmail.com,(718)330-2585x346,98852 Tracy Rapids Suite 599,Port Barbaraport,VT,89291
SHP_58637,Justin,Patel,justin.patel@hotmail.com,374.698.5485x0678,4945 Jose Rue Suite 910,Millerstad,TN,30370
SHP_22119,Spencer,Andrews,spencer.andrews@gmail.com,316.976.1269,633 Knapp Row Apt. 124,East Jennifer,PA,93264
SHP_80206,Robert,Lee,robert.lee@hotmail.com,(454)494-5035,8735 Antonio Streets,East Michelleview,NC,12954
SHP_34966,Julie,Parker,julie.parker@yahoo.com,(949)547-1709x991,684 Brown Walk,East Victoria,MA,54134
SHP_16755,Thomas,Villa,thomas.villa@gmail.com,662.215.2472x85129,46714 Parks Grove,West Linda,AZ,08772
SHP_45187,Jennifer,Vega,jennifer.vega@gmail.com,569-280-3032x113,24677 Michael Ramp,North Seantown,MT,74977
SHP_59436,James,Bennett,james.bennett@hotmail.com,(259)330-8787,121 Rachel Forge,Laurenside,DE,48386
SHP_98299,Tommy,Luna,tommy.luna@yahoo.com,+1-587-913-0848,06632 Simmons Port,Gomezport,NY,77318
SHP_89294,Jennifer,Cordova,jennifer.cordova@gmail.com,(991)785-4683,3777 Phyllis Flat,South Joditon,SD,64417
SHP_89026,Todd,Rogers,todd.rogers@yahoo.com,(422)850-1394x884,11964 Jennifer Place,Randyfurt,CT,97007
SHP_15183,Michelle,Dean,michelle.dean@hotmail.com,001-224-309-1116,3099 Bell Fields Apt. 753,West Danafort,MS,79361
SHP_19539,Jared,Ward,jared.ward@yahoo.com,(741)968-1440x615,3801 Snyder Roads Suite 219,North Johnton,NE,68298
SHP_34662,James,Jackson,james.jackson@hotmail.com,347.372.0334x828,6972 Mary Stravenue,Steinville,TN,78043
SHP_87015,Adam,White,adam.white@gmail.com,220-590-6939x55179,8469 Kenneth Courts Apt. 779,Jerrymouth,VI,03955
SHP_98008,Charles,Garcia,charles.garcia@gmail.com,478-691-4653x461,12029 Howard Inlet,Port Stevenfurt,NJ,90873
SHP_83249,Andrea,Camacho,andrea.camacho@gmail.com,+1-916-356-1307x398,454 Bradshaw Flat Apt. 074,Lisamouth,WA,64549
SHP_38444,Jaime,Clarke,jaime.clarke@yahoo.com,+1-252-717-9005x3126,740 Rebecca Union Suite 595,Hendersonmouth,MN,74593
SHP_72835,Laura,Jones,laura.jones@gmail.com,+1-465-558-1675,93489 Amy Stravenue,Lake Brianborough,ND,09024
SHP_37379,Angie,Huynh,angie.huynh@gmail.com,+1-787-618-3410x0066,93004 Brown Squares Suite 608,Clayfurt,KY,74587
SHP_53642,Justin,Fuller,justin.fuller@yahoo.com,(611)523-8701x502,67791 Baker Plains Apt. 150,Robertsburgh,AZ,98259
SHP_49739,Anthony,Boyd,anthony.boyd@hotmail.com,288.470.5676,47233 Derek Mill,New Nicholetown,OH,74166
SHP_12009,Crystal,Patrick,crystal.patrick@gmail.com,8088100142,2515 Morris Junctions,West Michelleton,OK,92157
SHP_37762,Brenda,Greene,brenda.greene@gmail.com,344-734-2494,35466 Anna Mill Apt. 875,Edwardschester,DE,74455
SHP_34906,Linda,Taylor,linda.taylor@yahoo.com,(465)941-6893,398 Lyons Forges Apt. 828,South Deborah,TN,82625
SHP_25376,Peter,White,peter.white@gmail.com,224-612-7238,827 Fisher Street Apt. 431,Port Lauriehaven,SD,44525
SHP_72773,Jessica,Nichols,jessica.nichols@yahoo.com,698.325.8753x7156,30706 Butler Park Apt. 633,North Ashleyland,VT,56960
SHP_41797,Jessica,Drake,jessica.drake@gmail.com,864.268.5191x7777,141 Tara Knolls Suite 239,Benjaminberg,MA,69549
SHP_89220,Dawn,Cruz,dawn.cruz@yahoo.com,266-548-9601x7063,46110 Christopher Run Suite 484,Wilkinsstad,RI,39367
SHP_36805,Alyssa,Gomez,alyssa.gomez@gmail.com,9962209722,05260 Dominguez Flat Apt. 618,Port Johnnyborough,MH,97353
SHP_61987,Rebecca,Murphy,rebecca.murphy@hotmail.com,001-810-716-2600x802,475 Boyer Walk,East Lucas,NY,66088
SHP_41369,Heather,Clark,heather.clark@hotmail.com,+1-952-321-9766x4580,4570 Ruth Harbors,Hernandezshire,MN,87411
SHP_82362,Bradley,Lewis,bradley.lewis@gmail.com,931.409.1571x91043,1024 Michael Islands,Harriston,PW,49855
SHP_52154,Daniel,Butler,daniel.butler@yahoo.com,001-809-474-9930x9728,91307 Barnes Loop,South Warren,RI,62315
SHP_47101,Tracy,Barr,tracy.barr@yahoo.com,617.224.2819x2579,89131 Steven Haven Apt. 327,Davidmouth,SD,03994
SHP_59894,Barbara,Clayton,barbara.clayton@gmail.com,001-374-362-2689x753,43872 Sean Mission Apt. 144,Destinyview,AS,15579
SHP_71112,Michael,Stephens,michael.stephens@yahoo.com,001-780-371-2360,334 Gregory Trail,South Andrewtown,PA,10915
SHP_79946,Jennifer,Gallagher,jennifer.gallagher@hotmail.com,+1-664-363-3953,50147 Green Drives,Wagnershire,WY,56139
SHP_95029,Jennifer,Sexton,jennifer.sexton@gmail.com,359.884.8086,43422 Fernandez Forge,Port Miranda,UT,90931
SHP_57088,April,Young,april.young@gmail.com,001-499-271-7911x00651,49611 Anita Hill Suite 619,Halltown,NH,50822
SHP_50425,Laura,Wilson,laura.wilson@hotmail.com,+1-915-218-1369x004,4494 Kayla Springs Apt. 519,New Jonathan,FL,65317
SHP_44283,Joseph,Ferguson,joseph.ferguson@gmail.com,(896)782-5326,048 Townsend Heights Apt. 534,Kevintown,NV,13995
SHP_57139,Rachel,Roberts,rachel.roberts@hotmail.com,(792)298-4783,9393 Tara Rue,Garciashire,AZ,60757
SHP_77215,Benjamin,Collins,benjamin.collins@hotmail.com,001-477-525-4029,20414 Lynch Brooks,Port Shane,KS,71117
SHP_75179,Susan,Lopez,susan.lopez@hotmail.com,+1-631-495-3192x1068,8171 Chavez Plains Apt. 530,Sandrabury,AK,03926
SHP_71080,Sandra,Michael,sandra.michael@hotmail.com,314.491.4101,74748 Wanda Spur,Carrollville,OR,36426
SHP_22924,Brittany,Mclean,brittany.mclean@gmail.com,(536)956-0450x06355,96496 Sydney Mill,North Nicoleshire,SD,47437
SHP_71537,Colleen,Mccall,colleen.mccall@yahoo.com,5666721922,3092 Michael Mission,Lake Michael,NM,70589
SHP_51973,Kathryn,Page,kathryn.page@gmail.com,2107898726,1373 Molly Views Suite 695,Lake Alyssafort,VT,01060
SHP_36624,Andrea,Clark,andrea.clark@gmail.com,(508)503-3483,77137 George Ville,North Isabellabury,ME,21862
SHP_58589,Gary,Powers,gary.powers@gmail.com,+1-842-675-2308x37081,90063 Nicholas Garden Apt. 106,North Matthewborough,TX,88181
SHP_51015,Isaac,Wagner,isaac.wagner@yahoo.com,800.639.8780,9491 Daniels Street Suite 987,Carrieborough,UT,23886
SHP_64254,Vincent,Pacheco,vincent.pacheco@hotmail.com,7327536952,673 Daniel Mountains Apt. 072,Lake Caitlin,AS,60958
SHP_15992,Olivia,White,olivia.white@gmail.com,316-870-9257x73475,972 Rachael Parks,New Jeffreyborough,MD,24863
SHP_83731,Darren,Richardson,darren.richardson@gmail.com,222.326.6509,056 George Street Apt. 457,Travisview,SC,28031
SHP_39002,Deborah,Lopez,deborah.lopez@gmail.com,+1-989-867-1425x47096,868 Tonya Wells,Port Kimberlytown,NV,32103
SHP_29126,Troy,Thomas,troy.thomas@gmail.com,+1-776-876-6180,7692 Judy Divide,Michaelton,TX,75246
SHP_12125,Kristin,Martinez,kristin.martinez@hotmail.com,001-703-805-8023x923,56825 Armstrong Station,Jeffreyburgh,VI,99423
SHP_44180,Jeffrey,Vincent,jeffrey.vincent@gmail.com,001-834-223-2161x107,08907 Rebekah Cape,West Elizabethville,WY,16726
SHP_82523,Paul,Hill,paul.hill@yahoo.com,937-827-7685,3494 Cindy Cape,Nicholeland,NJ,43465
SHP_86550,Elizabeth,Conley,elizabeth.conley@hotmail.com,249.633.0674x58476,28333 Stein Courts Suite 666,Kerrybury,GA,82166
SHP_85909,Laura,Padilla,laura.padilla@yahoo.com,001-258-219-0815x485,08277 Daniel Heights,New Michellemouth,MN,49729
SHP_64732,Joseph,Barber,joseph.barber@gmail.com,(361)743-4037,431 Charlotte Isle,Fergusontown,RI,97121
SHP_48691,Ashley,Carey,ashley.carey@hotmail.com,(672)272-9291x10370,4045 Greene Flat Apt. 707,South Amandamouth,DE,34489
SHP_29976,Amy,Avila,amy.avila@gmail.com,+1-557-405-9397x132,6560 Kristine Island Apt. 314,Ryanmouth,MN,13393
SHP_35715,Jennifer,Rose,jennifer.rose@gmail.com,821.244.6544,2272 Kevin Pine Apt. 412,West Sandrastad,MA,55635
SHP_53236,Samantha,Anderson,samantha.anderson@hotmail.com,933-457-0518x915,93729 Stephen Landing,North Donnachester,SC,39757
SHP_40149,Laura,Taylor,laura.taylor@yahoo.com,807-940-2740,267 Taylor Port Apt. 620,East Jasmineborough,AS,67132
SHP_59786,Paula,Smith,paula.smith@gmail.com,001-992-389-1982,5337 Stephen Avenue,Shortport,RI,34896
SHP_84683,Brian,Simmons,brian.simmons@gmail.com,001-499-379-5453x817,74773 Douglas Ridges Suite 562,Kristinamouth,NH,64399
SHP_42208,Deborah,Torres,deborah.torres@hotmail.com,(310)856-9017,4411 Tara Junction Apt. 738,Christopherfort,MN,04400
SHP_75444,Kimberly,Edwards,kimberly.edwards@hotmail.com,+1-456-870-7897x7554,038 Thomas Falls,Clarkfurt,WA,17571
SHP_82173,Tim,Hughes,tim.hughes@gmail.com,001-202-635-9886x0000,352 Dillon Court Suite 076,Erikborough,WA,26906
SHP_95800,Christopher,Roberts,christopher.roberts@gmail.com,8075404515,76926 West Pass,Hoodborough,AZ,74864
SHP_99764,Rebecca,Kirby,rebecca.kirby@yahoo.com,(544)745-4460,9937 Alexis Spur,Johnville,FL,70838
SHP_54245,Steven,Garcia,steven.garcia@hotmail.com,588.266.3183x67463,9467 Traci Unions,Graytown,SC,54943
SHP_43728,Jeanne,Aguirre,jeanne.aguirre@hotmail.com,5354858726,0271 Paul Ferry Apt. 023,Olsenhaven,MP,72243
SHP_74044,John,Johnson,john.johnson@yahoo.com,670-994-5225x361,428 Jennifer Plaza Apt. 015,Johnport,NH,01033
SHP_94108,Christopher,Flowers,christopher.flowers@gmail.com,2707518439,295 Shelia Lodge Suite 013,Lake Joseph,HI,58618
SHP_74303,Amy,Nelson,amy.nelson@yahoo.com,9373103795,217 Katherine Field,Michellestad,GU,69816
SHP_70401,Keith,Delacruz,keith.delacruz@yahoo.com,641.995.2814,4280 Christopher Pass Apt. 063,Tylerside,SD,93610
SHP_32050,Jacob,Graham,jacob.graham@yahoo.com,001-463-877-3060x3617,477 Rhonda Oval,Henryhaven,FL,01849
SHP_56160,Teresa,Rivera,teresa.rivera@gmail.com,829-480-3102,0506 Nunez Point,Lake Michael,VI,20477
SHP_32185,Catherine,Mendoza,catherine.mendoza@gmail.com,+1-511-648-3753x74584,881 Michael Loop Suite 413,Port Theresa,IN,40469
SHP_28344,Ronald,Bailey,ronald.bailey@yahoo.com,001-478-520-1904x32230,24707 Christine Bypass,Lake Rhondaborough,MN,82700
SHP_81636,Karen,Bishop,karen.bishop@yahoo.com,240-323-7239x72821,89782 Tapia Point Apt. 522,Port Adam,SD,80692
SHP_74004,Thomas,Wilkerson,thomas.wilkerson@yahoo.com,001-805-976-8534x434,802 Eric Valley Suite 256,West Thomashaven,MS,87332
SHP_34123,Kenneth,Roth,kenneth.roth@yahoo.com,931.703.1456x45722,407 Johnson Forest Suite 449,Smithbury,IA,80252
SHP_81058,Patrick,Murray,patrick.murray@hotmail.com,(379)476-0817,149 Thomas Summit,Reynoldsport,ND,61280
SHP_94123,Austin,Cook,austin.cook@hotmail.com,+1-384-765-2865x1584,51720 Kristy Islands Apt. 080,Benitezbury,CT,32290
SHP_17698,Robert,Stewart,robert.stewart@yahoo.com,566-363-3080x25437,6987 Holder Streets Suite 646,Lake Melissaburgh,PW,41826
SHP_78674,Richard,Mccarthy,richard.mccarthy@hotmail.com,422.857.7545x847,052 William Trail,Reyesside,IA,96125
SHP_14433,Jonathan,Parker,jonathan.parker@yahoo.com,584-755-9396x5213,1245 Robinson Expressway,North Joycefurt,DC,86800
SHP_19742,Ana,Kim,ana.kim@gmail.com,001-596-392-5336x0109,400 Fred Stravenue,Davidville,WY,77470
SHP_97584,Kimberly,Mcdowell,kimberly.mcdowell@hotmail.com,(461)298-2859x0406,41023 Daniel Shore Apt. 011,East Paul,IA,32884
SHP_16358,Michelle,Noble,michelle.noble@gmail.com,+1-856-792-6718x7204,690 Christine Hills Apt. 630,Lake Rodneymouth,MT,86318
SHP_10836,Shelia,Frazier,shelia.frazier@gmail.com,884.332.6003x4292,291 Frye Estates Suite 961,Janeton,HI,70012
SHP_64053,Maria,Smith,maria.smith@hotmail.com,238-641-8520x13626,97561 Cross Turnpike Suite 055,Ashleyburgh,SC,86967
SHP_28021,Robert,Long,robert.long@hotmail.com,2575798066,51460 Atkinson Glen,Lorettastad,MI,33098
SHP_92667,David,Knight,david.knight@gmail.com,894-291-8514x7561,495 Raymond Viaduct,Robertsonburgh,MP,21169
SHP_40334,Beverly,Herman,beverly.herman@hotmail.com,7185705284,58707 Eileen Spring,Andreaville,UT,88755
SHP_18908,Stephanie,Santos,stephanie.santos@yahoo.com,(704)956-8939x1164,7657 Cruz Wall Suite 760,Davidhaven,TN,97152
SHP_29795,Jose,Horn,jose.horn@gmail.com,+1-844-538-2499x37042,8913 Morgan Bypass,East Tylertown,RI,33253
SHP_11198,Gregg,Hampton,gregg.hampton@gmail.com,4588099826,6804 Amy Bridge Apt. 885,South Thomas,WY,09785
SHP_38668,Alfred,Sanchez,alfred.sanchez@yahoo.com,(488)933-5115,45285 Jeffrey Haven,Phamborough,GA,12433
SHP_76287,David,Clark,david.clark@hotmail.com,(283)317-6417x26808,1290 Terri Squares Apt. 713,South Shawnbury,AR,61049
SHP_69770,Carolyn,Ferguson,carolyn.ferguson@yahoo.com,+1-901-881-0129x00210,6902 Matthew Bridge,East Jessica,AS,21906
SHP_58916,Sarah,Bryant,sarah.bryant@gmail.com,+1-968-372-2030,169 Sheila Ford,Grayfurt,GA,15292
SHP_17923,Kristen,Frye,kristen.frye@yahoo.com,598-833-9914x03884,044 Douglas Burg Apt. 615,Parsonsberg,NV,82537
SHP_90980,Wendy,Benitez,wendy.benitez@hotmail.com,(384)580-5435x1501,9282 Miller Knoll,South Gregoryborough,VA,31883
SHP_93588,Julia,Sullivan,julia.sullivan@yahoo.com,001-509-459-1489x383,737 Sexton Points Apt. 276,Morganfurt,NJ,62282
SHP_97392,Madeline,Woodard,madeline.woodard@yahoo.com,(453)358-1898x57917,688 Cynthia Point Suite 515,North Kimberlyshire,IA,33580
SHP_90808,Ian,Mccormick,ian.mccormick@gmail.com,825-989-9967x39031,188 Newman Place,Benjaminbury,WY,38396
SHP_73334,Charles,Estrada,charles.estrada@hotmail.com,557.263.9532x1151,4664 Austin Island,Hernandezmouth,MN,08887
SHP_96413,Mark,Greer,mark.greer@yahoo.com,001-344-401-6549x0923,05266 Wade Via,Ortizshire,NM,99425
SHP_73944,Lindsay,Stanton,lindsay.stanton@yahoo.com,001-453-245-4797,2595 Rodriguez Stravenue,Port Tyler,MD,02784
SHP_12061,Anthony,Wright,anthony.wright@yahoo.com,001-849-670-6959x9019,356 Jacob Isle,East Charlesland,VI,16325
SHP_10866,Joshua,Smith,joshua.smith@hotmail.com,206-921-6117x51633,2253 Scott Stream,Port Stephenchester,MP,32094
SHP_79758,Bridget,Howard,bridget.howard@yahoo.com,924.343.9220,0898 Simon Center,South Courtneymouth,GA,32491
SHP_82305,Pamela,Keller,pamela.keller@hotmail.com,(427)803-6924x92693,3275 Erica Turnpike Apt. 100,West Melissamouth,MH,47253
SHP_63914,Stanley,Clark,stanley.clark@gmail.com,001-322-927-1117x576,2042 Wilson Grove,Raybury,AZ,49626
SHP_11553,Randy,Russo,randy.russo@gmail.com,(232)651-5310x4308,10025 Kenneth Landing Suite 769,South Danielbury,MI,74485
SHP_12192,Bradley,Lang,bradley.lang@gmail.com,658-256-9203x0882,725 Wagner Light Suite 752,East Cynthia,MA,99591
SHP_79391,Travis,Taylor,travis.taylor@gmail.com,306.404.6333,757 Ronald Trail Apt. 965,Carrshire,PA,70776
SHP_46010,Susan,Jackson,susan.jackson@hotmail.com,508-667-7133,762 Gates Rapid Apt. 436,South Laura,AK,38537
SHP_80220,Karla,Kent,karla.kent@yahoo.com,3349935534,79876 Larson Gardens Suite 891,Jacobshire,PR,69902
SHP_47576,Richard,Collins,richard.collins@hotmail.com,878-500-7924x636,5504 Stephens Plains Suite 500,Adkinston,RI,76661
SHP_12246,Greg,Wright,greg.wright@yahoo.com,378-947-2146,5804 Mcbride Road,South Sean,MP,56581
SHP_75826,Joshua,Davis,joshua.davis@gmail.com,269-302-5968x1664,8909 Darius Forges Apt. 287,East Eugene,AR,56370
SHP_98346,Michael,Bruce,michael.bruce@hotmail.com,688.821.7648,57422 Tina Forge Apt. 228,Lake Danielport,KS,20681
SHP_66436,Michael,Parrish,michael.parrish@yahoo.com,490.482.7231x8432,136 Cortez Orchard Suite 739,Lake Martha,AK,32439
SHP_33496,Rachel,Hunter,rachel.hunter@gmail.com,+1-677-958-3336,41309 Cindy Creek Suite 386,East Amyfurt,DC,46203
SHP_24026,Michelle,Thomas,michelle.thomas@gmail.com,805.234.2026x349,85194 Gary Track Apt. 315,Jaredborough,DE,49965
SHP_22624,Jacqueline,Nelson,jacqueline.nelson@yahoo.com,913.651.8233,34352 Smith Place Apt. 400,Heidiberg,SC,99170
SHP_78732,Christopher,Fisher,christopher.fisher@hotmail.com,001-840-293-6364,551 Wilson Cliffs Apt. 395,Joyceburgh,DC,34684
SHP_29516,Margaret,Wright,margaret.wright@hotmail.com,312.995.0488,973 Heather Row Apt. 780,New Joe,AS,92323
SHP_41584,Virginia,Rodriguez,virginia.rodriguez@hotmail.com,7313968853,582 Wright Street,Seanhaven,VI,92265
SHP_35156,James,Carter,james.carter@hotmail.com,001-623-796-0424,56702 Valerie Valleys,New Marvin,OR,73297
SHP_91235,Andrew,Gray,andrew.gray@gmail.com,+1-269-465-2415x731,0410 Shaffer Port,East Brookeview,IA,90740
SHP_79003,Stephanie,Scott,stephanie.scott@yahoo.com,(418)666-9408x654,826 Angela Junctions,South Josephmouth,GU,03346
SHP_43084,Christine,Meadows,christine.meadows@gmail.com,001-485-936-2054x49339,954 Sherry Forks,Melaniemouth,AL,18886
SHP_56457,Brian,Wolf,brian.wolf@hotmail.com,001-653-421-0597,3519 Watts Crossing,Acevedoside,VI,11863
SHP_45038,Christina,Thompson,christina.thompson@yahoo.com,961-491-5121x0008,29973 David Locks,Lawsonside,VI,35376
SHP_62022,Alex,Berry,alex.berry@yahoo.com,(737)466-0465x5866,483 Campbell Corner Suite 158,North Lisaville,IA,10254
SHP_20357,Sierra,Gomez,sierra.gomez@yahoo.com,001-270-442-7688x3929,08800 Hill Curve,New Sarah,ND,68229
SHP_58896,Kaitlyn,Perez,kaitlyn.perez@yahoo.com,504.572.9023x881,99818 Long Expressway Apt. 108,Port Maureenview,KS,06380
SHP_63218,Mark,Chavez,mark.chavez@gmail.com,932-791-2127,85374 Baker Crest Apt. 249,East Marymouth,FL,12456
SHP_70161,Wanda,Mack,wanda.mack@gmail.com,(865)857-6475,732 Castillo Hollow Apt. 050,Stonetown,WY,99108
SHP_84055,Norma,Williams,norma.williams@yahoo.com,895-569-0652x75383,9980 Wolfe Throughway Suite 936,Lake Nicoletown,MH,12624
SHP_41877,Leah,Jimenez,leah.jimenez@yahoo.com,(211)972-9596x39040,60880 Newman Cliff Suite 164,Loganstad,MO,10956
SHP_39603,Joshua,Walker,joshua.walker@gmail.com,001-858-400-0841,5014 Stone Rue Apt. 465,Port Kimberlybury,OK,34012
SHP_49318,Kirk,Jones,kirk.jones@yahoo.com,402.923.8045x347,253 Brian Knoll Apt. 848,Bowersstad,VT,66303
SHP_99658,Paula,Cole,paula.cole@hotmail.com,+1-435-297-8207x1518,778 Michael Haven,Ortizmouth,TX,78867
SHP_20566,Johnathan,Wilkerson,johnathan.wilkerson@gmail.com,+1-515-659-6363x212,4907 Lyons Creek Suite 867,West Natasha,FL,48079
SHP_95686,Derek,Duncan,derek.duncan@gmail.com,(589)400-5779x50017,007 Christina Corners Apt. 072,North Daniel,ND,50396
SHP_95182,Paige,Baker,paige.baker@hotmail.com,214-742-9426x7088,51378 Krause Fall,Hicksmouth,AZ,38946
SHP_14152,Barbara,White,barbara.white@gmail.com,(416)334-0661x7618,599 Rachael River Apt. 954,Julianland,MO,32094
SHP_22255,Kenneth,Stout,kenneth.stout@gmail.com,+1-387-484-5613x5580,3270 Mays Harbors,Vaughnshire,KS,32684
SHP_63120,David,Murphy,david.murphy@hotmail.com,987.403.7507,908 Alexis Coves Apt. 762,Mayfort,PW,67131
SHP_59710,Christopher,Anderson,christopher.anderson@hotmail.com,(445)276-4922,9385 Gonzalez Terrace Suite 053,Ayalastad,MA,16015
SHP_59436,Brian,Rodriguez,brian.rodriguez@gmail.com,311.964.8414x177,529 Terri Light,Lake Matthewville,AK,76913
SHP_82443,Ashley,Rodriguez,ashley.rodriguez@yahoo.com,(874)725-8915,8273 Miles Brooks Suite 168,New Heather,GA,35382
SHP_72390,Paula,Green,paula.green@gmail.com,755-497-2056,1926 Steven Camp,New Veronicamouth,AL,67728
SHP_17355,Scott,Weaver,scott.weaver@yahoo.com,+1-885-299-1928x92176,347 Hernandez Harbor,Hartmanfurt,DE,44004
SHP_93459,Dennis,Jones,dennis.jones@yahoo.com,5907897171,275 Martin Shoals Apt. 163,West Jose,WY,07978
SHP_11238,Leslie,Banks,leslie.banks@hotmail.com,255.826.3733,7998 Justin Trace,New Heather,PW,07439
SHP_32463,Kathleen,Williams,kathleen.williams@hotmail.com,001-504-809-3467x54182,13827 Charles Well,Craigbury,KY,49691
SHP_20837,Stanley,Estrada,stanley.estrada@gmail.com,(606)418-2090x892,7811 Lopez Square Suite 123,New Dakota,NY,01363
SHP_75517,William,Mueller,william.mueller@gmail.com,729-258-0213,8765 Adrian Flat,Jessicamouth,VA,47664
SHP_66873,Christopher,Young,christopher.young@hotmail.com,(776)746-1239,2591 Scott Villages Apt. 677,North Sherry,TX,60906
SHP_94529,Tony,Taylor,tony.taylor@yahoo.com,(351)408-6612,676 Eric Street,Lake Josephshire,OK,39331
SHP_53420,Christine,Bradley,christine.bradley@yahoo.com,(437)232-8886x2584,42442 Jade Trail,Port Stephenport,VI,38232
SHP_84167,David,Bennett,david.bennett@gmail.com,(659)227-9760,1830 Alex Passage,Tinastad,FL,45352
SHP_22499,Brent,Williams,brent.williams@hotmail.com,+1-490-977-6582x807,8674 Zachary Camp,Maryhaven,NE,74806
SHP_79226,Maria,Wong,maria.wong@gmail.com,516-856-7002x889,74923 Lori Spur,North Zachary,SC,32680
SHP_15577,Melissa,Pena,melissa.pena@gmail.com,7725182653,81088 Blake Heights,New Paula,TN,31047
SHP_40115,Ana,Smith,ana.smith@gmail.com,614.660.1099x5872,13973 Rhonda Turnpike,Port Rachel,AS,08672
SHP_37710,Donald,Mcdonald,donald.mcdonald@yahoo.com,+1-491-892-1578x644,05287 Austin Ports,South Ericport,NE,99177
SHP_84289,Alexander,Fuentes,alexander.fuentes@yahoo.com,001-435-284-9620x03230,926 Brown Creek,Perezstad,MD,90893
SHP_72324,Matthew,French,matthew.french@yahoo.com,9447997278,867 Kane Square Apt. 963,Williamsfort,VT,50469
SHP_45532,Sara,Larson,sara.larson@hotmail.com,(969)200-8004,26008 Trevino Shoals,New Christopher,UT,35548
SHP_16102,Marissa,Stevenson,marissa.stevenson@yahoo.com,(686)461-8248x741,531 Rodriguez Street Suite 263,Ginaburgh,CO,83468
SHP_19744,John,Graham,john.graham@hotmail.com,+1-500-298-6780x0013,9025 Rogers Corners,Lake Anitaland,OR,86307
SHP_99709,Margaret,Aguilar,margaret.aguilar@yahoo.com,528.945.1299,10749 Jose Pines Suite 642,Robinsontown,OR,22371
SHP_46749,Marcus,Allen,marcus.allen@hotmail.com,268.645.7760,240 Joyce Forest,Andrewview,PW,73070
SHP_81176,Ana,Lang,ana.lang@gmail.com,(469)993-4105x56724,07842 Wilson Mount Apt. 375,Cainside,MT,58341
SHP_83860,Daniel,Mcfarland,daniel.mcfarland@yahoo.com,001-835-708-3700,892 Norma View Apt. 792,South Jamestown,NJ,52116
SHP_96259,Rachel,Dunn,rachel.dunn@gmail.com,2119305244,6892 Norris Plains Apt. 155,Kingland,KS,86356
SHP_14312,John,Leonard,john.leonard@yahoo.com,987.306.7635x3223,212 Cardenas Path Suite 856,South Christopher,LA,20453
SHP_33508,Patrick,Smith,patrick.smith@yahoo.com,001-884-284-1492x2835,93511 Mejia Wells,Lopezbury,ND,96874
SHP_51220,Daniel,Lucas,daniel.lucas@hotmail.com,+1-612-677-6151x807,6760 Jonathan Shoals,Port Tiffany,PA,58665
SHP_12052,Javier,Booker,javier.booker@yahoo.com,(318)261-1891x7942,6440 Christopher Square,Nicholasfurt,RI,68940
SHP_37152,Charles,Hendricks,charles.hendricks@yahoo.com,(373)986-8056x1062,2692 Jeffrey Points Apt. 312,Melissafort,MS,65845
SHP_86943,Tonya,Vaughan,tonya.vaughan@gmail.com,001-578-307-4515x98657,985 Kenneth Manors Apt. 122,Sullivanmouth,CA,57153
SHP_28899,Kenneth,Cortez,kenneth.cortez@gmail.com,284.233.2133,2956 James Terrace,New James,AL,76698
SHP_62205,Joseph,Gonzales,joseph.gonzales@yahoo.com,376.617.5083,43155 Marshall Knolls Apt. 499,Port Alanborough,SD,91721
SHP_20084,Jordan,Carrillo,jordan.carrillo@hotmail.com,+1-574-702-3386x860,17036 Brandon Road Suite 423,Brownton,AS,91423
SHP_49226,Benjamin,Davis,benjamin.davis@hotmail.com,962-574-2052x258,3216 Brooks Trail,Hudsonville,AZ,98737
SHP_31292,Christopher,Nelson,christopher.nelson@hotmail.com,+1-433-744-1467x96938,149 Sara Forest,Danielleburgh,RI,06752
SHP_83919,Chelsey,Stein,chelsey.stein@hotmail.com,001-956-792-0283x52876,7315 Martinez Courts Suite 796,Christophertown,NH,52633
SHP_41519,Christine,Salas,christine.salas@yahoo.com,6786248149,16496 Garrett Ramp,Desireeshire,TN,61966
SHP_84277,Heidi,Price,heidi.price@hotmail.com,+1-704-891-8727x4204,213 Tucker Avenue,Parsonsburgh,WI,49878
SHP_61007,Christopher,Fowler,christopher.fowler@yahoo.com,733-573-6090x857,476 Daniel Stravenue Apt. 429,North Ericshire,GA,84686
SHP_98740,Shannon,Brown,shannon.brown@gmail.com,461.539.9923,445 Sarah Estates Apt. 760,Hesschester,NE,01483
SHP_80852,David,Oconnell,david.oconnell@hotmail.com,(894)842-7610,8156 Hill Station Apt. 374,New Eugene,PA,80798
SHP_53480,Brian,Johnson,brian.johnson@gmail.com,835-729-4930x7417,6289 Steele Knolls Apt. 896,East Matthew,NV,43401
SHP_60311,Nicole,White,nicole.white@hotmail.com,+1-840-499-5550,81063 Caitlin Lakes Suite 480,Pricefurt,KY,93042
SHP_28343,Kaitlyn,Kennedy,kaitlyn.kennedy@yahoo.com,788-554-4213x1705,4577 Francis Fort Apt. 503,West Lisaville,AR,08060
SHP_20279,David,Shaw,david.shaw@hotmail.com,866-519-9971x0818,33752 Kimberly Key,Marciaview,NV,17701
SHP_75639,Kenneth,Villegas,kenneth.villegas@gmail.com,001-544-983-4599x61940,72102 Mendez Tunnel,Laurentown,VI,50443
SHP_55332,Natasha,Simmons,natasha.simmons@yahoo.com,907.889.4062x79305,88733 Mckinney Estates Apt. 464,Davidmouth,WI,22022
SHP_17038,Lisa,Robbins,lisa.robbins@yahoo.com,661.711.0797x6475,7289 Hernandez Loaf Apt. 485,Sherrytown,WV,27137
SHP_22803,Madison,Harris,madison.harris@gmail.com,927-616-1862x869,2370 Gabrielle Key Suite 787,South Alisha,OK,25301
SHP_67290,Bonnie,Bennett,bonnie.bennett@yahoo.com,+1-688-371-9919,14506 Richard Valley,West Bradleyburgh,VT,75156
SHP_40427,Erin,Hayes,erin.hayes@gmail.com,(425)830-3426x02732,2870 Jack Hollow,North Brianafort,MA,11156
SHP_19963,Stephanie,Williams,stephanie.williams@yahoo.com,001-249-965-4590x008,0153 Rice Dam,West Annafort,NC,30132
SHP_54642,John,Park,john.park@gmail.com,867.302.6137,52331 Troy Extensions,Smithton,IA,87571
SHP_89320,Steven,Hernandez,steven.hernandez@yahoo.com,(891)791-5726x5213,439 Harris Turnpike,Ronaldside,SD,33715
SHP_90460,Juan,Massey,juan.massey@hotmail.com,(324)439-2978x77939,99833 Garcia Manors Suite 397,Housechester,PW,13865
SHP_88067,Samantha,Jones,samantha.jones@hotmail.com,317-453-0972x04868,1292 Williams Mall,East Caleb,FM,34004
SHP_61996,Andrew,Hoffman,andrew.hoffman@hotmail.com,(850)966-0964,8037 Phelps Courts,Wuview,GU,43747
SHP_52778,Christopher,Flores,christopher.flores@gmail.com,+1-333-415-2352x53220,499 Brooke Underpass Apt. 011,New Joseph,AR,13398
SHP_13883,Carrie,Griffin,carrie.griffin@gmail.com,262-443-7605,6933 Foster Via Suite 945,Floresbury,NE,05511
SHP_93115,Jacob,Garcia,jacob.garcia@hotmail.com,(323)409-7606x92427,55828 Michelle Lake Suite 720,Chenside,WA,08439
SHP_45825,Monica,Young,monica.young@gmail.com,+1-242-206-5999x544,928 Lisa Rue Suite 496,North William,PA,91810
SHP_69054,Seth,Martinez,seth.martinez@gmail.com,(755)425-1774x856,2437 Moore Summit Apt. 202,North Joshua,AL,55340
SHP_74304,Matthew,Wall,matthew.wall@yahoo.com,(512)263-7007x963,51766 Houston Road,North Rebecca,NM,37944
SHP_39902,Brent,Wright,brent.wright@gmail.com,927.488.9579x868,4348 Sims Harbor Suite 143,Matthewside,CO,18637
SHP_56636,John,Burke,john.burke@yahoo.com,+1-523-352-4880x7196,91851 Hunt Drives Apt. 243,Lake Alexastad,PA,88435
SHP_82487,Richard,Hall,richard.hall@yahoo.com,841-880-2882x52128,9469 Thompson Parkway,Lake Mary,LA,59353
SHP_59207,John,Robbins,john.robbins@gmail.com,001-528-916-5064x63005,5691 David Cliffs Apt. 291,Flemingland,NJ,39630
SHP_66603,James,Smith,james.smith@gmail.com,+1-911-538-7509x31061,599 Martinez Neck Suite 721,Reyesport,AR,10846
SHP_34345,Bradley,Ramsey,bradley.ramsey@yahoo.com,001-881-939-5190x4771,85626 Jeremiah Route,West Christopher,MI,12103
SHP_99088,William,Holmes,william.holmes@yahoo.com,001-652-729-2977x02598,4220 Phillips Parkway Suite 291,New William,UT,89988
SHP_86791,Alexandra,Hopkins,alexandra.hopkins@gmail.com,588.499.0707x730,82102 Michelle Keys,East Joseph,GU,69448
SHP_96595,Andrew,Lee,andrew.lee@hotmail.com,470.656.4529x678,348 Megan Island Apt. 807,Sanchezport,MH,42634
SHP_59816,Andrew,Anderson,andrew.anderson@hotmail.com,807.978.5875x334,047 Christina Pine Apt. 689,North Dominique,PA,58104
SHP_21232,Dylan,Barber,dylan.barber@hotmail.com,662-467-1320x253,670 Wells Burgs,Kendraborough,SD,83663
SHP_91083,Amanda,Knight,amanda.knight@hotmail.com,958.383.9784,5914 Green Brook Apt. 231,West Cynthia,SD,96083
SHP_48715,Janice,Olson,janice.olson@yahoo.com,(684)587-6112x979,5884 Smith Rest,South Brian,VA,28647
SHP_42302,Russell,Burke,russell.burke@gmail.com,001-373-339-8832x550,87763 Mark Via Apt. 776,North Jeremychester,VA,70781
SHP_19634,Vincent,Wolf,vincent.wolf@gmail.com,652-897-9685,16700 Martin Passage,North Madeline,KY,01793
SHP_20752,Timothy,Chase,timothy.chase@hotmail.com,(476)443-9117,751 Margaret Union,Smithview,NC,43474
SHP_45123,Sandra,Moore,sandra.moore@gmail.com,+1-243-859-7309,2738 Dale Square Suite 845,Leeview,MP,45859
SHP_30214,Ryan,Jones,ryan.jones@gmail.com,(622)551-9335x6284,282 Johnson Courts Apt. 520,West Johnton,OK,09619
SHP_59807,Cameron,Bolton,cameron.bolton@yahoo.com,(207)378-3635x096,71662 Melissa Rest,West Henry,MT,00661
SHP_93086,Patricia,Rice,patricia.rice@yahoo.com,243-341-6335,0505 Marvin Forks,Underwoodchester,NY,58510
SHP_30221,Rachel,Barton,rachel.barton@gmail.com,4274143100,0259 Isaiah Path Suite 384,Matthewview,PA,99472
SHP_61068,Richard,Vaughn,richard.vaughn@yahoo.com,5218770253,9109 Dorothy Curve Apt. 896,Williamburgh,VI,82957
SHP_51507,Patrick,Garcia,patrick.garcia@gmail.com,5195072587,49366 Clark Bridge,South Debra,TN,40014
SHP_57277,Vanessa,Brewer,vanessa.brewer@yahoo.com,001-523-474-0517x1757,361 Abigail Inlet,North Erin,AR,17671
SHP_23965,Linda,Mcdonald,linda.mcdonald@gmail.com,(336)985-1604,496 Rodriguez Fort Suite 098,Rosebury,SD,08786
SHP_21995,Rachel,Davis,rachel.davis@gmail.com,774.805.0133x20344,1487 Cooper Views,Chavezberg,MI,93232
SHP_10680,Michelle,Brown,michelle.brown@hotmail.com,639-659-9534x2836,926 Williams Key,Floydmouth,UT,55069
SHP_50405,Wanda,Patterson,wanda.patterson@hotmail.com,(535)762-1343,20574 Lori Forges Suite 068,New Cheryl,WI,17948
SHP_68292,Edward,Walters,edward.walters@hotmail.com,3727631068,4445 Roberta Road Apt. 764,Spencerville,OH,77960
SHP_57175,Michael,Perry,michael.perry@hotmail.com,(594)488-4755x541,49435 Christine Gateway Apt. 561,West Gregoryberg,NM,59714
SHP_45358,Jessica,Joseph,jessica.joseph@gmail.com,+1-730-369-7899,4983 Murray Common Suite 674,South Nicholashaven,VA,55270
SHP_23399,Christopher,Robinson,christopher.robinson@hotmail.com,897.372.7094x16840,3635 Miller Well Apt. 628,Port Paul,AZ,52153
SHP_27367,Robert,Lane,robert.lane@yahoo.com,3732995513,986 Lee Ranch,Craigbury,AL,88509
SHP_21442,Sheri,Hickman,sheri.hickman@gmail.com,001-201-291-3468,9155 Meyers Tunnel,Brownchester,NM,52360
SHP_34561,Brittany,Reyes,brittany.reyes@gmail.com,(450)897-2567,0716 Tami Skyway,Parkerville,AS,24259
SHP_66489,Audrey,Davis,audrey.davis@yahoo.com,328-420-7907x79886,1664 Paige Plaza Apt. 280,East Rebecca,HI,89555
SHP_68830,Alyssa,Griffin,alyssa.griffin@gmail.com,(368)706-3992x4161,62789 William Place Apt. 683,Port Davidville,NH,76859
SHP_83005,Melissa,Wheeler,melissa.wheeler@hotmail.com,(620)492-5210,547 Jason Stream,South Michelle,OR,17632
SHP_82710,Johnathan,Ramirez,johnathan.ramirez@yahoo.com,432-281-1659x930,30423 David Mill,Howardberg,UT,14032
SHP_77166,Judy,Clark,judy.clark@yahoo.com,001-820-637-7107x0449,49670 Cruz Cape,East Nicolas,TN,57004
SHP_63483,Michael,Rocha,michael.rocha@yahoo.com,001-991-768-4260x408,65989 Torres Gardens,East Kiara,ME,74611
SHP_23538,Anna,West,anna.west@gmail.com,+1-353-770-6323x0017,6329 Banks Crest Suite 621,Hannahfort,KY,73574
SHP_13442,James,Mccullough,james.mccullough@gmail.com,297.958.7352x794,083 Jackson Well,Richardsonborough,AS,38517
SHP_21746,Mark,Woods,mark.woods@gmail.com,+1-718-429-1278,919 Johnson Pines Suite 158,Nancyborough,NH,93989
SHP_56388,Kathleen,Horne,kathleen.horne@hotmail.com,(636)353-7558,826 White Port,West Kimberlymouth,PR,81797
SHP_82642,Kelly,Terry,kelly.terry@gmail.com,(947)856-0915x75415,428 Jerry Dam,North Christine,NC,66399
SHP_22198,Jillian,Wells,jillian.wells@yahoo.com,(852)492-0183,07217 Mercer Way Suite 255,East Kimberlyhaven,IL,00926
SHP_88240,Charles,Colon,charles.colon@hotmail.com,(532)797-1980x85042,7624 Deborah Stravenue Apt. 659,New Jamestown,PW,23781
SHP_88386,Lisa,Santiago,lisa.santiago@gmail.com,001-574-714-6440x261,2555 Miller Flat,Port Shirley,VA,20481
SHP_52523,Daniel,Cook,daniel.cook@yahoo.com,001-499-902-3557x7027,6084 Peters Brook Apt. 955,East Juantown,MA,49684
SHP_60493,Jacob,Lopez,jacob.lopez@gmail.com,001-854-517-5401,058 Spencer Plaza Apt. 739,East Kari,RI,97873
SHP_11617,James,Griffin,james.griffin@yahoo.com,734.791.1004,108 Gaines Street,East Kevin,NM,29263
SHP_48253,Darrell,Walton,darrell.walton@gmail.com,8354228258,067 Maria Land,Kruegerburgh,WI,68077
SHP_64238,Eric,Kelley,eric.kelley@hotmail.com,717-710-7305,39817 Joseph Manors Suite 213,Ayalaberg,VI,33468
SHP_60829,Stephanie,King,stephanie.king@yahoo.com,001-861-674-0353x005,2734 Peter Villages,Patrickview,DE,30277
SHP_21101,Joseph,Phillips,joseph.phillips@gmail.com,(883)531-1703x037,53988 Hodges Inlet Suite 281,East Sabrina,MS,59802
SHP_83339,Teresa,Macdonald,teresa.macdonald@hotmail.com,854-421-1644x681,39126 Ellis Path Suite 253,East Kathryntown,CT,12503
SHP_41816,Kevin,Krause,kevin.krause@gmail.com,001-609-288-9081x5506,56264 Amanda Squares,Stephaniemouth,CO,39695
SHP_84967,John,Kennedy,john.kennedy@gmail.com,+1-411-616-5377x546,1632 Bailey Loop,Wallacestad,TX,65605
SHP_78302,Robert,Thompson,robert.thompson@yahoo.com,(830)825-7865x35786,60321 Danielle Stravenue Apt. 458,Millerview,NJ,80620
SHP_32227,Jose,Moore,jose.moore@gmail.com,(209)926-3690x368,3032 Wilson Squares Suite 383,South Michael,AL,90166
SHP_99825,Jonathan,Keller,jonathan.keller@hotmail.com,837-480-4987,383 Wright Lock,Jillport,MH,23257
SHP_59903,Kimberly,Lee,kimberly.lee@hotmail.com,976-603-6733x61424,1632 Kim Station,Lake Joshuaburgh,UT,35159
SHP_32216,Ricky,Dunn,ricky.dunn@hotmail.com,830-210-0830,3703 Casey Course,Moorebury,MA,76096
SHP_28198,Jeremy,Curry,jeremy.curry@gmail.com,423.319.3945x627,133 Vaughn Village Suite 098,South Jeffrey,RI,24465
SHP_45247,Alexander,Herrera,alexander.herrera@hotmail.com,+1-785-463-8028,00416 Mahoney Vista,Jennastad,MI,74875
SHP_49469,Brenda,Howard,brenda.howard@hotmail.com,(592)606-9275x3481,8545 Combs Burg,West Jessica,NH,09523
SHP_45180,Lisa,Morse,lisa.morse@hotmail.com,674-269-7851x3681,6358 Lori Summit Apt. 729,South Cristianville,CT,18057
SHP_74634,Ryan,Davis,ryan.davis@hotmail.com,001-926-963-5057x0591,3428 James Fords Apt. 562,Singhborough,NJ,12789
SHP_29127,Thomas,Freeman,thomas.freeman@yahoo.com,+1-549-558-3390x914,753 Kennedy Expressway,South Samuel,FM,24658
SHP_18292,Virginia,Sherman,virginia.sherman@yahoo.com,(812)624-7141x1673,67614 Hubbard Creek Apt. 776,Silvaland,DE,04376
SHP_31916,Seth,Burton,seth.burton@hotmail.com,+1-661-417-1340x25006,6434 Farmer Loop,Donaldchester,TX,90392
SHP_66973,Douglas,Davis,douglas.davis@hotmail.com,001-927-388-8478,383 Jimenez Mills,West Theresatown,SD,97761
SHP_46170,Karen,Calderon,karen.calderon@gmail.com,+1-611-921-4477x520,703 Justin Meadow Suite 487,Royshire,MP,93162
SHP_65194,Ruth,Welch,ruth.welch@hotmail.com,(704)817-7656x12481,0027 Aaron Flats Suite 591,East Johnberg,PR,78359
SHP_49289,Erin,Banks,erin.banks@yahoo.com,499.892.5709,28551 Allen Springs,West Frances,FL,01969
SHP_73469,Brian,Peters,brian.peters@yahoo.com,447-470-6481x3357,423 Hampton Lodge Suite 393,Lake Maria,AS,81981
SHP_20082,Ashley,Smith,ashley.smith@gmail.com,(658)312-9205x9229,6302 Stewart Shores,Hallbury,NH,88106
SHP_57333,Michael,Jones,michael.jones@gmail.com,(468)444-8117x91720,596 David Lake Apt. 389,Jacobmouth,VA,67665
SHP_42990,Brian,Taylor,brian.taylor@gmail.com,001-622-866-4979x86492,645 Maxwell Avenue Apt. 558,West Louistown,AZ,63023
SHP_42321,Nicole,Huerta,nicole.huerta@hotmail.com,456.716.9712x44433,8262 Jones Plains Apt. 961,New Michaelburgh,DE,61556
SHP_91924,Nicole,Mitchell,nicole.mitchell@hotmail.com,(832)206-9068,509 Lindsay Skyway,North Andreafurt,PW,85232
SHP_74985,Christopher,Rogers,christopher.rogers@yahoo.com,960-342-6144,0441 Lopez Green Suite 582,Rodgersport,VA,48881
SHP_87831,Devin,Davis,devin.davis@hotmail.com,+1-823-211-5411x19020,36930 Michael Crossroad Apt. 144,Lake Michelle,WY,57876
SHP_90828,Dalton,Ward,dalton.ward@gmail.com,7073260768,0640 Matthew Track Suite 451,New Natalie,NJ,18867
SHP_35630,Amy,Martinez,amy.martinez@hotmail.com,(206)818-7996x344,882 Harrison Ramp,Lake Donald,RI,65520
SHP_70012,Jeremy,Turner,jeremy.turner@hotmail.com,5819722580,8196 Jason Lodge,Ashleyfurt,PA,95607
SHP_24021,Kevin,Carpenter,kevin.carpenter@yahoo.com,001-228-809-2411x505,31525 Moore Gardens Apt. 280,Wesleyside,ID,60273
SHP_27758,Kevin,Meyer,kevin.meyer@gmail.com,001-668-268-1114x3306,8771 Stewart Keys,Port Daniellefurt,UT,22376
SHP_49932,Ashley,Knight,ashley.knight@hotmail.com,219.219.4874x61231,1551 Charles Islands,Escobarmouth,IL,44178
SHP_10887,Nicholas,Love,nicholas.love@gmail.com,(272)249-2598x764,646 Daniel Turnpike Suite 442,Port Jennifer,AL,10902
SHP_61864,Paul,Clark,paul.clark@hotmail.com,240-612-7841,9556 Christopher Forest Suite 191,East Jesse,PR,34172
SHP_53544,Meredith,Martinez,meredith.martinez@gmail.com,974-484-1238x042,0914 Derek Manors,South Rachelborough,NE,37183
SHP_91289,Nathaniel,Burton,nathaniel.burton@yahoo.com,+1-533-374-7219,3709 Desiree Plain Suite 652,Parkerchester,AZ,07223
SHP_59792,Heather,Trevino,heather.trevino@gmail.com,+1-771-901-5633x91807,449 Elizabeth Drive Apt. 307,Franciscoborough,FL,72506
SHP_53193,Debra,Valencia,debra.valencia@hotmail.com,001-610-483-0007x5371,6903 Jackson Valley,Joshuabury,GU,17453
SHP_67700,Valerie,Gomez,valerie.gomez@gmail.com,401.635.8812x1555,87130 Richard Well,West Kaylaland,CT,92630
SHP_53874,Renee,Carter,renee.carter@hotmail.com,(402)613-4820,38328 Isaac Roads Suite 353,Davidmouth,IA,58212
SHP_66441,Christopher,Velez,christopher.velez@gmail.com,318.667.2075,566 Christine Valley Suite 760,Lake Masonview,IA,36167
SHP_95332,Mia,King,mia.king@hotmail.com,(790)871-3845x684,2484 Laura Plaza,Lake Jesse,AZ,85902
SHP_87908,Kenneth,White,kenneth.white@hotmail.com,(471)864-8435x14546,5385 Bailey Parkway,Tracishire,CT,96725
SHP_27842,Kyle,Miller,kyle.miller@hotmail.com,+1-709-793-7588,73618 Douglas Harbors,New Cassandra,WI,00672
SHP_49378,Alan,Bates,alan.bates@yahoo.com,892-566-5093x73001,7220 Alex Stravenue,Port Wanda,NY,29371
SHP_52030,John,Brown,john.brown@hotmail.com,(724)511-7715,3174 Kristen Cove Suite 219,Port Ryan,PA,31622
SHP_89064,Kelsey,Gutierrez,kelsey.gutierrez@gmail.com,413-935-9467x56255,87874 Lopez View Suite 435,West Madison,CO,97794
SHP_36326,Brittney,Ramos,brittney.ramos@yahoo.com,(237)688-5079,5230 Mary Square Suite 012,East Ashley,GU,07121
SHP_72784,Matthew,Li,matthew.li@hotmail.com,305.468.7807,2494 Vincent Estate Apt. 882,Lake Charlesville,KY,77453
SHP_51180,Michael,Reid,michael.reid@hotmail.com,937-969-9296x444,0842 Julie Glen,East Kevin,AL,04683
SHP_33283,Kevin,Martinez,kevin.martinez@hotmail.com,001-319-732-2571x779,4197 Perez Burg,South Alexander,NJ,15858
SHP_62198,Tonya,Townsend,tonya.townsend@yahoo.com,(883)305-3789x40986,8646 Edwards Trail Apt. 523,Timothyville,VI,21860
SHP_51830,Kaitlyn,Hampton,kaitlyn.hampton@gmail.com,236-916-0502x999,91814 Robert Pike Suite 903,Port Sonia,NV,58493
SHP_48200,Roger,Sutton,roger.sutton@hotmail.com,(756)305-9233x892,130 Daniels Fork Apt. 292,Austinview,GU,11735
SHP_92955,Denise,Williams,denise.williams@hotmail.com,(605)203-5090x78611,7034 Smith Parkways Apt. 637,Emilyport,MS,20379
SHP_74357,Ashley,Ramirez,ashley.ramirez@yahoo.com,939-773-8460x59716,947 Henry Stream,Sarahshire,WA,78452
SHP_85481,Crystal,Fox,crystal.fox@gmail.com,001-361-317-2217x863,011 Ryan Field,East Austin,ID,71047
SHP_41775,Derrick,Clayton,derrick.clayton@hotmail.com,(448)474-3236,955 Cole Trace Suite 068,Karenton,AL,89538
SHP_52714,Jose,Cook,jose.cook@hotmail.com,389-281-4204x651,2504 Skinner Valley Suite 359,North Josephfurt,AL,02641
SHP_59290,Trevor,Simpson,trevor.simpson@hotmail.com,001-240-731-0595x325,2672 Willis Loaf,Lake Kenneth,OR,36612
SHP_46739,Danielle,Parker,danielle.parker@hotmail.com,(810)800-0718,548 Johnson Estates Suite 183,New Sarah,VI,28025
SHP_61502,Mark,Carter,mark.carter@hotmail.com,378.801.5739x93056,408 Robertson Pass Suite 704,West Willie,CT,22441
SHP_57843,Monica,Davis,monica.davis@gmail.com,(681)330-7837x31835,345 James Valleys,Heatherton,WA,24241
SHP_24927,Melissa,Goodman,melissa.goodman@yahoo.com,902-868-0330,08723 Rita Square Suite 178,Lake Calvinborough,CA,23398
SHP_83905,Todd,Smith,todd.smith@gmail.com,771-388-6689x26589,252 Jack Lights Suite 191,East Melanie,GU,85136
SHP_36188,Patrick,Benson,patrick.benson@hotmail.com,779.895.6880,2163 Fox Plaza Suite 480,North Markville,SD,12665
SHP_87624,Kayla,Conrad,kayla.conrad@yahoo.com,+1-467-532-0774,423 Garrett Skyway Suite 163,North Michaelchester,NE,78342
SHP_81516,Elizabeth,Bates,elizabeth.bates@gmail.com,786-783-0291,233 Kevin Lane Suite 185,Amandashire,NE,51496
SHP_33583,John,Hill,john.hill@yahoo.com,(385)809-5966,467 Frederick Green,Heatherfurt,VA,11885
SHP_99353,David,Rodriguez,david.rodriguez@yahoo.com,+1-257-935-1549x6066,4712 Clark Street Suite 834,Kennethmouth,MA,14552
SHP_82102,Amber,Charles,amber.charles@gmail.com,+1-269-992-9290x65571,154 Shawna Corner Suite 489,Warrenport,AR,82450
SHP_13527,Michael,Moore,michael.moore@yahoo.com,212.595.4313,94723 Alec Way Suite 728,West Gary,LA,34166
SHP_70505,Joseph,Andrews,joseph.andrews@yahoo.com,847-382-9240x98866,700 Adams Trail,North Robertside,AZ,20540
SHP_37479,Stephen,Brown,stephen.brown@yahoo.com,350-263-2405,5838 Welch Meadows,East Patricia,MO,61748
SHP_67469,James,Martin,james.martin@yahoo.com,8287996668,11621 Jennifer Square Suite 514,Meganborough,WY,80931
SHP_48185,Tristan,Cruz,tristan.cruz@yahoo.com,+1-447-238-6463x175,167 David Locks Suite 912,West Theresamouth,ID,78483
SHP_19064,Mark,Gibbs,mark.gibbs@gmail.com,001-477-873-0316x78719,4872 Melissa Divide,Elizabethberg,MN,38521
SHP_63627,Ashley,Reid,ashley.reid@yahoo.com,001-494-801-8989,93674 William Mall Suite 600,Port Joyce,OR,45323
SHP_98208,Donald,Carter,donald.carter@yahoo.com,(539)252-4663x2160,3651 Stephanie Fords,East Steve,KY,35207
SHP_75444,Amy,Thomas,amy.thomas@yahoo.com,001-449-906-6031x75234,3379 Dwayne Unions Apt. 512,Traceyview,VI,49129
SHP_28242,Kevin,Diaz,kevin.diaz@yahoo.com,(538)461-8908x54030,55599 Gonzalez Mission Apt. 056,North Cynthiaport,PR,18851
SHP_93012,Jennifer,Brewer,jennifer.brewer@yahoo.com,931.596.9457x054,3056 Kimberly Well Suite 266,Bennettland,OR,47024
SHP_49692,Travis,Salas,travis.salas@hotmail.com,377-275-2047x1167,94131 Obrien Turnpike,Port Alexandra,NV,58529
SHP_41722,Ashley,Hernandez,ashley.hernandez@yahoo.com,(765)978-9635,5263 Shaw Place Apt. 372,Lanceburgh,DC,84307
SHP_43119,Emily,Jones,emily.jones@hotmail.com,001-270-560-4462,4571 Elizabeth Springs Suite 342,West Duaneland,CT,36995
SHP_96332,Brooke,Fernandez,brooke.fernandez@yahoo.com,001-851-307-4091x31117,54760 Gary Burg,Lovestad,PW,31146
SHP_30203,Robin,Brown,robin.brown@yahoo.com,447.774.1160,88755 Leblanc Port Apt. 041,Nicoleburgh,WY,69892
SHP_65460,Madison,Thomas,madison.thomas@gmail.com,372.888.1377x0285,59408 David Inlet,Kevinfort,AK,19227
SHP_59412,Anthony,Jones,anthony.jones@gmail.com,001-531-577-9053x403,51801 Powell Plains,East Johnberg,ND,08145
SHP_19694,Curtis,Watts,curtis.watts@hotmail.com,921-539-5116,9762 Bradley Court Suite 442,New Cheryl,IN,84645
SHP_68860,Matthew,Adkins,matthew.adkins@gmail.com,452-716-4201x180,852 Jessica Common Apt. 159,Kristinbury,ID,32911
SHP_88372,Philip,Munoz,philip.munoz@yahoo.com,803.789.3136x4903,68897 Brittany Forges Apt. 901,North Amystad,KY,01979
SHP_72814,Savannah,Erickson,savannah.erickson@gmail.com,001-471-582-1821x60639,678 Emily Shore,New Leahton,FL,31373
SHP_86315,Tanya,House,tanya.house@gmail.com,(267)873-6026,4687 James Forge Apt. 980,Brianshire,NJ,66410
SHP_62534,Michael,Barber,michael.barber@gmail.com,001-222-852-6497x4787,644 William Road Apt. 070,Warrenton,VA,09569
SHP_80040,Cathy,Keller,cathy.keller@yahoo.com,294.757.5959x955,362 Scott Hills Suite 418,New Michael,GA,90898
SHP_76402,Michael,Smith,michael.smith@yahoo.com,941.676.4344x105,5253 Beth Roads,West Kent,KY,87369
SHP_64827,Bruce,Ellis,bruce.ellis@hotmail.com,298.943.1522x7911,5506 Hines Freeway Apt. 200,Medinafurt,WY,45981
SHP_81256,Leslie,Ortiz,leslie.ortiz@hotmail.com,(667)869-2517,548 Evelyn Gardens,West Brittanytown,RI,16112
SHP_14818,Jerry,Hogan,jerry.hogan@hotmail.com,423-931-4324x17071,633 Malone Ridges Apt. 813,East Jill,MP,67018
SHP_57124,Timothy,Ryan,timothy.ryan@hotmail.com,892-286-8671x49169,9885 Aaron Cliffs,New Victoriaview,TX,20032
SHP_80373,Brenda,Murphy,brenda.murphy@yahoo.com,280-294-0476x044,772 Brady Rue Apt. 050,Lake Jill,VI,17756
SHP_87833,Rebecca,Obrien,rebecca.obrien@hotmail.com,(861)495-9873x452,106 Christopher Vista,West Elizabethstad,ME,67716
SHP_93647,Danielle,Madden,danielle.madden@gmail.com,(497)369-0543x5268,719 Heather Shores Apt. 271,Port Heidibury,DC,45077
SHP_21138,Angela,Anderson,angela.anderson@gmail.com,3637657837,41367 Webb Light,Obrienshire,TN,91360
SHP_24335,Mark,Wood,mark.wood@yahoo.com,562-220-3699x9575,991 Cynthia Curve,East Charlesburgh,TX,53472
SHP_42536,Natalie,Garcia,natalie.garcia@yahoo.com,001-917-207-9536,889 Marshall Rapids,Burchfurt,NJ,48055
SHP_96193,Christopher,Harris,christopher.harris@gmail.com,398.528.2237x53343,62936 Joseph River,Lake Danieltown,DC,61107
SHP_97122,Sean,Young,sean.young@yahoo.com,958-350-6431,900 Sanchez Crossroad,North Maria,OH,27653
SHP_56531,Grant,Stephens,grant.stephens@yahoo.com,817.516.9944x4283,7004 Brenda Shoals,Tanyaview,NJ,15624
SHP_31802,Kimberly,Figueroa,kimberly.figueroa@yahoo.com,(276)251-1402,310 Barnett Expressway Suite 776,Pattersonbury,OK,15644
SHP_94803,Samuel,Patton,samuel.patton@yahoo.com,6227347780,972 Wilson Pike Suite 070,East Debra,NC,18058
SHP_90304,Dale,Yoder,dale.yoder@hotmail.com,(300)771-5271,757 Savannah Parks,East Michaelshire,CT,01383
SHP_15806,Michelle,Baker,michelle.baker@hotmail.com,681.364.7106x1252,450 Young Green Apt. 429,Port Wendyfort,AS,87014
SHP_83822,Sarah,Davila,sarah.davila@yahoo.com,(573)816-0740x809,705 Scott Manor Suite 286,Port Alexanderport,GU,01291
SHP_94545,Angela,Clark,angela.clark@yahoo.com,(742)288-4637x734,27721 Johnston Via,South Ericton,MP,43755
SHP_98797,Jennifer,Mccarty,jennifer.mccarty@gmail.com,001-897-531-1120x27221,4199 Whitney Port,Lake Shannon,IN,37091
SHP_94769,Christopher,Castillo,christopher.castillo@yahoo.com,498.780.2720x9935,09875 Collins Summit,Jimenezton,AL,38013
SHP_62378,Michael,Davis,michael.davis@hotmail.com,731.402.9833x126,07498 Jones Branch,Jonathanport,AZ,36411
SHP_53463,Laura,Carter,laura.carter@yahoo.com,220-357-0237x562,85183 Miranda Ranch,Port Rebeccamouth,TX,49368
SHP_66420,Danielle,Blair,danielle.blair@gmail.com,793-433-8180,8131 Johnson Fort Suite 334,Deanshire,MT,61176
SHP_23886,Tammy,Guerrero,tammy.guerrero@yahoo.com,001-561-957-1732x030,84787 Benjamin Centers Suite 061,Port Desiree,NC,60580
SHP_11382,Lisa,Simpson,lisa.simpson@gmail.com,446-877-9526x890,4238 Brandi Ramp,Franklinhaven,OH,06019
SHP_22924,Matthew,Dickson,matthew.dickson@hotmail.com,+1-757-556-8113x431,314 Cassandra Street,Port Eric,MN,92789
SHP_43913,Jasmine,Campbell,jasmine.campbell@yahoo.com,+1-341-323-2546x018,3485 Jones Forest,Holtmouth,NE,72179
SHP_39098,Danielle,Booth,danielle.booth@hotmail.com,+1-313-885-2551,6471 Lopez Crossroad,South Theresa,MN,15049
SHP_76935,Danielle,Tran,danielle.tran@gmail.com,580.487.1353x847,05703 Cox Trafficway Suite 925,Johnsonburgh,WY,63347
SHP_77999,Sylvia,Hernandez,sylvia.hernandez@yahoo.com,7993171567,59272 Harrison Summit Apt. 100,Markton,IL,97873
SHP_83137,Krista,Diaz,krista.diaz@gmail.com,762.579.9553x024,23984 Jackson Burgs,West Jennifer,WY,17777
SHP_86089,Brandon,Evans,brandon.evans@gmail.com,998.660.6106x56733,0165 Sean Course Apt. 681,Brianaside,AR,18852
SHP_85397,Denise,Mcdonald,denise.mcdonald@yahoo.com,304.693.1531,33173 Raymond Hill,Lake Morgan,NY,43450
SHP_38971,Joseph,Warren,joseph.warren@hotmail.com,+1-329-580-2029x17265,04578 Vanessa Gardens Apt. 456,Lake Nathan,AR,29163
SHP_68429,Briana,Willis,briana.willis@gmail.com,001-501-708-9857x390,18968 Conway Extension,Peterhaven,WI,68226
SHP_59036,Susan,Walker,susan.walker@gmail.com,4494314704,8815 Gary Estates Apt. 620,South Pamelashire,MS,85778
SHP_61266,Marie,Frederick,marie.frederick@gmail.com,916.574.2336x29344,1566 Thomas Manors Suite 270,Simmonsland,WV,39852
SHP_70694,James,Meyer,james.meyer@gmail.com,+1-332-574-4877x10228,13337 Garcia Mill Apt. 230,Boothberg,AZ,21481
SHP_99070,Holly,Bradshaw,holly.bradshaw@yahoo.com,(972)681-6733,21575 Ball Track Apt. 641,Port Roger,NY,34257
SHP_87147,Emily,Gentry,emily.gentry@gmail.com,235.200.3766,550 Angela Harbors,Stricklandland,AL,55516
SHP_75597,Carrie,Diaz,carrie.diaz@yahoo.com,597-873-9610x34057,80417 Patterson Route,Pamelaton,NJ,94009
SHP_29758,Rebekah,Colon,rebekah.colon@hotmail.com,+1-611-587-4007x43262,76035 Wells Dam,Joshuaberg,LA,63576
SHP_55215,Tami,Welch,tami.welch@yahoo.com,911-663-9714x92075,2487 Brandi Estate,Andersonland,NC,71989
SHP_13219,Joshua,Elliott,joshua.elliott@yahoo.com,995-606-0958x062,6983 Duncan Canyon Suite 429,Christianberg,TN,81590
SHP_73277,Hannah,Riley,hannah.riley@gmail.com,652-303-6089x411,599 Susan Knolls,Kathleenbury,PW,49495
SHP_23703,Amber,Mason,amber.mason@hotmail.com,524-279-6667,72940 Nancy Mountains,Christopherfort,MT,89920
SHP_48722,Tabitha,Adams,tabitha.adams@gmail.com,(821)274-8819x09607,565 Daniel Gardens Suite 731,Juarezside,WV,39397
SHP_64522,Mark,Gonzalez,mark.gonzalez@hotmail.com,931-253-1363x63179,39726 Taylor Stravenue Apt. 543,Davidshire,AR,37280
SHP_21253,Tracey,Gilbert,tracey.gilbert@gmail.com,554.905.4691x18832,4840 Stone Islands Suite 753,South Stephanie,MD,73080
SHP_25213,Joseph,Baker,joseph.baker@gmail.com,(215)460-9514x277,3861 Tami Crossing,North Rebeccachester,HI,95516
SHP_28569,Robin,Campbell,robin.campbell@gmail.com,594-336-8153,09568 Perry Parks,New Patriciabury,NV,22904
SHP_55656,Sarah,Rodriguez,sarah.rodriguez@hotmail.com,(785)333-2319,54878 Williams Mills,Kimberlyfurt,NM,35008
SHP_50880,Sarah,Brown,sarah.brown@gmail.com,404.536.9225x9164,27469 Daniel Loaf,North Karen,CO,75299
SHP_54966,Hannah,Rogers,hannah.rogers@hotmail.com,630.419.2441x8923,47155 Lucas Junction,New Misty,LA,73671
SHP_69681,Alicia,Lopez,alicia.lopez@gmail.com,4666294397,79346 Donna Canyon,Cooperberg,GA,58221
SHP_37114,Krista,Brennan,krista.brennan@hotmail.com,7085666581,2233 Paul Trail,Berryview,OK,89618
SHP_78303,Shawn,Coleman,shawn.coleman@yahoo.com,(753)226-9097x3846,751 Nixon Common,Lake Jessica,PR,98881
SHP_73298,Anthony,Burke,anthony.burke@hotmail.com,219-945-4488,612 Charles Fall,Salinasshire,NC,25684
SHP_55652,Heather,Anderson,heather.anderson@hotmail.com,911-276-2320x908,8815 Douglas Ridge Suite 605,North Melanie,LA,52547
SHP_72411,Jennifer,Pierce,jennifer.pierce@yahoo.com,001-697-984-2553x96116,0572 Harrington Roads,Alexandrafort,ME,98149
SHP_22795,Thomas,Orozco,thomas.orozco@yahoo.com,327-863-0965x00401,8179 Mckenzie Pike Apt. 294,West Andrewland,WY,20556
SHP_67431,Darren,Chase,darren.chase@yahoo.com,596.882.2983,571 Kelley Fords,North Heathertown,SC,48743
SHP_69303,Charles,Rivera,charles.rivera@yahoo.com,001-447-502-8155,448 Thomas Canyon Apt. 804,Melissaland,MT,20201
SHP_51800,Daniel,Daniel,daniel.daniel@yahoo.com,241-782-7711x48816,97557 Angela Locks,Rojasfurt,PR,43243
SHP_18804,Elizabeth,Grimes,elizabeth.grimes@hotmail.com,(836)584-1519x1504,5344 Burton Flats Suite 391,West Jasonview,WI,82162
SHP_49356,Billy,Reid,billy.reid@hotmail.com,+1-412-330-7388x8012,3652 Brian Bypass,Langview,MA,23893
SHP_15856,Christopher,Mann,christopher.mann@yahoo.com,4417158228,7029 Teresa Station Apt. 956,West Sarahberg,NY,47803
SHP_25084,Elizabeth,Crawford,elizabeth.crawford@hotmail.com,488.541.3685,615 Stacey Brooks,East Sarahview,GA,86675
SHP_12960,Cindy,Clark,cindy.clark@hotmail.com,922-705-7673x27530,019 Erica Ferry Apt. 340,Lake Evanfort,NM,92232
SHP_54967,Melissa,Tanner,melissa.tanner@gmail.com,001-375-604-0731x1863,58926 Conrad Springs Apt. 002,South James,ND,45305
SHP_94930,Susan,Torres,susan.torres@yahoo.com,(551)549-9753x01446,5450 David Divide Apt. 198,Anitaborough,CO,17296
SHP_24334,Kara,Bailey,kara.bailey@yahoo.com,001-672-476-9192x2995,883 Vargas Pike,Josephstad,AK,79418
SHP_98754,Steven,Cox,steven.cox@hotmail.com,210-927-7699x28079,02150 Brandon Plains,North Calvinchester,MT,92772
SHP_31542,Shelby,Brown,shelby.brown@gmail.com,850-304-9687x0893,22700 Richard Meadows Suite 953,Jeffreymouth,AR,94496
SHP_41970,Joel,Lee,joel.lee@gmail.com,849-327-1523x36193,4912 Joshua Gardens Suite 796,Lake Michelleburgh,NJ,97522
SHP_77632,Kayla,Wright,kayla.wright@hotmail.com,(917)207-6775x957,321 Chen Field Apt. 373,East Jessicafurt,MH,57700
SHP_32865,Frederick,Underwood,frederick.underwood@hotmail.com,(419)882-7260x65768,82419 Mason Viaduct Suite 804,New Amber,NY,89892
SHP_82339,Cassandra,Jackson,cassandra.jackson@hotmail.com,+1-692-314-1558,17470 Callahan Port Apt. 856,Charlesstad,AK,38082
SHP_30989,John,Williams,john.williams@gmail.com,+1-670-820-6348x323,1521 Angela Manor,Walshville,SD,58175
SHP_53383,Tina,Bishop,tina.bishop@gmail.com,+1-561-372-4053x94772,36143 Day Meadow,Amandafurt,NM,10539
SHP_83380,Maria,Wolfe,maria.wolfe@yahoo.com,713.858.0994,268 Carl Courts Apt. 414,Hollymouth,MH,40500
SHP_65885,Kristin,Wolfe,kristin.wolfe@gmail.com,+1-586-983-5119x0359,3885 Fernandez Keys Apt. 193,Samanthachester,SD,40060
SHP_70562,Christina,Harris,christina.harris@gmail.com,(892)762-7993,137 Hodge Via Suite 750,West Charles,MD,12138
SHP_40389,Christina,Chang,christina.chang@yahoo.com,+1-231-492-9273,7849 Blake Road Suite 216,Ashleyville,MN,82913
SHP_63090,Andrew,Owens,andrew.owens@gmail.com,346-974-6215x9584,916 Scott Junction Apt. 221,South Anneland,SD,38076
SHP_92543,John,Wright,john.wright@yahoo.com,(265)218-1275x917,3743 Michael Light,Phillipsmouth,IL,50300
SHP_34176,Jose,Ramirez,jose.ramirez@hotmail.com,001-466-419-2102x9957,5336 Denise Isle,South Connie,WY,79612
SHP_34430,Tricia,Lewis,tricia.lewis@yahoo.com,001-737-408-6382,967 Christopher Court Apt. 208,West Johnnyfurt,OR,99448
SHP_93948,Timothy,Walter,timothy.walter@hotmail.com,586.668.9707,80893 Ray Rapids,Port Kimberly,VA,65827
SHP_96154,Bruce,Brooks,bruce.brooks@yahoo.com,(751)788-6890,7884 Betty View,Dianatown,WA,99286
SHP_66640,Kelly,Duncan,kelly.duncan@gmail.com,826.952.0148x760,2500 Vickie Crest,Peterborough,WY,24011
SHP_61849,Samuel,Neal,samuel.neal@gmail.com,(225)709-1792x6119,069 Jenny Gardens Apt. 367,South Heather,TX,34000
SHP_13826,Michelle,Curtis,michelle.curtis@hotmail.com,(535)466-2578,684 Bailey Lock,Markton,WI,13331
SHP_90492,Micheal,Rice,micheal.rice@yahoo.com,391-585-8774x36001,7883 Middleton Harbor Suite 649,Riverafort,NJ,54758
SHP_35863,Tammy,Lee,tammy.lee@gmail.com,+1-289-448-4707x173,6013 Zamora Summit,Sullivanhaven,KY,46418
SHP_68926,Gary,Wilcox,gary.wilcox@yahoo.com,746.616.9500,52045 Carpenter Motorway,Cynthialand,FM,51105
SHP_87621,Patrick,Aguilar,patrick.aguilar@yahoo.com,971-781-7534x0961,75634 Brown Causeway,North Austin,CT,50682
SHP_66302,Christopher,Allen,christopher.allen@hotmail.com,737.299.1618,767 Kimberly Glens,Melanieborough,WV,04403
SHP_60965,Christine,Sanchez,christine.sanchez@gmail.com,(638)488-9312x904,61601 Elizabeth Road,Hernandezside,RI,83228
SHP_10583,James,Huff,james.huff@hotmail.com,7523572238,89943 Scott Turnpike,Martinezfort,NH,92491
SHP_38153,Megan,Gonzalez,megan.gonzalez@yahoo.com,+1-773-520-0960x153,3256 Sara Springs,Port Laurenfort,AZ,35199
SHP_36972,Carrie,Hughes,carrie.hughes@gmail.com,204-964-7202,591 Buchanan Path Suite 322,Lake Melissafurt,MD,20309
SHP_46483,David,Lucas,david.lucas@hotmail.com,735-799-2271,696 Kathleen Isle Suite 036,West Benjamin,PA,55988
SHP_18200,Jessica,Shepherd,jessica.shepherd@hotmail.com,464-975-1618,3294 Rivas Points Suite 538,East Lisatown,MD,83284
SHP_85674,David,Decker,david.decker@yahoo.com,001-441-229-0759x65999,37631 Stevens Radial,Joshualand,PW,02452
SHP_23336,Todd,Harris,todd.harris@yahoo.com,001-542-817-8572x2804,4238 Katherine Run,Morrisonland,OR,11331
SHP_80371,Michael,Mccullough,michael.mccullough@hotmail.com,001-849-365-9905x27025,3583 Larry Ways,Lake Timothystad,DE,29445
SHP_34505,Jessica,Graves,jessica.graves@yahoo.com,(719)472-6344x556,6825 Kelly Parks Apt. 205,North Gloriafurt,AK,03439
SHP_57945,Courtney,Fernandez,courtney.fernandez@gmail.com,666-974-6493x2516,70189 Stevenson Valleys Apt. 985,Harthaven,AR,53092
SHP_52727,Alicia,Barrera,alicia.barrera@gmail.com,001-925-440-6467x651,753 Belinda Curve Apt. 655,Carterville,KS,77388
SHP_35830,Megan,Keller,megan.keller@hotmail.com,220-912-1695x6735,90378 Ho Throughway Suite 822,Lake Dylan,RI,63326
SHP_69972,Jason,Campbell,jason.campbell@yahoo.com,(693)377-7242x4278,761 Karen Parkways,South Theresa,GA,37147
SHP_24936,Renee,Smith,renee.smith@hotmail.com,(761)453-4735,112 Laura Fields Suite 559,Rowlandbury,PW,06555
SHP_44387,Phillip,Parks,phillip.parks@gmail.com,718.675.0036x915,434 Mullen Junctions,Ivanchester,IL,55432
SHP_97910,Tamara,Cruz,tamara.cruz@yahoo.com,528.832.5702,85991 Owens Port,Kimmouth,WA,47511
SHP_74157,Kim,Logan,kim.logan@hotmail.com,001-715-659-0308x1969,876 Emma Junction Apt. 488,Brendaville,FM,93954
SHP_79168,Brooke,Hernandez,brooke.hernandez@hotmail.com,(946)374-7468,73230 Michelle Stream Suite 766,Wallerstad,MS,64667
SHP_93769,Tiffany,Moore,tiffany.moore@gmail.com,001-801-990-9459,9296 Crawford Groves Suite 397,Huntport,MA,63991
SHP_51078,Terri,Ortiz,terri.ortiz@yahoo.com,(955)807-8688,203 Gary Gateway,South Austinland,RI,94490
SHP_88246,Pamela,Fernandez,pamela.fernandez@yahoo.com,746.381.0548,174 Shawn Freeway,West Kevin,TN,94198
SHP_60939,Nathan,Gross,nathan.gross@hotmail.com,001-986-383-5473x745,727 Bentley Summit Suite 931,South Charlesbury,ID,56069
SHP_90125,Rebecca,Woodard,rebecca.woodard@hotmail.com,217.870.7723,416 Benjamin Creek Suite 915,Gonzalezport,GU,25187
SHP_61451,Amanda,Hutchinson,amanda.hutchinson@gmail.com,965-801-8175,80867 Curry Crossroad,Andersonland,MA,17369
SHP_86939,Angel,Hernandez,angel.hernandez@gmail.com,(914)943-8051x58952,0466 Brown Wall,Summersbury,NY,23327
SHP_24972,Mary,Logan,mary.logan@gmail.com,964.235.9325x6183,7744 Danielle Manors,North Justin,MD,95750
SHP_55603,John,Gallagher,john.gallagher@gmail.com,5553916983,364 Johnson Rapids Suite 406,Janetport,VI,47024
SHP_56135,Juan,Frye,juan.frye@hotmail.com,(285)497-6646x9265,7469 Holder Plains,West Jennifer,AS,41583
SHP_70012,Wesley,Sheppard,wesley.sheppard@gmail.com,607-735-5278,71053 Kyle Ridges,Sheppardmouth,ND,85778
SHP_90918,Haley,Lopez,haley.lopez@hotmail.com,+1-609-962-4406x30624,33053 Cheryl Stream Suite 969,Amberfort,OH,02148
SHP_32613,Frank,Vargas,frank.vargas@yahoo.com,447.901.3635,4264 Ashley Row Suite 132,Morganbury,VA,98204
SHP_98288,Jesus,Riggs,jesus.riggs@gmail.com,817-820-5046x5784,71312 Williams Forks Apt. 653,Youngbury,MH,74582
SHP_48986,Jennifer,Baker,jennifer.baker@yahoo.com,374-690-9794x059,251 Jessica Turnpike Suite 747,Port Robertobury,WV,70272
SHP_90541,Justin,Morris,justin.morris@hotmail.com,993-344-2462,93306 Young Landing,Lake Miguel,NJ,41627
SHP_87354,Barbara,Miller,barbara.miller@hotmail.com,201-268-3780,46846 Kathleen Bypass,New Michael,GU,83896
SHP_21108,Scott,Navarro,scott.navarro@gmail.com,001-888-862-6395x612,305 Snyder Mount Apt. 388,Burgesston,GA,96109
SHP_98094,Jamie,Berry,jamie.berry@hotmail.com,375-823-2661x03821,50255 John Port,Nicholsonport,HI,87730
SHP_27556,Ashley,Butler,ashley.butler@gmail.com,(489)943-0120x47137,75957 Ray Plaza,Crystalmouth,NC,20895
SHP_51049,Monique,Fitzgerald,monique.fitzgerald@gmail.com,001-728-738-5786x527,733 Grant Fork Suite 437,Timothyside,WY,95090
SHP_25448,Stephen,Chapman,stephen.chapman@gmail.com,+1-824-269-6492x89638,66993 Austin Inlet,Powellburgh,WA,38229
SHP_41270,Kristy,Mahoney,kristy.mahoney@hotmail.com,895.704.7729x1095,0239 Pratt Mill Suite 462,Lake Richardport,KY,70486
SHP_50026,Elizabeth,Johnson,elizabeth.johnson@gmail.com,(291)862-8875x0865,859 Jason Dam,Watsontown,AS,18166
SHP_25328,Zachary,Rivera,zachary.rivera@hotmail.com,+1-726-692-4393,90837 Hayes Islands,Lanebury,TN,74684
SHP_33992,Lisa,Rodriguez,lisa.rodriguez@yahoo.com,803.614.1375x92612,0798 Diane Burg,Leebury,CT,43552
SHP_58929,Steven,Hunter,steven.hunter@yahoo.com,766-650-1800,27760 Elizabeth Crossroad Apt. 162,Meganstad,CO,03712
SHP_28528,Abigail,Lang,abigail.lang@gmail.com,357-414-2709x31912,953 Lewis Dale Suite 126,Powellburgh,TN,06438
SHP_76954,Thomas,Nicholson,thomas.nicholson@hotmail.com,001-704-974-3762x689,9295 Vanessa Port,Port Jenniferton,WA,05461
SHP_60916,Sarah,Thornton,sarah.thornton@hotmail.com,(225)258-1366x6188,45955 Clinton Dam Apt. 155,Maldonadoville,TN,36865
SHP_64819,Janet,Shaw,janet.shaw@gmail.com,473-306-9938,2878 Taylor Ports Apt. 028,Brianberg,CA,66359
SHP_88174,Philip,Martinez,philip.martinez@yahoo.com,7406804137,232 Danielle Villages Apt. 432,Jasontown,NJ,27020
SHP_28070,Howard,Russell,howard.russell@hotmail.com,783-344-0932,0209 Emily Haven Apt. 431,South Bruceville,KS,95870
SHP_85340,Amanda,Melendez,amanda.melendez@gmail.com,220.753.0649,414 Anthony Forge Apt. 248,Fisherfurt,CO,11607
SHP_60293,Andrew,Pierce,andrew.pierce@gmail.com,(716)935-9322x7777,360 April Views Apt. 812,Garciamouth,NH,89642
SHP_65448,Gina,Daniel,gina.daniel@yahoo.com,001-511-715-7962,38039 Grace Lodge,Thompsonstad,OR,23392
SHP_34347,Cassandra,Williams,cassandra.williams@yahoo.com,+1-740-471-2534x61155,027 Brian Lake Apt. 130,New Michael,DE,10274
SHP_73788,Lori,Moon,lori.moon@hotmail.com,(283)982-8266x7400,54962 Wade Rapid Suite 901,North Jeff,MA,25260
SHP_93296,Cristina,Howard,cristina.howard@yahoo.com,(629)542-0121x72209,20824 Emily Plaza Suite 778,Clarkville,TN,94249
SHP_80435,Casey,Mcfarland,casey.mcfarland@yahoo.com,+1-557-662-8577x7381,4271 Tate Rue,Claytonborough,SC,21689
SHP_94575,Laura,Phillips,laura.phillips@yahoo.com,001-240-751-9950x8190,3526 Michael Land Apt. 763,Ianville,IA,85980
SHP_32706,Tara,Anderson,tara.anderson@gmail.com,001-845-257-9537x2376,42643 Jackson Vista Suite 081,Port Tommy,HI,77877
SHP_82733,Joseph,Morgan,joseph.morgan@hotmail.com,001-452-659-8649,839 Heather Curve Apt. 746,Greenmouth,MD,91572
SHP_31871,Bradley,Berry,bradley.berry@gmail.com,(880)292-0242,37977 Jeffrey Loop Apt. 929,Garymouth,NH,78689
SHP_74178,Peter,Yates,peter.yates@hotmail.com,892-520-5135,8925 Brandon Knolls Apt. 674,Fowlerborough,MN,71455
SHP_47858,Grace,Carlson,grace.carlson@gmail.com,899.619.7936,51126 Virginia Radial,Lake Derekberg,NJ,64355
SHP_28388,Katelyn,Gross,katelyn.gross@gmail.com,904-217-3722x34267,238 Donald Common,Brownhaven,GU,82039
SHP_34523,Robert,Hayes,robert.hayes@gmail.com,793.371.4521x117,892 Pierce Cape Apt. 592,Port Duane,WI,93830
SHP_51232,Matthew,Smith,matthew.smith@hotmail.com,560.574.2906x95222,318 Patrick Canyon Apt. 730,Port Jose,HI,50949
SHP_69113,Becky,Reed,becky.reed@hotmail.com,+1-689-759-4703x9696,9176 Williams Mount,Port Andreaborough,AL,05433
SHP_91187,Sarah,Gross,sarah.gross@hotmail.com,931-705-5771x0302,88958 Bishop Rest Apt. 584,West Rachel,ID,13585
SHP_17026,Scott,Bradley,scott.bradley@hotmail.com,(208)974-9612x2983,779 Jonathan Forge Suite 596,Medinachester,HI,59089
SHP_57059,Hunter,Huff,hunter.huff@yahoo.com,001-533-475-3614,953 Foley Passage Apt. 409,New Maryview,SC,15823
SHP_11256,Deborah,Ali,deborah.ali@gmail.com,+1-398-491-9648,03389 Erin Canyon,Williamshaven,PR,62814
SHP_73518,Matthew,Ponce,matthew.ponce@hotmail.com,+1-683-863-3319x33382,93732 Teresa Circle Apt. 550,Porterburgh,AK,16164
SHP_27895,Nicole,Huerta,nicole.huerta@yahoo.com,7005082220,208 Barbara Knolls,Odomton,NC,75375
SHP_35575,John,Coleman,john.coleman@yahoo.com,9236717821,31453 Sherri Tunnel Apt. 580,West Amyborough,HI,07382
SHP_60324,Suzanne,Smith,suzanne.smith@hotmail.com,6585291731,0350 Hale Stream Suite 929,Davidchester,MT,45356
SHP_83607,Marie,Johnson,marie.johnson@hotmail.com,629-546-9021x77417,3502 Amanda Turnpike,Staceyburgh,GA,73781
SHP_76248,Samantha,Ramos,samantha.ramos@gmail.com,761-530-8524x71953,772 Willie Coves,Batesport,MD,85229
SHP_95599,Dylan,Wright,dylan.wright@gmail.com,+1-937-291-2121x1018,586 Elizabeth Cliffs,Wyattfort,LA,91410
SHP_74876,Michelle,Butler,michelle.butler@yahoo.com,3093997494,59036 Wall Parkway Suite 372,Christinatown,WV,14351
SHP_63626,Heather,Patrick,heather.patrick@yahoo.com,+1-357-323-8616x0186,640 Watkins Plains,Port Tammyland,NY,41188
SHP_99744,Robert,Arnold,robert.arnold@hotmail.com,355-516-9324x05741,91038 Heather Via Suite 770,Erichaven,PW,44052
SHP_74451,Kevin,Vasquez,kevin.vasquez@yahoo.com,001-678-662-1634,53447 Stafford Brooks,East Angela,NC,83759
SHP_64477,Jessica,Pham,jessica.pham@hotmail.com,2344731751,385 William Ford Apt. 271,West Leemouth,CO,29020
SHP_68176,Tyler,Simpson,tyler.simpson@gmail.com,+1-836-657-6147x66571,26123 Callahan Prairie,Lisamouth,VA,59297
SHP_74054,Brady,Atkins,brady.atkins@gmail.com,662-460-8564x11182,1246 Brian Islands,North Jennifer,ME,51611
SHP_31922,Caleb,Baker,caleb.baker@hotmail.com,872-989-6308x121,971 Lindsay Road,Lewismouth,HI,63438
SHP_20835,Elizabeth,Garcia,elizabeth.garcia@gmail.com,(978)817-5248x1353,98393 Jason Road Suite 395,Lake Helen,PR,52553
SHP_84107,Linda,King,linda.king@yahoo.com,482.250.0869,03415 Walton River Apt. 834,Edwinbury,MI,18255
SHP_14044,William,Kaiser,william.kaiser@hotmail.com,321.817.0889x480,8221 Arroyo Knolls Apt. 978,Samueltown,ND,23120
SHP_38905,Dennis,Wilson,dennis.wilson@yahoo.com,825-828-6692,8282 Roberts Ferry,Meganton,VI,47560
SHP_48284,Edgar,Allen,edgar.allen@gmail.com,513-730-1075,46948 Dawson Wells,East Jasonberg,HI,30404
SHP_14285,Aaron,Rogers,aaron.rogers@gmail.com,001-241-395-5736x9718,71385 Andre Mission Suite 229,Reedmouth,RI,52228
SHP_46025,Dawn,Anderson,dawn.anderson@hotmail.com,+1-925-416-2816,664 Lori Village Apt. 128,Lake Joseph,RI,22168
SHP_39470,Kathy,Day,kathy.day@gmail.com,470.259.1361x856,611 Fields Crescent,Frankberg,VI,50623
SHP_80465,Troy,Johnson,troy.johnson@gmail.com,001-952-977-0354x76630,1090 Padilla Knoll Apt. 940,Jacksonbury,KY,53996
SHP_47836,Ronald,Cain,ronald.cain@hotmail.com,+1-365-619-8253x09251,2582 Sanchez Prairie,East Craigfurt,WI,21178
SHP_32047,Adam,Gordon,adam.gordon@gmail.com,390-812-0874,863 Gregory Ridge Apt. 016,Port Renee,TN,84209
SHP_69942,Steven,Harris,steven.harris@gmail.com,894-827-1003,63287 Kathleen Prairie Suite 560,Armstrongmouth,MD,85651
SHP_84140,Hannah,Hicks,hannah.hicks@yahoo.com,332.872.2437x581,9697 Wesley Cliffs,West Elizabethmouth,NV,61542
SHP_74921,Christina,Warner,christina.warner@hotmail.com,+1-426-634-3092x6204,52173 Brent Shoals,Allenborough,UT,82460
SHP_82053,Sarah,Logan,sarah.logan@hotmail.com,660-594-5675x809,33959 Steven Junction,Tricialand,CA,73799
SHP_76952,David,Holmes,david.holmes@yahoo.com,686-706-9939,68382 Chad Drive,Smithburgh,NM,66934
SHP_24838,William,Lin,william.lin@gmail.com,(459)946-7573x9540,1417 Ronald Stream,Port Johnport,PA,90076
SHP_85066,Jonathan,Hernandez,jonathan.hernandez@gmail.com,(417)578-5263x730,3372 Christopher Parks Apt. 298,Christophertown,OK,13565
SHP_24969,Matthew,Sullivan,matthew.sullivan@gmail.com,001-730-449-4841x4235,372 Marquez Wall,Barrettshire,OH,16844
SHP_45112,Margaret,Cruz,margaret.cruz@gmail.com,830-814-6066x9610,749 Nicole Drive,New Robertaton,MS,44825
SHP_81186,Kristina,Yang,kristina.yang@hotmail.com,9303695165,18601 Rachel Shores,Port Elizabeth,SD,30650
SHP_58085,Martha,Parrish,martha.parrish@yahoo.com,288-929-9178,1545 Tracie Roads Suite 187,North Toniborough,MT,41624
SHP_81046,Heather,Walker,heather.walker@yahoo.com,661.415.6405x873,253 Bradshaw Crescent,South Kaylaville,KS,30268
SHP_15453,Jessica,Kramer,jessica.kramer@yahoo.com,843-770-9125,9631 Gutierrez Turnpike,Vasquezland,WA,35301
SHP_67850,Isaiah,Brown,isaiah.brown@gmail.com,+1-292-733-4511x00906,88684 Alexis Crescent,South Philipbury,WY,18337
SHP_81611,Dennis,Johnson,dennis.johnson@hotmail.com,534-919-2713,0214 Young Course Suite 974,Peterschester,WY,90735
SHP_38644,Thomas,Brooks,thomas.brooks@hotmail.com,(654)620-9582x2750,6701 Schroeder Skyway Suite 849,South Victoriastad,NC,39524
SHP_65725,Jessica,Ellis,jessica.ellis@yahoo.com,001-721-954-4647x9761,86625 George Trail Suite 518,New Matthewbury,NY,09316
SHP_23423,Taylor,Sanchez,taylor.sanchez@yahoo.com,482.300.1376x835,2420 Barnes Lakes,West Eric,SD,65054
SHP_95678,Nicholas,Williams,nicholas.williams@yahoo.com,872-415-6639,549 Brian Center Suite 487,North Douglastown,KY,80798
SHP_42444,Grant,Norris,grant.norris@hotmail.com,376-248-2614,781 James Route Apt. 703,Lake Darrell,MO,55253
SHP_49021,Kyle,Johnson,kyle.johnson@hotmail.com,521-643-5939,2828 Kayla Mall,Juliafurt,AL,39019
SHP_14224,Nathaniel,Gonzales,nathaniel.gonzales@yahoo.com,907.201.3168,23164 Ferguson Glens,Port Stephaniefort,AZ,42690
SHP_68947,Louis,Williams,louis.williams@gmail.com,(267)748-0957x394,60294 Thomas Well,Port Jesusland,MI,70027
SHP_44447,Deanna,Carlson,deanna.carlson@gmail.com,992-890-2450,8644 Melissa Radial,Coreymouth,NJ,35837
SHP_55688,Lauren,Solis,lauren.solis@hotmail.com,441-708-8265,6907 James Summit Suite 480,Alyssaborough,KY,02032
SHP_21401,Nancy,Carr,nancy.carr@gmail.com,(330)965-5335,646 Soto Overpass Apt. 947,West Sarahbury,TN,87129
SHP_67549,Karina,Jenkins,karina.jenkins@yahoo.com,(656)240-6009x3037,639 Joseph Harbor,Brianville,IN,84817
SHP_25386,Barbara,Dixon,barbara.dixon@gmail.com,+1-850-700-9197,410 Johnson Courts Suite 111,Riosside,NM,73982
SHP_41056,Leslie,Wiggins,leslie.wiggins@yahoo.com,679-885-7539,3152 Madison Row,West Michelle,NY,07030
SHP_37509,Corey,Williams,corey.williams@hotmail.com,001-961-571-4254x872,252 Fleming Village Apt. 806,Lewisside,MH,33599
SHP_87060,David,Cunningham,david.cunningham@yahoo.com,+1-505-796-0159,9438 Reynolds Spurs Apt. 806,Lake Meganmouth,FM,25282
SHP_55957,Brenda,King,brenda.king@hotmail.com,+1-596-252-3696,6339 Payne Squares Suite 075,Mullinsville,PR,31113
SHP_89988,Justin,Goodman,justin.goodman@yahoo.com,983.647.3597,862 Laurie Dam Suite 075,Lake Meghanville,LA,11494
SHP_92938,Mark,Torres,mark.torres@hotmail.com,7674415867,087 Huff Island Suite 075,Bonillaview,ME,76260
SHP_66120,Samantha,Mendoza,samantha.mendoza@yahoo.com,+1-950-617-2390x702,4181 King Station Suite 162,New Mollyhaven,MN,74369
SHP_31755,Melanie,Payne,melanie.payne@hotmail.com,290-300-0242,7606 Ewing Dale,Elizabethstad,WV,62217
SHP_90760,James,Campbell,james.campbell@hotmail.com,895-889-6676,36772 Graves Estate Apt. 372,Billfurt,MD,90788
SHP_28249,John,Lee,john.lee@yahoo.com,359-447-6121x893,065 Samuel Lodge Apt. 222,Lake Jennifer,AK,48300
SHP_37082,John,Allen,john.allen@yahoo.com,+1-428-650-1005,1418 Christopher Plains Apt. 384,South Erikborough,GU,29413
SHP_37124,Mark,Evans,mark.evans@yahoo.com,416-583-3142x147,27055 Ramirez Extension,Doughertyland,MH,23218
SHP_17780,Christopher,Johnson,christopher.johnson@hotmail.com,330-720-5698,873 Ashley Mountains,Michaelside,PR,18572
SHP_84720,Laura,Beard,laura.beard@gmail.com,690.666.9046x36430,697 Lucas Court Suite 760,Freemantown,AK,99142
SHP_55982,Rebecca,Baker,rebecca.baker@yahoo.com,(984)959-3401x0752,57502 Matthew Gateway,Lake Ericburgh,NJ,22618
SHP_79767,Austin,Sanchez,austin.sanchez@hotmail.com,(647)728-9594x211,1978 Lori Hill Apt. 890,New Benjamin,NC,99120
SHP_46842,Ryan,Freeman,ryan.freeman@hotmail.com,+1-633-926-2100x3858,155 Manuel Extensions,New Allisonborough,MT,92082
SHP_88231,Brittney,Cunningham,brittney.cunningham@hotmail.com,959-962-4384x092,7368 Smith Mills,West Emilyside,FL,46320
SHP_80617,Karen,Kennedy,karen.kennedy@hotmail.com,(958)292-2355x285,02282 Laura Knolls Apt. 878,Garciaborough,MI,78964
SHP_32069,Angel,Meyer,angel.meyer@gmail.com,850-281-4647x023,1706 Gary Lake Apt. 553,East Jonathanland,NV,55716
SHP_52421,Christopher,Mason,christopher.mason@gmail.com,(906)633-5759,6756 Gray Manors Suite 667,Tamaraland,IN,40178
SHP_48356,Nicholas,Gross,nicholas.gross@yahoo.com,(720)596-9029,2513 Haas Expressway,Port Jennamouth,NV,01994
SHP_47923,Aaron,Johnson,aaron.johnson@hotmail.com,480-559-1070,544 Amanda Run Suite 261,Port Lisashire,GU,89362
SHP_85069,Kristina,Smith,kristina.smith@gmail.com,001-379-725-1327,52812 Hall Point,Lindamouth,VA,25793
SHP_45041,Jenna,James,jenna.james@gmail.com,(693)513-3363x45280,64445 Richard Prairie,Robertville,WY,43532
SHP_77425,Angela,Peterson,angela.peterson@yahoo.com,(715)247-3824x843,31750 Zuniga Union Apt. 280,Timothybury,TX,83744
SHP_99037,Jennifer,Cook,jennifer.cook@yahoo.com,001-926-917-3629x2459,82438 Caleb Meadows Apt. 922,East Sophia,PR,29741
SHP_22481,Mckenzie,Roberts,mckenzie.roberts@hotmail.com,(249)211-6502,45393 Susan Curve,Port Markmouth,CA,27809
SHP_27771,Ryan,Robinson,ryan.robinson@gmail.com,(911)499-4461x4561,96810 Lauren Parkway,Lake Cynthia,NE,67358
SHP_63948,Henry,Tyler,henry.tyler@hotmail.com,+1-600-201-6510x828,9828 Smith Ways,Fowlerstad,FM,08650
SHP_17770,Curtis,Davis,curtis.davis@gmail.com,(639)765-1889x990,10141 Ellis Ranch,New Jacquelinemouth,MN,46024
SHP_46349,Chase,White,chase.white@gmail.com,871-818-5630x690,12129 Duffy Mall,Charlesbury,MD,13897
SHP_95969,Sean,Reynolds,sean.reynolds@gmail.com,001-945-630-0734x152,128 John Circle,Johnhaven,AR,16198
SHP_26631,Michele,Williams,michele.williams@gmail.com,001-620-734-7175x455,1593 Tiffany Haven,Markhaven,NM,97038
SHP_27392,Anita,Martinez,anita.martinez@hotmail.com,001-835-424-3922x95014,76953 Samantha Mountain Apt. 476,Mcdanieltown,AR,57950
SHP_42725,Raymond,Garcia,raymond.garcia@hotmail.com,+1-608-800-4587x24227,2948 Melissa Key Apt. 719,Mooremouth,CA,24099
SHP_29168,Aaron,Evans,aaron.evans@gmail.com,001-903-627-3032x482,52356 Darren Passage Apt. 038,Lake Meganshire,MA,66767
SHP_52217,Robert,Ortega,robert.ortega@hotmail.com,213.424.1910,9163 Melinda Green,Jasonport,HI,84460
SHP_42447,Steven,Pineda,steven.pineda@gmail.com,(759)309-4798,328 Kristie Estate Suite 886,West Jeffreyborough,TN,44001
SHP_98635,Jeremy,Clark,jeremy.clark@yahoo.com,001-784-906-1386x748,45596 Lowe Mission,Pearsonstad,GU,60843
SHP_61472,Seth,Fisher,seth.fisher@hotmail.com,655.256.7109x2732,41634 Joshua Mission Suite 463,New Dawnville,IL,84558
SHP_74154,Robert,Merritt,robert.merritt@gmail.com,445-867-4750,586 Angela Lane,Lake Maryport,FM,59333
SHP_28634,Joseph,Simon,joseph.simon@yahoo.com,698.862.1433,79318 Wilson Harbors,Lake Cathy,CT,49503
SHP_85684,Julie,Underwood,julie.underwood@yahoo.com,7214572312,35256 Aaron Islands Suite 961,Whitestad,PR,07915
SHP_92890,Melinda,Murillo,melinda.murillo@yahoo.com,821.536.0084x3800,8236 Alexander Springs,Batesmouth,GA,08998
SHP_45221,Joshua,Gibson,joshua.gibson@gmail.com,615-253-6915x8557,79602 Martin Mission Apt. 333,New Laura,TX,79115
SHP_92288,Ronald,Hughes,ronald.hughes@yahoo.com,6455894532,8847 Nathan Track Suite 159,Smithstad,VI,34014
SHP_64293,Patricia,Anderson,patricia.anderson@gmail.com,869-934-5564,38662 Campbell Rue Apt. 299,Williamsburgh,OH,94628
SHP_59174,Karen,Craig,karen.craig@gmail.com,680.305.6088x638,84194 Gonzales Loaf Apt. 579,East Gary,VA,08764
SHP_69243,Michael,Lee,michael.lee@hotmail.com,658.896.1691x043,9921 Chavez Ridge,East Shawnaside,MD,19763
SHP_19898,Michelle,Jackson,michelle.jackson@gmail.com,+1-865-439-3972x425,78747 Tanner Knolls Suite 681,Robertland,WI,59190
SHP_93050,Kari,Williams,kari.williams@hotmail.com,868-559-0037x08614,27423 Flynn Parkways,South Tricia,NE,18571
SHP_22202,Samantha,Kennedy,samantha.kennedy@gmail.com,001-377-690-1043x28986,1036 Brown Villages,Carlsontown,SC,68052
SHP_62802,James,Murphy,james.murphy@gmail.com,306.971.5152x5862,87813 Cheryl Common,Port Danielville,WI,70629
SHP_77582,Cheryl,Schultz,cheryl.schultz@yahoo.com,(241)394-9583x25199,63349 Tonya Mills,Terryfort,AR,70166
SHP_46467,Walter,Page,walter.page@gmail.com,001-612-626-9951x90629,52030 Fitzgerald Oval,Port Dustinfort,MI,94682
SHP_58374,Thomas,Vega,thomas.vega@yahoo.com,6123808703,3861 Christopher Pines,North Dale,ID,45475
SHP_69597,Sarah,Sharp,sarah.sharp@yahoo.com,845.477.0929x16295,44729 Ethan Meadows Apt. 845,Michaelview,ID,97087
SHP_73968,Robert,Mason,robert.mason@yahoo.com,(706)994-5684x70931,9123 Harrell Viaduct Suite 930,Pearsonside,ME,43607
SHP_52898,Julie,Lee,julie.lee@yahoo.com,494-413-3098x455,4942 William Way Apt. 413,Doyleberg,MI,41827
SHP_86278,Linda,Kelly,linda.kelly@hotmail.com,532-665-4346x7401,722 Jacob Extension,Jonesberg,IA,66854
SHP_10324,Nicole,Smith,nicole.smith@gmail.com,+1-882-351-9110,36534 Isabel Motorway Suite 217,Heatherberg,MA,24610
SHP_22208,Allison,Fernandez,allison.fernandez@hotmail.com,+1-789-217-8791,625 Anthony Port Suite 609,East Andrew,CO,17894
SHP_70089,Melissa,Oconnor,melissa.oconnor@hotmail.com,(578)288-8189,1638 Rickey Pass Suite 851,Sarahton,MI,82776
SHP_93209,Donald,Cruz,donald.cruz@hotmail.com,+1-403-648-4788x0047,1267 Jackson Avenue Suite 200,North Michaelview,NE,50062
SHP_97050,Thomas,Bennett,thomas.bennett@gmail.com,+1-541-823-6111,380 Navarro Villages Apt. 155,West Robert,PA,71982
SHP_56952,Brittany,Moore,brittany.moore@yahoo.com,(570)589-3935x0462,1535 Jared Pike Suite 895,Lake Rebeccatown,MA,32260
SHP_18300,Kayla,Williams,kayla.williams@hotmail.com,405-835-2162,21198 Edwards Groves Suite 133,Christopherville,GA,79102
SHP_80048,Nathaniel,Small,nathaniel.small@yahoo.com,001-362-474-2334,3703 Peterson Lock,Huntfort,MI,30399
SHP_62129,Cassandra,Goodman,cassandra.goodman@yahoo.com,001-495-978-1273x174,322 Barrera Estates,New Tammie,MO,87750
SHP_38551,Kevin,Shields,kevin.shields@gmail.com,481.900.6393x99201,0234 Gail Key Suite 594,Joannaland,IN,36174
SHP_66314,Jill,Davis,jill.davis@hotmail.com,376.645.2088,435 Michelle Forge Apt. 365,East Laurashire,DE,52380
SHP_37767,Brianna,Knight,brianna.knight@yahoo.com,(836)437-5626x1213,78643 Hill Streets,Hernandezside,SC,61681
SHP_74843,Danielle,Smith,danielle.smith@gmail.com,447.313.7058x77522,004 Cynthia Forest,Deanton,ID,30135
SHP_45197,Virginia,Simmons,virginia.simmons@hotmail.com,(447)440-1004,15853 Cook Green,Jasonshire,GA,80723
SHP_52318,Brian,Whitaker,brian.whitaker@hotmail.com,+1-880-632-5428,9476 Douglas Hill Apt. 585,Austinbury,ME,60761
SHP_47171,Danielle,Soto,danielle.soto@hotmail.com,+1-713-669-7602,41012 Simpson Rue Suite 729,Cohenmouth,WV,11017
SHP_54270,Rebecca,Price,rebecca.price@gmail.com,001-973-970-6852x865,86129 Jessica Camp,Lake Richardshire,NC,50632
SHP_81737,Brittany,Adams,brittany.adams@yahoo.com,2496284617,37801 Lee Lake,Matthewshire,TN,44102
SHP_85750,Steven,Moore,steven.moore@yahoo.com,+1-348-457-4893,478 Aaron Neck,Port Krystal,ID,21016
SHP_27117,Laura,Campbell,laura.campbell@gmail.com,+1-484-826-7804x04102,939 Clark Squares,Kimview,NJ,29041
SHP_84205,Brian,Cross,brian.cross@hotmail.com,(590)680-2678x22490,4978 Ellis Extension,New Kristine,MN,44736
SHP_73614,Nicole,White,nicole.white@hotmail.com,898.740.5827x345,085 Joseph Island,Rebeccatown,PW,25199
SHP_55054,Robert,Jacobs,robert.jacobs@yahoo.com,001-939-488-9413x2109,217 Timothy Hollow,Jameschester,MN,44630
SHP_99463,Timothy,Hebert,timothy.hebert@gmail.com,001-550-966-6267x05514,9366 Justin Ridge Apt. 529,Brittneyland,CT,11261
SHP_16345,Jason,Mckay,jason.mckay@yahoo.com,4706793695,1131 Love Cliff,Michelleside,IA,51256
SHP_16021,Nicholas,Cortez,nicholas.cortez@yahoo.com,291.989.0091,218 Martinez Row,New Tracyborough,KY,69392
SHP_23051,Craig,Perez,craig.perez@hotmail.com,001-666-661-3473x235,28974 George Springs,East Jacobmouth,FL,02170
SHP_92074,Christopher,Clay,christopher.clay@yahoo.com,8644533495,13859 Blankenship Union Suite 684,Lake Williamstad,PW,87605
SHP_70238,Andrew,Huff,andrew.huff@yahoo.com,(359)725-0169,780 Weber Divide Apt. 070,New Bryanborough,WV,98743
SHP_12134,Cynthia,Fox,cynthia.fox@yahoo.com,703-844-5365x51665,1557 West Estate,Hodgehaven,MI,90064
SHP_26284,Anthony,Mccoy,anthony.mccoy@yahoo.com,794-634-8520,085 Wilcox Cliffs Apt. 447,Jasontown,TX,99087
SHP_30707,Philip,Hayes,philip.hayes@gmail.com,275.645.0756x868,9001 Ann Square Suite 978,Randolphshire,FM,12352
SHP_67840,Jenna,Benton,jenna.benton@yahoo.com,375-734-3576x0540,53943 April Skyway,Davidshire,ME,76690
SHP_69836,Richard,Rodriguez,richard.rodriguez@gmail.com,001-283-915-2291,228 Veronica Avenue,Barbaraborough,NM,72271
SHP_10088,Mason,Little,mason.little@hotmail.com,961-806-0140x336,35791 Alejandro Field,North Ray,NV,93690
SHP_66072,George,Williams,george.williams@hotmail.com,524.306.4976x477,1251 Elizabeth Ranch,Adkinsside,PA,85251
SHP_36518,Patricia,York,patricia.york@hotmail.com,001-725-983-1323x705,114 Key Stravenue,Foxchester,GU,75854
SHP_27290,Kimberly,Graham,kimberly.graham@gmail.com,+1-467-289-6300x935,3015 Pearson Drives,West Duane,NC,37301
SHP_95196,Jesse,Hamilton,jesse.hamilton@hotmail.com,001-200-657-8838x50274,720 Henry Ville,Lovestad,AS,75692
SHP_49566,Mark,Cortez,mark.cortez@yahoo.com,759.473.6974x75496,984 Tyrone Burg,Lake Katieberg,MD,92743
SHP_30837,Cassandra,Taylor,cassandra.taylor@hotmail.com,001-484-804-4566x9078,37389 Sharp Mountain,Latoyamouth,PR,25122
SHP_45916,George,Olsen,george.olsen@gmail.com,+1-214-329-9948x1414,569 Beverly Haven,South Marc,AL,16322
SHP_22234,Gabriel,Davis,gabriel.davis@gmail.com,(951)228-3370,02242 Knight Forest,South Phillipberg,FM,36937
SHP_95798,Denise,Butler,denise.butler@hotmail.com,817-282-7577x30614,4196 Johnson Stream,North Mandyshire,FL,43414
SHP_57242,Rebecca,Tyler,rebecca.tyler@hotmail.com,715.291.0518,722 Brandon Point Apt. 887,New Carolmouth,AR,05957
SHP_42819,Maria,Roberts,maria.roberts@yahoo.com,358.486.8633x03722,22371 Thomas Plains,Chanport,WI,68125
SHP_20803,Roy,Matthews,roy.matthews@yahoo.com,727-582-9851x08076,4816 Brittany Keys Apt. 185,Curtisland,WA,12353
SHP_58738,Linda,Contreras,linda.contreras@hotmail.com,001-344-938-2785x9683,276 Nancy Centers Apt. 498,North Dylan,MA,82781
SHP_97098,Tara,Richardson,tara.richardson@hotmail.com,+1-633-513-6638x1087,985 Michael Dale Apt. 760,Port Debbieburgh,MO,74448
SHP_95054,Melissa,Bryant,melissa.bryant@gmail.com,(380)493-5853x816,792 Melissa Mountain Suite 598,Port Aaronport,SD,71768
SHP_31695,Christina,Moreno,christina.moreno@hotmail.com,(733)392-2071,9666 Taylor Junctions,North Larry,HI,93203
SHP_16787,Rhonda,Trujillo,rhonda.trujillo@hotmail.com,587.871.6991x65872,1104 Gonzales Point,Coleville,FL,50968
SHP_61949,Rhonda,Sanchez,rhonda.sanchez@hotmail.com,314.525.6035,39184 Johnson Meadows Apt. 504,Kylefort,ME,27813
SHP_91999,Lisa,Warner,lisa.warner@yahoo.com,(735)758-9729,5241 Aaron Oval,West Kevinshire,GA,23118
SHP_50043,William,Holland,william.holland@gmail.com,611.729.7974,6966 Diana Hollow,New Gregory,NM,57597
SHP_40689,Ryan,Soto,ryan.soto@gmail.com,4834118327,75513 Spencer Park,Noblemouth,TN,57440
SHP_66260,William,Taylor,william.taylor@yahoo.com,934.561.1897,82659 Donna Square Apt. 419,South Christopherfurt,AR,32641
SHP_95915,Erika,Perez,erika.perez@yahoo.com,(950)928-0041,734 Williams Gateway,South Connorport,AL,98349
SHP_21953,Regina,Berry,regina.berry@hotmail.com,684-708-5270,286 Kathryn Burgs Suite 304,Cookbury,NY,86454
SHP_22475,Robert,Mitchell,robert.mitchell@yahoo.com,485-962-3788x6173,0639 Davidson Squares Apt. 689,South Michaelfort,LA,10259
SHP_10142,Jose,Whitaker,jose.whitaker@yahoo.com,(253)439-9160x3731,117 Patricia Flat Suite 771,West Katherine,AS,17652
SHP_37973,Gloria,Hanson,gloria.hanson@hotmail.com,001-263-483-0972x36108,66201 Morris Island Suite 864,Victorhaven,MO,42768
SHP_72496,Christopher,King,christopher.king@hotmail.com,(818)210-7777x8342,5461 Jessica Gateway,Hendersonfort,WI,25447
SHP_20215,Cynthia,Olsen,cynthia.olsen@yahoo.com,215-362-3067,7014 Melinda Points Apt. 447,Port Ericside,ID,99759
SHP_27393,Anna,Christensen,anna.christensen@hotmail.com,898.242.7690x1770,37019 Nicholas Rapids Suite 514,South John,HI,75004
SHP_87814,Deborah,Wood,deborah.wood@yahoo.com,+1-299-631-3221x36440,824 Garcia Ridge,West Rebecca,MN,81136
SHP_39647,Deborah,Bennett,deborah.bennett@yahoo.com,543.757.6593x9621,491 Mcdaniel Lights,Lake Jacobfurt,MT,68808
SHP_78084,Brian,Mccoy,brian.mccoy@yahoo.com,751-386-4492,4629 Kyle Lane,Lisahaven,CO,85176
SHP_99126,Damon,Watson,damon.watson@hotmail.com,(284)754-7050,5807 Barnes Place Suite 841,New Elizabeth,DE,23936
SHP_68335,Elizabeth,Johnston,elizabeth.johnston@yahoo.com,+1-639-859-3295x44055,218 Scott Branch,Parsonsberg,NE,73073
SHP_11217,Adam,Doyle,adam.doyle@gmail.com,+1-883-821-5290x0741,08604 Angela Shore Apt. 167,East David,ME,50568
SHP_11056,Matthew,Silva,matthew.silva@gmail.com,9696569459,5187 Randall Coves,Michellehaven,MI,37701
SHP_55032,Maureen,Mendez,maureen.mendez@gmail.com,933-976-1915,41115 Dana Villages,East Chad,IA,80396
SHP_25806,Eileen,Kelly,eileen.kelly@yahoo.com,361-549-7459x793,984 Jonathan Squares Suite 099,Lisatown,VI,37475
SHP_65353,Amber,Armstrong,amber.armstrong@yahoo.com,658-598-0623,21608 Shannon Station,Shepardside,CO,27780
SHP_27324,Alison,Warren,alison.warren@yahoo.com,895.357.1319x84449,95257 Woods Orchard Suite 372,East Jeffreyview,NY,60152
SHP_72613,Christopher,Cannon,christopher.cannon@gmail.com,856.930.3282,4904 Riley Throughway,Wardville,NE,66527
SHP_19283,Kevin,Martinez,kevin.martinez@hotmail.com,749.897.6224,105 Richmond Haven Suite 894,New Hayden,ID,80345
SHP_40008,Matthew,Holmes,matthew.holmes@gmail.com,308.798.1791,48343 Megan Road Suite 741,Mayerville,DC,31382
SHP_60209,Christina,Bryant,christina.bryant@gmail.com,669-547-2587x844,8847 Tiffany Falls Suite 058,Simpsonburgh,CA,57126
SHP_21708,Louis,Strickland,louis.strickland@hotmail.com,(676)211-7623,3886 Morris Crossing,Thomasville,KS,94465
SHP_23425,Danielle,Johnson,danielle.johnson@yahoo.com,232.318.1960,89083 Robinson Radial,Lisatown,WV,21427
SHP_23526,Chelsea,Norman,chelsea.norman@gmail.com,001-347-249-3882x7963,34354 Jonathan Underpass,Michaelberg,MO,93383
SHP_51071,Alex,Kramer,alex.kramer@gmail.com,+1-924-929-9906x396,232 Wilson Expressway,Maxwellborough,IA,12635
SHP_58177,Jocelyn,Jackson,jocelyn.jackson@gmail.com,478.223.6813x1434,49397 Rose Skyway Suite 900,South Emilyton,SC,25953
SHP_49223,Mary,Johnson,mary.johnson@hotmail.com,(261)317-2391x468,749 Wilson Manors Apt. 165,Adammouth,MS,09444
SHP_27973,Ryan,Robinson,ryan.robinson@gmail.com,651-340-6498,44440 Davenport Tunnel Suite 477,East Douglas,DE,09871
SHP_60164,William,Sanchez,william.sanchez@hotmail.com,9067448854,19804 Michael Inlet,New Leah,MD,32951
SHP_27451,Michael,Bradley,michael.bradley@hotmail.com,(568)374-4337,029 Jeremy Brooks Apt. 810,New Christopher,DE,84766
SHP_94092,Angela,Oneal,angela.oneal@yahoo.com,001-998-642-5079x6699,01414 Taylor Lock,Lake Thomasfort,GA,32835
SHP_98753,Ashley,Williams,ashley.williams@yahoo.com,516-586-2278x376,46591 Emily Manors,Michaelmouth,MI,78341
SHP_28724,John,Kennedy,john.kennedy@gmail.com,708-932-1431x07539,8755 Robertson Knoll Apt. 377,North Joshua,AK,20334
SHP_18966,Regina,Warner,regina.warner@gmail.com,+1-209-737-5141,54290 Huynh Freeway Apt. 892,Stewartfurt,HI,25849
SHP_79534,Mark,Richardson,mark.richardson@hotmail.com,001-317-476-8089,7422 Christopher Lights Suite 630,West Alexanderberg,ID,55338
SHP_83831,Bryan,Williamson,bryan.williamson@hotmail.com,353.742.4950,800 Baker Pine,Martinezmouth,NV,86750
SHP_11110,Rebecca,Velazquez,rebecca.velazquez@hotmail.com,(456)896-1921,486 Tran Pine Suite 989,Stevensonland,OK,56187
SHP_89995,Michael,Austin,michael.austin@gmail.com,(553)568-5864,45939 Janice Centers,Mendozahaven,WY,26311
SHP_95199,Bradley,Wilkins,bradley.wilkins@yahoo.com,+1-433-846-5867,13180 Warner Summit,Evansmouth,SC,79909
SHP_31511,Tamara,Jackson,tamara.jackson@yahoo.com,253-439-6259x9917,52273 Foley Squares Apt. 263,Rodriguezmouth,DE,50349
SHP_67684,Thomas,Flores,thomas.flores@gmail.com,3804103022,551 Colin Via,Carlsonbury,DC,25539
SHP_56030,Lonnie,Collins,lonnie.collins@hotmail.com,001-790-447-6639x05652,59043 Anderson Burgs Suite 577,Pricebury,AL,30012
SHP_37925,Anthony,Powell,anthony.powell@hotmail.com,856.370.7181x2923,123 Murray Lakes,Susanville,UT,97024
SHP_92323,Alicia,Woods,alicia.woods@hotmail.com,2107816360,9383 Bradshaw River,East Walterland,FM,47625
SHP_29840,Jack,Powers,jack.powers@gmail.com,(748)893-2377,9466 Harris Ferry Suite 148,Ericside,PA,67123
SHP_63963,Cody,Gomez,cody.gomez@hotmail.com,+1-430-241-8610x767,48371 Erika Ramp Apt. 631,Danielleshire,CA,41035
SHP_90750,Christopher,Martinez,christopher.martinez@yahoo.com,(896)573-0746,6107 George Motorway Suite 917,Nguyenmouth,NY,80530
SHP_99989,Robert,Barron,robert.barron@yahoo.com,001-841-790-8788,590 Ruiz Ford,Harrisburgh,UT,68007
SHP_67984,Thomas,Brewer,thomas.brewer@gmail.com,001-401-810-4083x84378,87779 Newman Field,Douglasmouth,IL,78026
SHP_38474,Caroline,Ferguson,caroline.ferguson@hotmail.com,306-760-1165x58651,55581 Emily Spur,South Ricardotown,MI,55996
SHP_21362,Heather,Carr,heather.carr@gmail.com,509.395.6736x26171,66406 Miller Flat Apt. 679,Whitefort,UT,37875
SHP_23168,Christine,Gordon,christine.gordon@hotmail.com,+1-679-988-7754x458,34019 Jennifer Prairie Apt. 605,Whitemouth,MA,87465
SHP_28351,Jonathan,Andrews,jonathan.andrews@yahoo.com,(441)329-8249x220,208 Taylor Vista Suite 680,Port Ericchester,GA,44300
SHP_26142,James,Rasmussen,james.rasmussen@hotmail.com,001-700-738-4576x205,84046 Sherry Harbors Apt. 256,North Jessica,NC,89367
SHP_87276,Anna,Sloan,anna.sloan@yahoo.com,839-973-1770,1490 Leonard Island Suite 521,East Christineport,KY,27403
SHP_60335,James,Anderson,james.anderson@hotmail.com,894.984.7714,90921 Julie Canyon,New Jasonburgh,NM,34874
SHP_56076,Christy,Mcguire,christy.mcguire@hotmail.com,+1-581-416-6497x248,574 Howell Terrace Apt. 375,East Jonathan,WY,72858
SHP_66280,Angela,Flores,angela.flores@yahoo.com,+1-552-739-1886x76227,40620 Robert Fields,West Kimberly,DE,34816
SHP_51222,Heather,Abbott,heather.abbott@gmail.com,+1-268-675-7412x28767,7186 Hopkins Forks Apt. 408,New Ruthberg,VT,96468
SHP_28327,Susan,Schmitt,susan.schmitt@yahoo.com,432-504-0632,81979 Lauren Turnpike Apt. 307,South Paul,AS,99251
SHP_42477,Michele,Bates,michele.bates@yahoo.com,646.504.0672x0078,42442 Hammond Mountains Apt. 975,Dawnmouth,ID,90735
SHP_46302,Heather,Clayton,heather.clayton@yahoo.com,828.265.1238,90198 Lewis Plains,Kiddberg,KY,30004
SHP_94491,Andrew,Martinez,andrew.martinez@hotmail.com,8553060165,0584 Mark Underpass,Kyleside,UT,69530
SHP_21042,Adam,English,adam.english@yahoo.com,+1-644-252-2414x395,6178 Osborne Rest Apt. 123,New Jon,ND,67954
SHP_42527,Katie,Chapman,katie.chapman@yahoo.com,001-811-510-1758x462,24587 Weaver Landing Suite 692,Wilsonmouth,KS,40914
SHP_82534,Ronald,Campbell,ronald.campbell@gmail.com,495-256-5749x02504,358 Case Lane,Lake Jessicafurt,WV,85594
SHP_88774,Jennifer,Caldwell,jennifer.caldwell@gmail.com,370.208.7775,22607 Justin Well,Hicksport,IA,21572
SHP_88644,Christopher,Santiago,christopher.santiago@yahoo.com,(585)384-2551x8931,78337 Kristen Locks Suite 115,Adambury,DE,73198
SHP_89638,James,Nelson,james.nelson@hotmail.com,(898)540-7175x247,20052 Sanders Harbor Apt. 624,Amyville,ID,37037
SHP_47345,Kristen,Patel,kristen.patel@hotmail.com,785.921.4957,6024 Williams Club Apt. 432,West Jessicaview,NC,67842
SHP_13515,Frederick,Frazier,frederick.frazier@yahoo.com,(553)998-3745,12684 Robin Walks Suite 643,Lake Albert,WY,43986
SHP_96298,Andrea,Turner,andrea.turner@yahoo.com,(594)469-2642x62894,28243 Allen Pass,South Markberg,NC,79553
SHP_49537,Hannah,Harper,hannah.harper@hotmail.com,001-565-911-8158,6144 West Course Suite 870,Jennifershire,MT,52916
SHP_36928,Joseph,Obrien,joseph.obrien@hotmail.com,001-976-839-1600,65870 Michael River Suite 063,Kennethchester,NV,69413
SHP_77862,Charles,Hayes,charles.hayes@yahoo.com,291-674-8909x23936,0706 Williams Knolls Suite 965,South Jamie,PR,73565
SHP_89551,Amanda,Silva,amanda.silva@yahoo.com,+1-698-954-5749,802 Torres Groves,New Robertland,MH,79598
SHP_76784,Amy,Long,amy.long@yahoo.com,581-403-6345x6027,851 Price Points,West Benjamin,MT,44040
SHP_34726,Julie,Moss,julie.moss@gmail.com,945-573-5884x8750,2594 Caldwell Squares Suite 650,West Phillip,OK,50202
SHP_61347,Diana,Rodriguez,diana.rodriguez@gmail.com,+1-639-346-6950,360 Sherman Field Apt. 932,Sanfordborough,MN,03760
SHP_48737,Karen,Rodriguez,karen.rodriguez@gmail.com,(965)523-7341x517,4757 Carroll Ranch Apt. 228,Anthonystad,OK,48043
SHP_94694,Audrey,Collins,audrey.collins@hotmail.com,443-629-8769x89365,1619 Tiffany Flats Suite 813,North Jonathanton,FL,46611
SHP_17152,Stephen,Esparza,stephen.esparza@yahoo.com,001-514-670-1298,1646 Tony Coves Suite 006,Reedburgh,OH,43968
SHP_41370,Amanda,David,amanda.david@hotmail.com,+1-826-788-9851x5519,816 Katie Drive Apt. 140,Davidbury,MI,40366
SHP_74865,Allison,Parker,allison.parker@hotmail.com,001-895-587-0051x25380,053 Davenport Lights,East Jessica,NH,83560
SHP_60578,Eileen,Glass,eileen.glass@gmail.com,895.449.3181x10656,3552 Cox Rapid,South Deniseborough,NE,11476
SHP_24777,Nicole,Murphy,nicole.murphy@gmail.com,413.529.8871,36686 Martinez Mills,Gardnerberg,NE,71486
SHP_41599,Nathan,Beard,nathan.beard@hotmail.com,001-895-950-3079x58254,39677 Anna Mills Suite 163,South Ronaldfurt,WV,63786
SHP_75481,Jodi,Murray,jodi.murray@hotmail.com,(222)887-2808x010,312 Jeffery Motorway,Brucefort,TN,64445
SHP_93634,Alison,Knox,alison.knox@hotmail.com,8628338383,4940 Richardson Knoll,East Joseph,MI,92791
SHP_87847,Amanda,Martin,amanda.martin@hotmail.com,813.997.1870x728,740 Scott Alley,New Charles,NE,45659
SHP_19307,Lauren,Carrillo,lauren.carrillo@gmail.com,001-791-382-5612x82955,69906 Allen Courts,Sloanstad,LA,49221
SHP_79243,Jennifer,Morton,jennifer.morton@yahoo.com,001-581-889-5812,97960 Alisha Stravenue Apt. 780,Ashleyton,IL,27812
SHP_11581,Karen,Thomas,karen.thomas@gmail.com,001-265-452-2053x84803,57161 Espinoza Lodge Suite 239,Port Dianeport,ME,14432
SHP_57329,Benjamin,Moore,benjamin.moore@gmail.com,892-450-9618x3038,999 Erik Glens,Port Brianmouth,NY,18686
SHP_51480,Judy,Miller,judy.miller@hotmail.com,001-234-861-1926x33930,228 Michele Avenue Apt. 946,West Rita,CO,73042
SHP_27299,Alyssa,Scott,alyssa.scott@gmail.com,271.951.5474x69117,72820 Brown Road,Lake Vickie,VA,68615
SHP_60703,Franklin,Wade,franklin.wade@yahoo.com,001-626-912-0569x076,722 Reed Pike Suite 663,New Kevinbury,AZ,88651
SHP_84498,Sara,Robinson,sara.robinson@yahoo.com,299-684-3206x89479,8773 Collins Roads,Kimberlyville,HI,04765
SHP_65163,Christian,Hall,christian.hall@hotmail.com,590.202.1977x59982,18252 Green Mall,Danielstad,NV,64986
SHP_57895,John,Campbell,john.campbell@yahoo.com,(952)256-0884,117 Clark Ford Suite 618,West Carlshire,PW,39113
SHP_81612,Michael,Murphy,michael.murphy@gmail.com,335.759.1649,3036 Jesse Loop Suite 865,North Seanport,KS,27867
SHP_99514,Harold,Haas,harold.haas@gmail.com,001-986-429-1879x37593,1315 Thomas Brooks Suite 138,Thomasmouth,TN,73100
SHP_32645,John,Gonzalez,john.gonzalez@hotmail.com,505.409.8221x6259,0840 Phillips Flat,West Pamela,MT,18858
SHP_71736,Anne,Madden,anne.madden@hotmail.com,5902660947,64658 Thompson Grove Suite 463,East Jessicaview,WY,18823
SHP_19567,Candice,Moore,candice.moore@yahoo.com,299-279-7031,8098 Dyer Green,Rebekahmouth,OH,75672
SHP_12187,Krista,Wiggins,krista.wiggins@hotmail.com,(348)376-2303,2817 Cummings Drives,East Kristin,MD,23018
SHP_86986,Laura,Wright,laura.wright@hotmail.com,410.279.5163x52141,41756 Patrick Canyon,Ryanland,NC,96436
SHP_18851,Kayla,Johnson,kayla.johnson@hotmail.com,(671)577-3180x6325,74279 Tiffany Mountain,Port Jacqueline,HI,49052
SHP_11807,Andrea,Thomas,andrea.thomas@hotmail.com,+1-856-729-6575x4278,94255 Hayes Plains Apt. 058,New Matthew,SC,98122
SHP_44365,Shelly,Rojas,shelly.rojas@hotmail.com,268.974.7774,66656 Adam Mission,Riversberg,GA,72541
SHP_38277,Raven,Ramos,raven.ramos@yahoo.com,+1-297-732-8290x1832,21340 Woodard Vista,Fergusonland,FM,81497
SHP_15220,Allison,Bennett,allison.bennett@hotmail.com,869.841.3667x488,786 Annette Common,Davidbury,MD,77058
SHP_17925,Omar,Silva,omar.silva@hotmail.com,(978)624-3477x695,14675 Elaine Crescent,South Stephanie,TN,15382
SHP_62163,Austin,Harris,austin.harris@yahoo.com,489-667-8263x769,05993 Amy Brooks Suite 479,Valeriemouth,AZ,97445
SHP_76402,Elizabeth,Whitaker,elizabeth.whitaker@yahoo.com,001-603-503-6873x39115,31348 Hobbs Falls,South Joseph,OR,80203
SHP_47550,Nicholas,Beck,nicholas.beck@hotmail.com,228-258-2943,1260 Mason Inlet,West Danielle,SC,91898
SHP_92388,Nancy,Jones,nancy.jones@hotmail.com,+1-775-848-4119x947,387 Lori Falls,West Richard,OR,12825
SHP_75673,David,Vang,david.vang@hotmail.com,(534)237-1424,72492 Serrano Tunnel,Lawsonchester,MD,64948
SHP_64451,Elizabeth,Gutierrez,elizabeth.gutierrez@gmail.com,+1-218-553-1112x81779,6636 Castillo Parkways Apt. 326,Bonnieview,MA,01834
SHP_65518,Jacqueline,Flores,jacqueline.flores@yahoo.com,(814)506-9260x05428,4088 Rodriguez Inlet Suite 441,Port Alison,ND,17515
SHP_62727,Maria,Carr,maria.carr@gmail.com,001-472-563-5288x280,3025 Bernard Shoal,Port Stephanie,WV,91108
SHP_20803,Peter,Martin,peter.martin@yahoo.com,253.952.2774,6096 Walter Knoll Apt. 544,Joannaland,NV,56997
SHP_93956,Jonathan,Henry,jonathan.henry@hotmail.com,476.259.1538,40652 Long Ferry,Wallacebury,VI,48840
SHP_80328,Eric,Rose,eric.rose@yahoo.com,441-204-0486,06371 Sullivan Drive,Simpsonburgh,CA,87971
SHP_80471,Madison,Sawyer,madison.sawyer@hotmail.com,+1-240-484-7727x972,1400 Bauer Glens Apt. 879,South Joelville,NY,69313
SHP_90746,Christopher,Pena,christopher.pena@hotmail.com,001-498-986-8345,6666 Tracy Overpass,West Annafurt,ME,65724
SHP_30012,Daniel,Andrews,daniel.andrews@yahoo.com,+1-207-772-1889x0665,5340 Lauren Mews Suite 161,Taylormouth,NV,42117
SHP_46368,Joanna,Payne,joanna.payne@hotmail.com,229-988-6182,6901 Shawn Curve,South Kimberly,OR,73224
SHP_20957,Leslie,Beck,leslie.beck@yahoo.com,6273865607,811 Lindsay Lodge Suite 198,Michealborough,NC,75547
SHP_50620,Katherine,Ellis,katherine.ellis@yahoo.com,(947)938-8523,770 Taylor Points Apt. 253,West Sarah,GA,11844
SHP_20357,Amanda,Harris,amanda.harris@gmail.com,+1-299-717-9229x3989,27777 Michael Shore Apt. 371,Port Ericafurt,FL,40834
SHP_77017,Angela,Andrade,angela.andrade@hotmail.com,001-790-890-4232x6634,0407 Brock Row Suite 922,East Bryanbury,RI,84774
SHP_36633,Maureen,Adams,maureen.adams@hotmail.com,(412)961-4993x63196,4439 Brandy Circles Suite 663,North Deniseborough,MS,19518
SHP_30365,Michael,Jones,michael.jones@hotmail.com,498-607-0272,863 Medina Walk,West Brandy,VT,51677
SHP_80305,Jeffrey,Smith,jeffrey.smith@gmail.com,001-204-371-6623x4253,819 Smith Alley,North Derekstad,DC,07259
SHP_52827,Renee,Anderson,renee.anderson@yahoo.com,+1-452-224-3167,888 Norris Meadow,Lake Andrewchester,GA,24543
SHP_61213,Marcus,Wilkinson,marcus.wilkinson@hotmail.com,(619)495-8306x374,1368 Chase Neck Suite 155,New Adam,KY,80117
SHP_86865,Catherine,Hughes,catherine.hughes@gmail.com,4456306935,3400 Xavier Stravenue,Alexanderhaven,LA,67896
SHP_93138,Jamie,Carson,jamie.carson@hotmail.com,+1-723-233-1351x485,26406 Lauren Manors Apt. 674,West Crystalville,WA,39423
SHP_95175,Kimberly,Vang,kimberly.vang@gmail.com,001-860-551-1716x039,3621 Murphy Rapid Apt. 670,North Brookeshire,ME,18311
SHP_99267,Elizabeth,West,elizabeth.west@hotmail.com,219.876.1386,74290 Anderson Place,West Stephanieland,AZ,42190
SHP_94299,Andrew,Sanchez,andrew.sanchez@yahoo.com,516-670-2149x2907,07725 David Valleys,New Amymouth,OR,28971
SHP_18665,Madison,Walker,madison.walker@yahoo.com,938.543.0926,02085 Bradley Lake,Greenhaven,AL,25288
SHP_50654,Miranda,Green,miranda.green@gmail.com,404-414-5964,25296 Barnett Pike Apt. 977,Marcfort,IN,12533
SHP_67342,Stephanie,Macias,stephanie.macias@gmail.com,+1-814-798-3502,790 Whitney Mission,North Julia,PW,91864
SHP_41278,Pedro,Green,pedro.green@gmail.com,4158516607,309 Sarah Manor Suite 165,Port Thomasfurt,MN,51878
SHP_17589,Dawn,Wright,dawn.wright@gmail.com,+1-610-459-5518,450 Madison Forges Suite 240,Lake Juliefurt,SD,34231
SHP_42044,Phillip,Patton,phillip.patton@hotmail.com,+1-548-251-4335x523,36190 Morton Oval,Port Jesse,GU,04275
SHP_21300,Timothy,Carlson,timothy.carlson@gmail.com,703.208.4490x9760,636 Berg Square,Port Teresa,ID,38921
SHP_66948,Kathy,Horn,kathy.horn@hotmail.com,(884)258-4022x277,80667 Matthew Mission,Port Jessica,GU,37689
SHP_25202,Martha,Randall,martha.randall@hotmail.com,(682)210-6261x262,602 Powers Estates,Savannahside,WY,65780
SHP_69424,Troy,Stafford,troy.stafford@gmail.com,889-507-2931x228,20425 Sanchez Hollow Apt. 121,Hendricksshire,AK,77426
SHP_90254,Bruce,Taylor,bruce.taylor@gmail.com,600.611.3146,43778 Tamara Landing,Elizabethberg,WA,17951
SHP_89800,Troy,Williams,troy.williams@yahoo.com,264-442-3598x6484,29075 Terrell Underpass Apt. 489,North Kevinfurt,ND,76073
SHP_17212,Thomas,Smith,thomas.smith@yahoo.com,+1-202-379-7273,946 Pope Valley Apt. 174,Denisemouth,OH,76788
SHP_50539,Christopher,Shields,christopher.shields@hotmail.com,(360)548-5913,88996 Reed Radial,Gutierrezmouth,FM,78840
SHP_97304,Angela,Miranda,angela.miranda@gmail.com,5415544747,359 Wright Trace Suite 016,Ericstad,MP,32144
SHP_96252,Kenneth,Chapman,kenneth.chapman@yahoo.com,399-409-1334x1232,7974 Jesse Squares,Jacquelinemouth,CA,90597
SHP_33022,Michael,Rivera,michael.rivera@gmail.com,6109154448,74051 Smith Field,East Curtis,SD,59753
SHP_25655,Anthony,Phillips,anthony.phillips@yahoo.com,(775)402-0922,38029 Baker Viaduct,Wernerberg,MH,65068
SHP_11660,Charles,Williamson,charles.williamson@yahoo.com,301.217.2396x3190,623 Mosley Landing Suite 671,East Denise,SC,06532
SHP_27984,Alexis,Byrd,alexis.byrd@yahoo.com,001-910-916-8107x137,95146 Sean Way,Jacksonport,AZ,32394
SHP_11487,Martha,Williams,martha.williams@yahoo.com,001-882-509-2257x09001,4072 Margaret Harbors Suite 282,Paigeview,AL,08157
SHP_31473,Drew,Leonard,drew.leonard@gmail.com,324-808-2746x198,3373 Catherine Bypass Apt. 629,Port Jessicaton,KS,13600
SHP_75065,Gina,Estrada,gina.estrada@gmail.com,+1-580-596-8075,3250 Angela Locks,South Patrick,PA,32493
SHP_55443,Robert,Smith,robert.smith@hotmail.com,001-278-427-3492x1112,50743 Abigail Flat Apt. 880,Whiteberg,WA,34173
SHP_78551,Tyler,Day,tyler.day@gmail.com,350.536.1920x2599,37034 Lisa Walk Suite 474,Port Josephchester,AK,58687
SHP_77793,Alexis,Brown,alexis.brown@hotmail.com,001-734-771-1202x73023,292 Steven Drive,North Kristine,IA,49219
SHP_43980,Eric,Jones,eric.jones@gmail.com,484-667-9017x52279,2396 Scott Well Apt. 203,Josephmouth,AL,08214
SHP_31884,Scott,Garcia,scott.garcia@gmail.com,001-215-654-2373x9977,5886 Jay Groves,East John,OK,99073
SHP_58741,Steve,Esparza,steve.esparza@yahoo.com,001-759-925-3242x5475,49298 Barrett Pike Suite 528,New David,AZ,21825
SHP_26637,Mary,Johnson,mary.johnson@hotmail.com,(957)878-4872x829,7831 Parker Loop Suite 240,New Lisaberg,MI,38087
SHP_45227,Joann,Wilson,joann.wilson@yahoo.com,(417)333-5836x249,56944 Angela Plaza Suite 171,West Stephanie,FM,80267
SHP_25473,Dave,Williams,dave.williams@hotmail.com,+1-997-634-4685x0094,929 Melissa Locks Apt. 662,New Seanberg,OK,52101
SHP_13847,Brendan,Hogan,brendan.hogan@hotmail.com,001-638-748-6817x4791,2031 Tina Springs,Jenniferbury,MI,68277
SHP_53910,Ryan,Howell,ryan.howell@gmail.com,702-585-0146x89773,866 Aguirre Stream Suite 170,South Tiffany,NH,46307
SHP_66272,Adam,Hudson,adam.hudson@yahoo.com,9193430584,44151 Stephanie Union Apt. 240,South Sara,AK,16678
SHP_45649,Christopher,Murillo,christopher.murillo@yahoo.com,480.747.8054x4529,9148 Angela Green,Ashleyville,SD,66914
SHP_78662,Riley,Wade,riley.wade@hotmail.com,(502)313-6080x608,2744 Patrick Squares Apt. 484,South Hunter,MN,94717
SHP_18371,Bernard,Ross,bernard.ross@hotmail.com,+1-224-749-3923x182,6840 Leon River,Nicoleborough,VI,35196
SHP_44465,Cody,Jenkins,cody.jenkins@gmail.com,+1-393-206-3603x0482,68991 Crystal View,Gomezmouth,OR,02281
SHP_85582,Jason,Deleon,jason.deleon@hotmail.com,319-746-0078x518,750 Miller River Apt. 507,North George,PA,22625
SHP_92251,Dawn,Marsh,dawn.marsh@gmail.com,887-330-4519x455,341 Victor Prairie Suite 403,West Nancymouth,NY,43945
SHP_20101,Rachael,Weiss,rachael.weiss@hotmail.com,(796)781-5790x39235,961 Devin Field,East Kevinland,MA,50841
SHP_75031,Shannon,Sullivan,shannon.sullivan@yahoo.com,3617809190,4914 James View,South Ericbury,DC,98379
SHP_69663,Matthew,Beard,matthew.beard@hotmail.com,980-983-1367x837,43634 Kennedy Pines,Ronaldside,MA,46613
SHP_76949,Jennifer,Williams,jennifer.williams@hotmail.com,658.289.7435,420 Carr Lake Suite 928,Pricemouth,TN,44938
SHP_57202,Gary,Zimmerman,gary.zimmerman@hotmail.com,(691)413-1883x36589,381 Atkins Hollow Suite 376,Rodriguezville,OH,93811
SHP_17266,Joseph,Jackson,joseph.jackson@hotmail.com,965.813.3529x495,96108 Buchanan Roads,Port Jennifer,NJ,07544
SHP_75484,Ronald,Howell,ronald.howell@gmail.com,4358637905,0179 Dave Squares Suite 620,Rodriguezport,WA,42690
SHP_84302,Samantha,French,samantha.french@hotmail.com,001-339-460-6104x71891,9247 Castro Skyway Apt. 410,West Christian,CO,26453
SHP_31873,Nicholas,Franklin,nicholas.franklin@gmail.com,001-383-810-4384,29131 Tucker Parkway Apt. 568,Tanyachester,MP,52045
SHP_58193,Jacob,Long,jacob.long@gmail.com,(572)768-7720x78324,16173 Deborah Mountain Apt. 918,New Tracey,OH,32255
SHP_30618,Michael,Potter,michael.potter@gmail.com,854-794-7504,2542 Kathleen Points,Lake Jeremyberg,MT,00875
SHP_43438,Crystal,Clark,crystal.clark@yahoo.com,001-695-304-3896,5086 Nancy Squares Suite 322,North Thomas,FL,36049
SHP_23487,Keith,Woods,keith.woods@gmail.com,001-929-481-2099x5765,34750 Mitchell Lights Suite 220,South April,OK,81172
SHP_85223,Denise,Henderson,denise.henderson@yahoo.com,001-697-853-7405x714,7406 Mccormick Lake Suite 453,Markland,KY,50415
SHP_98358,Cheryl,Waller,cheryl.waller@gmail.com,001-269-942-6166x6471,2756 Taylor Squares,New Johnborough,AL,85883
SHP_25117,Donna,Williams,donna.williams@gmail.com,(956)247-7115x88218,07911 Wilson Hills Suite 446,North Yvonnehaven,IA,08411
SHP_39937,Robert,Medina,robert.medina@hotmail.com,+1-871-341-8626,643 Andrew Ville Suite 423,East Nicholas,NV,46712
SHP_76692,Julie,Simon,julie.simon@hotmail.com,(523)941-9031x0615,15566 Ramos Flats,East Paul,ID,87776
SHP_10336,David,Robertson,david.robertson@gmail.com,(382)815-5337x6727,00393 Elizabeth Drives Apt. 243,Brandiberg,OR,46735
SHP_15772,Christopher,Williams,christopher.williams@hotmail.com,(262)757-6210x902,550 Linda Track Suite 441,Ronaldfurt,TX,31727
SHP_11610,Teresa,Moyer,teresa.moyer@hotmail.com,408.498.9309,024 Lisa Meadow,Sextonshire,NV,06481
SHP_42053,Jesse,Mcgee,jesse.mcgee@gmail.com,(312)868-3423,005 Mullins Hollow Suite 531,North Stephanieshire,AL,27561
SHP_16026,Dawn,Rasmussen,dawn.rasmussen@yahoo.com,993-401-6945x296,347 Christopher Ridge Apt. 791,Port Nicolefurt,RI,65954
SHP_71835,Barbara,Barton,barbara.barton@hotmail.com,(734)420-5668x073,5652 Nicholas Run Apt. 361,Port Allenview,SC,57495
SHP_57707,Richard,Preston,richard.preston@yahoo.com,948-488-3923x7590,582 Pierce Junction,Michaelville,IL,81792
SHP_60197,Debra,Robinson,debra.robinson@hotmail.com,738.810.0577x718,73665 Jacobs Union Suite 299,Thomasland,CT,09954
SHP_29671,Eric,Mosley,eric.mosley@hotmail.com,2019431016,670 Ball Branch,West Daniel,MH,81241
SHP_33456,Alice,Kane,alice.kane@gmail.com,001-300-271-3659,83554 Kane Squares Suite 471,South Melissaburgh,GU,32194
SHP_14635,Anna,Allen,anna.allen@hotmail.com,+1-334-368-6207x539,289 William Stravenue,Lake Luke,NV,31464
SHP_82465,William,Meza,william.meza@yahoo.com,(305)305-7599x75392,54846 Calhoun Prairie Apt. 893,Alexandrastad,ND,26359
SHP_95944,Kelsey,Hendrix,kelsey.hendrix@yahoo.com,8487511990,322 Washington Cliffs Apt. 178,Danielstad,PA,93748
SHP_64967,William,Mcbride,william.mcbride@gmail.com,+1-964-210-2205x83595,2627 Stephanie Shores,South Randy,GU,02628
SHP_39427,Robert,Choi,robert.choi@gmail.com,001-902-773-5810x79024,0770 Kimberly Greens Suite 455,North Debraside,SC,18880
SHP_52179,Brandon,Schneider,brandon.schneider@yahoo.com,950.631.8849,3228 Gomez Walks,Port Sue,NE,53929
SHP_42540,Amanda,Reed,amanda.reed@yahoo.com,(504)346-2404x416,641 Brown Circle Apt. 379,West Tiffanymouth,KY,16887
SHP_64559,Sergio,Huff,sergio.huff@hotmail.com,474.659.2541x2387,9790 Trevor Station,Morganstad,PA,37752
SHP_51934,Justin,Kim,justin.kim@hotmail.com,933.656.2303,88067 William Rapids Suite 092,Lake Jenniferland,ND,95251
SHP_45554,Hannah,Collins,hannah.collins@gmail.com,863-337-0695x11819,759 Nguyen Harbors,East Bailey,CT,87686
SHP_20208,Theresa,Santos,theresa.santos@hotmail.com,567-548-0411x4575,157 Ayala Brook Suite 780,North Jackson,NE,86316
SHP_84912,Richard,Miller,richard.miller@hotmail.com,632.458.2386x87007,74946 Kirby Forest,Brandonside,OK,09667
SHP_58864,George,Holland,george.holland@gmail.com,+1-501-750-4479x66570,25128 Johnson View Suite 502,North Ann,NV,51185
SHP_25650,Dan,Black,dan.black@yahoo.com,001-546-812-7505x03609,30176 Johnson Union,New Cynthia,AS,83951
SHP_75803,Dylan,Becker,dylan.becker@hotmail.com,698-324-7414x0703,4065 Brendan Dam,Natashahaven,TN,73999
SHP_98254,Amy,Berry,amy.berry@gmail.com,2666881279,2846 Gordon Brooks,Gardnerland,TX,59429
SHP_16903,Cassandra,Webb,cassandra.webb@gmail.com,(721)652-7381x8556,1752 Davis Groves Apt. 207,South Mackenzie,AZ,60972
SHP_33507,William,Martinez,william.martinez@hotmail.com,727-378-1084x6842,310 Tapia Key Suite 423,West Jessica,VI,48935
SHP_39253,Kaitlyn,Smith,kaitlyn.smith@hotmail.com,+1-907-751-9919x817,29441 Munoz Expressway Suite 316,Christineburgh,NC,88707
SHP_77603,Jason,Benson,jason.benson@yahoo.com,+1-741-475-1800x756,4838 Hansen Walks Suite 123,Katrinafort,RI,00780
SHP_16019,Brandon,Moreno,brandon.moreno@yahoo.com,267-897-0016,8671 Donna Overpass Apt. 704,New Tyler,CT,52598
SHP_62550,Cody,Sims,cody.sims@hotmail.com,(850)833-4636x36399,9334 Tammy Pike,Brittanyland,RI,32527
SHP_19034,Linda,Hodge,linda.hodge@gmail.com,001-685-713-2909x71373,435 Obrien Shore,Lake Jennifer,NJ,61554
SHP_70960,Donna,Conway,donna.conway@yahoo.com,001-478-891-3390x0746,05068 Sharon Parkway,Simpsonfurt,ID,14408
SHP_47002,Victor,Mccann,victor.mccann@yahoo.com,(260)432-0039,4259 Graves Parkways,Port Brenda,OH,13826
SHP_50723,Robert,Morris,robert.morris@yahoo.com,+1-458-872-8023x8656,80598 Elizabeth Crest,North Hollytown,AL,44040
SHP_52899,Teresa,Campbell,teresa.campbell@yahoo.com,+1-540-831-7552,89840 Cortez Green,West Luis,WI,62221
SHP_21322,Karen,Murphy,karen.murphy@gmail.com,737.720.1701x175,7473 Rodriguez Manor Suite 444,Port Jennaville,UT,52741
SHP_82494,Sheila,Reeves,sheila.reeves@yahoo.com,864.604.7580,80903 John Skyway,Elizabethbury,AS,84140
SHP_69866,Kristen,Mcknight,kristen.mcknight@hotmail.com,529.781.0860x44159,818 Juan Lane,Archerstad,IL,32045
SHP_11044,Ryan,Bell,ryan.bell@hotmail.com,(422)841-1341x481,5835 Thomas Plain,Port Sylvia,SD,81291
SHP_58354,Krista,Contreras,krista.contreras@yahoo.com,001-311-263-4303,6366 Traci Divide,Michaelmouth,ME,09986
SHP_36302,Kevin,Smith,kevin.smith@yahoo.com,385-387-1570,99830 Steven Mission,East Jason,WA,32179
SHP_48219,Laura,Steele,laura.steele@yahoo.com,618.253.6017x430,6004 James Courts,Flemingfort,NH,46654
SHP_83899,Jennifer,Hawkins,jennifer.hawkins@yahoo.com,(348)820-9872x84818,234 Mosley Centers Suite 572,Vernonmouth,GA,11372
SHP_49834,Nicole,Schmitt,nicole.schmitt@yahoo.com,628.277.5548,2109 Garza Pike,Stephentown,CA,89484
SHP_91620,Brett,Nicholson,brett.nicholson@gmail.com,001-920-368-1836x9124,3887 John Cape,Port Devinbury,FL,34192
SHP_41795,Erika,Green,erika.green@yahoo.com,(459)484-9419,502 Leblanc Street,Brettton,MO,59296
SHP_70807,Chase,Kelley,chase.kelley@yahoo.com,001-590-233-2023x786,2117 Bush Grove,Judymouth,KY,02864
SHP_58270,Brandi,Andrews,brandi.andrews@hotmail.com,(268)952-3430,28072 Landry Trail,Everettbury,MI,06924
SHP_87554,Timothy,Williams,timothy.williams@yahoo.com,+1-769-233-3299x8651,7846 Brown Pike,Danastad,WA,69614
SHP_74665,Timothy,Reed,timothy.reed@hotmail.com,412-413-2914x037,467 Mark Junctions,Mcphersonbury,KY,52020
SHP_35614,Angela,Taylor,angela.taylor@hotmail.com,806.799.0649x4935,363 Richard Oval,Port Fred,MN,43126
SHP_81638,Michael,Perry,michael.perry@yahoo.com,515.596.3503x14109,40130 Smith Route Suite 672,Beardport,FM,22090
SHP_42129,Joshua,Jimenez,joshua.jimenez@gmail.com,+1-910-646-6275x01526,03607 Carter Plains Apt. 309,Williamfort,FL,31684
SHP_29735,Lisa,Rodgers,lisa.rodgers@hotmail.com,(342)577-0978x52539,1317 Wright Spring Suite 195,Juanburgh,TN,29719
SHP_10835,Renee,White,renee.white@hotmail.com,560-932-4841,151 William Tunnel Suite 672,Jaredton,NH,04002
SHP_63744,Ryan,Sutton,ryan.sutton@hotmail.com,(496)608-9538x772,840 Brown Parkway,North Nicholashaven,NJ,84663
SHP_13133,Christina,Webb,christina.webb@gmail.com,+1-974-585-6136x62628,8762 Annette Springs Apt. 112,South Marymouth,OR,94370
SHP_40539,Maureen,Decker,maureen.decker@yahoo.com,6732485675,974 Scott Mission,South Nicole,VT,66793
SHP_80981,Richard,Rodriguez,richard.rodriguez@hotmail.com,7202178847,933 Raymond Neck Suite 415,Williamsborough,AK,55231
SHP_55406,Frances,Zuniga,frances.zuniga@hotmail.com,523-561-6603,905 Davis View Suite 653,East Jamieland,MA,64200
SHP_93354,William,Butler,william.butler@hotmail.com,9924755946,770 Freeman Turnpike Suite 478,South Thomasshire,MI,37093
SHP_11257,John,Macias,john.macias@gmail.com,001-908-634-8124x2664,644 Jonathan Rue,Port Gabrielle,GA,65369
SHP_53911,Joseph,Mata,joseph.mata@yahoo.com,(968)336-8437,34454 Abbott Knoll Suite 600,North Melissa,CO,79271
SHP_10191,Donna,Owens,donna.owens@hotmail.com,001-630-375-0475x7097,74501 Gloria Isle Suite 931,Timothyland,PA,95589
SHP_96154,Tanya,Wilson,tanya.wilson@hotmail.com,001-326-877-5046,284 Jessica Spring,Reedside,FM,97949
SHP_59319,Jeremy,Brown,jeremy.brown@yahoo.com,+1-543-737-9531x112,2652 Montoya Drive,Pittmanfurt,MH,24510
SHP_50306,Stephen,Lawrence,stephen.lawrence@hotmail.com,(470)480-8697,69958 Barnes Rest,West Raymond,MA,39058
SHP_23624,Brian,Hayden,brian.hayden@yahoo.com,925-787-1167x1422,09597 Ortiz Isle Suite 206,Ramosville,HI,35661
SHP_36895,Jerry,Mccann,jerry.mccann@hotmail.com,+1-233-236-1679,117 Mann Views Apt. 218,West Gregory,OK,04926
SHP_79443,Angela,Benton,angela.benton@hotmail.com,362.740.4661x0106,1893 Audrey Plains,Nguyenchester,MS,15286
SHP_41217,Christine,Huffman,christine.huffman@hotmail.com,237.734.0312x77220,64597 Dan Center Apt. 207,North Pattymouth,OR,76491
SHP_65026,Brittany,Martinez,brittany.martinez@gmail.com,398.712.3179x55633,8170 Norman Manor Suite 155,Marychester,PR,85960
SHP_74491,Cheyenne,Hanson,cheyenne.hanson@gmail.com,852-730-0516,43194 Morgan Motorway,Rachelhaven,CA,55479
SHP_17850,Bruce,Collins,bruce.collins@yahoo.com,454.298.2274x95450,806 Gonzalez Flats,Port Casey,ID,88038
SHP_28661,Thomas,Hoffman,thomas.hoffman@yahoo.com,617-893-8525x27470,1737 Walters Springs Apt. 578,Thompsonbury,AL,51757
SHP_46677,John,Hopkins,john.hopkins@hotmail.com,(361)379-7968x86805,529 Anna Rue,Rasmussenmouth,WY,56921
SHP_22193,Deborah,Swanson,deborah.swanson@yahoo.com,001-306-369-3548x9102,091 Edwards Place Apt. 673,East Carolyn,OR,60230
SHP_15754,Stephanie,Baker,stephanie.baker@hotmail.com,001-871-747-0675,02197 Hull Throughway,Turnermouth,AL,85884
SHP_40339,Nicholas,Hill,nicholas.hill@yahoo.com,2932771004,80698 Frederick Mountains,Cassandramouth,MN,89873
SHP_78125,Nathaniel,Wilson,nathaniel.wilson@hotmail.com,302.807.3970x163,581 Maria Mission,Rodriguezfurt,TN,65482
SHP_64140,Robin,Dominguez,robin.dominguez@yahoo.com,552-438-6767,746 Tabitha Circles,Simpsonside,NM,50894
SHP_58823,Kathryn,Durham,kathryn.durham@hotmail.com,+1-705-828-5096,1890 Kimberly Square Suite 723,East April,MP,59484
SHP_70091,Jimmy,Willis,jimmy.willis@hotmail.com,604-344-8023x3969,05787 Hayes Lodge,Port Vanessaport,OR,88856
SHP_21128,Joshua,Watson,joshua.watson@gmail.com,+1-926-418-6796,59984 Smith Parks Suite 556,East Jill,UT,58870
SHP_86122,Judith,Bryan,judith.bryan@yahoo.com,(780)517-4863x878,7924 Cathy Loop,Jenniferberg,IA,74268
SHP_22527,Alan,Jordan,alan.jordan@gmail.com,688-526-1702,5456 Amanda Grove Apt. 772,West Julie,AL,47586
SHP_76247,Kelly,Black,kelly.black@hotmail.com,617.360.2799x3516,71118 Mann Squares,Heatherport,TN,52670
SHP_27499,Elizabeth,Evans,elizabeth.evans@hotmail.com,001-222-225-7164,952 Wilson Forges Suite 564,Rangelborough,PA,63558
SHP_93521,Timothy,Kelley,timothy.kelley@gmail.com,(395)585-5300,76005 Richardson Keys Apt. 609,North Stevenview,RI,97917
SHP_61688,Thomas,Perez,thomas.perez@gmail.com,+1-352-373-3006x27727,6947 Gary Oval,South Matthew,NJ,97726
SHP_19808,Cristian,Kim,cristian.kim@yahoo.com,(214)292-4100x969,81366 Austin Lights Suite 102,North Christophermouth,KY,48479
SHP_87580,Kevin,Pearson,kevin.pearson@gmail.com,594.964.0830,0601 Nichols Plains,Smithport,WI,79176
SHP_84425,Daniel,Jones,daniel.jones@yahoo.com,001-799-542-9223x197,10898 Samantha Orchard,East Dylan,AS,19070
SHP_18163,James,Lewis,james.lewis@yahoo.com,+1-824-357-4949x202,8151 Jerry Stravenue Suite 542,South Joshuaton,AZ,88018
SHP_67014,Lynn,Wong,lynn.wong@hotmail.com,314.567.0312x869,47525 Heather Hollow,Lake Amanda,ID,24796
SHP_96827,Ann,Malone,ann.malone@yahoo.com,001-712-542-6957,39763 Martin Haven Suite 142,Adkinstown,KY,08306
SHP_27132,Tracy,Olsen,tracy.olsen@yahoo.com,(271)694-9556x82106,87535 Bennett Flat,Tiffanyfurt,NV,98913
SHP_41034,Logan,Figueroa,logan.figueroa@hotmail.com,+1-575-321-9326x94464,91209 Graham Junctions,Lake Michael,DE,84901
SHP_48230,Marc,May,marc.may@hotmail.com,369-417-2847x127,41987 Lisa Fort Apt. 065,Tammymouth,WI,52543
SHP_44208,Michael,Davis,michael.davis@yahoo.com,001-355-612-9391x30448,60461 Adams Center Apt. 119,North Patriciaton,NJ,47834
SHP_51288,Barbara,Elliott,barbara.elliott@gmail.com,7336371471,13891 Terrell River Suite 461,Kevinmouth,SC,31172
SHP_61505,Austin,Whitney,austin.whitney@hotmail.com,458-926-0340x8487,598 Hailey Shore Apt. 303,West Melissa,IL,18091
SHP_52762,Troy,Edwards,troy.edwards@hotmail.com,+1-511-285-9206,65272 Davis Port Apt. 095,North Sarah,AK,09603
SHP_51688,Tammy,Yang,tammy.yang@hotmail.com,802-965-4214,64729 Montes Road Apt. 842,Villanuevaport,AR,05537
SHP_69343,Melissa,Green,melissa.green@yahoo.com,7322187039,35940 Jessica Cliff Suite 980,Arnoldbury,MA,82791
SHP_45645,John,Cole,john.cole@gmail.com,(378)653-7982,1371 Allen Ways,Barkershire,AZ,69861
SHP_40619,Zachary,Jackson,zachary.jackson@gmail.com,+1-443-442-1121,5470 Morse Haven,East Gregory,FL,42534
SHP_19789,Christian,Gomez,christian.gomez@hotmail.com,001-934-474-5024x0537,489 Edwards Forks,Marvintown,IA,58294
SHP_36569,Brian,Lewis,brian.lewis@gmail.com,638-817-7998x992,7048 Daniel Springs,North Christopher,NE,38303
SHP_27840,Rebecca,Morse,rebecca.morse@yahoo.com,491-935-4542,1832 Hardy Port,West Ashley,SD,66430
SHP_86638,Daniel,Johnson,daniel.johnson@gmail.com,253-891-2040,6315 Mccann Ranch,West Nicholeland,IA,21522
SHP_24283,Tammie,Rosales,tammie.rosales@gmail.com,732.249.1394x3032,4962 Ann Parkways,Kennethbury,NJ,84696
SHP_30369,Gerald,Long,gerald.long@gmail.com,694-787-8360x029,828 Kenneth Lodge Apt. 727,North Angelaville,IL,67886
SHP_23848,Jim,Bishop,jim.bishop@hotmail.com,343-716-1186x98142,300 Lowe Harbor,East Rebecca,KY,54594
SHP_31544,Christopher,Parks,christopher.parks@gmail.com,688.753.2088,470 Alexander Key Apt. 068,Terryburgh,NV,29331
SHP_68925,Kristin,Brennan,kristin.brennan@hotmail.com,5965641475,524 Waters Groves Suite 653,Jaredshire,UT,90862
SHP_71086,Shelley,Shah,shelley.shah@hotmail.com,+1-252-258-0009x631,31665 Theresa Forge Suite 010,New Bobby,MO,12974
SHP_51160,Margaret,Beasley,margaret.beasley@gmail.com,(335)421-7921,05102 Miller Brook,Rachelhaven,CO,35267
SHP_63282,Louis,Simmons,louis.simmons@gmail.com,+1-343-717-1916x33547,38254 Todd Loop Apt. 206,New Stacey,OR,95637
SHP_25825,Emily,Newton,emily.newton@yahoo.com,887-294-7693x2572,9092 Craig Tunnel Apt. 803,New Anntown,FL,45337
SHP_80244,Roger,Meyer,roger.meyer@gmail.com,9072386543,26992 Wong Dale,Ashleymouth,MT,12309
SHP_56961,Sara,Ray,sara.ray@hotmail.com,(650)912-3578x2239,340 Hernandez Divide,Ericafurt,ME,40994
SHP_37215,Brandon,Wong,brandon.wong@hotmail.com,397.874.7709x613,326 Cunningham Knoll,Michelleport,PA,82884
SHP_69233,Lisa,Morrison,lisa.morrison@gmail.com,341-368-2497x70549,65476 Davis Falls Suite 749,South Michaelbury,MI,13786
SHP_50410,Caitlin,Ross,caitlin.ross@hotmail.com,(769)340-8812,338 Chad Corners Apt. 915,Martinezborough,VI,05644
SHP_70731,Melissa,Pittman,melissa.pittman@gmail.com,+1-872-944-8802x7087,399 Austin Shoal,Lisaborough,IA,05238
SHP_44735,Stephen,King,stephen.king@hotmail.com,5343287567,17660 Scott Course,South Charles,KY,05315
SHP_25717,Kimberly,Garcia,kimberly.garcia@hotmail.com,534.265.3363,5437 Aaron Viaduct Suite 164,South Sarah,AZ,84359
SHP_21851,Leslie,Gillespie,leslie.gillespie@yahoo.com,001-212-401-2275x950,015 Matthew Wall Apt. 594,Schultzmouth,AZ,57918
SHP_30658,Randy,Collins,randy.collins@yahoo.com,(401)613-2350x21351,902 Brock Forks Suite 767,New Danielleshire,SD,40075
SHP_99922,Matthew,Moore,matthew.moore@hotmail.com,760.422.9405x8321,545 Park Light Suite 120,South Joelborough,TX,80280
SHP_49874,Keith,Terrell,keith.terrell@gmail.com,001-397-573-5225x289,33005 Roman Stravenue Suite 412,Sanchezborough,KY,50356
SHP_89076,Linda,Turner,linda.turner@hotmail.com,442.323.5434x0466,56495 Michael Ports,North Tara,TN,91066
SHP_15286,Miranda,Palmer,miranda.palmer@yahoo.com,914.362.4912,07240 Stanley Mission,Josephside,CO,46956
SHP_38183,Amy,Carter,amy.carter@gmail.com,+1-522-340-2387x8930,760 Smith Locks Apt. 629,East Michael,OK,93695
SHP_52964,Susan,Harrison,susan.harrison@hotmail.com,(670)291-7602,635 Dunn Plains,Garzastad,MA,21283
SHP_29441,Matthew,Watts,matthew.watts@hotmail.com,+1-257-487-3516x832,1131 Brian Corner,Carolineton,AZ,94848
SHP_21955,Ryan,Adams,ryan.adams@hotmail.com,+1-998-524-3780x47040,1875 Hartman Fall Suite 920,Lake Tanya,VA,21346
SHP_42534,Joseph,Davis,joseph.davis@yahoo.com,902.934.5774,45069 Jones Club Apt. 237,North Alyssa,DE,10975
SHP_56627,Richard,Caldwell,richard.caldwell@gmail.com,615.348.4145,4517 Werner Ridge Suite 857,New Saraton,NM,44192
SHP_61936,Cassandra,Hansen,cassandra.hansen@gmail.com,371.413.6354x31331,064 Collins Pines Apt. 990,Melindafort,PA,94028
SHP_77300,Norma,Howard,norma.howard@hotmail.com,964.322.3417x439,1143 Jenna Gardens,Port Jonathanborough,LA,28527
SHP_16416,Jaclyn,Watson,jaclyn.watson@yahoo.com,872-592-9314x386,270 Robert Dale,Kristenport,KS,74181
SHP_98759,Raymond,Hunter,raymond.hunter@yahoo.com,(858)354-7398x9301,9242 Anderson Passage,North Margarettown,NV,16270
SHP_49169,Claudia,Bridges,claudia.bridges@yahoo.com,355.650.1219,53595 Sherry Corner Suite 549,Brownport,KS,47795
SHP_44100,Thomas,Snyder,thomas.snyder@gmail.com,001-956-968-1780x3999,6380 Davis Harbor Apt. 014,Kathleenview,UT,74887
SHP_32789,Ashley,Clarke,ashley.clarke@yahoo.com,001-346-293-1681x51649,44519 Roberts Ports Apt. 306,Browntown,DE,63257
SHP_14073,Larry,Montgomery,larry.montgomery@hotmail.com,001-219-474-0056x435,503 Jones Port,West Tinachester,PA,97401
SHP_63004,Randy,Robertson,randy.robertson@yahoo.com,+1-567-756-6376x373,2401 Michael Station Apt. 085,Francisside,WI,68093
SHP_69270,Crystal,Wilcox,crystal.wilcox@hotmail.com,(961)817-4953x87679,3312 Hill Spring Suite 608,North Shawnbury,TX,62101
SHP_82869,Joshua,Jackson,joshua.jackson@hotmail.com,+1-652-670-4973,3464 Scott Meadows Suite 913,North Alexisstad,DC,22181
SHP_82105,Felicia,Stewart,felicia.stewart@gmail.com,936-280-1708x3879,0853 Danny Mountains,Stevenland,LA,90319
SHP_42748,Sophia,Weber,sophia.weber@gmail.com,796-240-7601,3852 Willis Greens,East Rachelfort,AK,40354
SHP_22415,Peter,Velez,peter.velez@gmail.com,390.422.9309x443,45579 Samantha Mountains,West Richard,WY,99562
SHP_70560,Bradley,Davis,bradley.davis@hotmail.com,378-880-0459x88934,6443 Catherine Mountains,Morrisberg,KS,93671
SHP_23357,James,Mcmillan,james.mcmillan@yahoo.com,687.220.9037,4362 Luke Meadow,Coltonview,MS,49326
SHP_28322,Eric,Li,eric.li@yahoo.com,3948618677,81460 Henson Spring Apt. 293,Woodardberg,FL,68487
SHP_25919,Robert,Roberts,robert.roberts@hotmail.com,864-955-7531x0026,75714 Gregory Landing Suite 291,Reedfort,OK,33287
SHP_11567,Alexander,Roberson,alexander.roberson@hotmail.com,632-201-3022x3935,7133 Oconnell Glen,Martinmouth,OH,10128
SHP_18083,John,Nelson,john.nelson@hotmail.com,001-632-992-6205x55562,5783 Brooke Rapids Suite 310,Christopherside,NY,67146
SHP_39135,Thomas,Richardson,thomas.richardson@yahoo.com,7903034864,6064 Davis View,West Jason,FM,21502
SHP_27133,Allison,Mann,allison.mann@gmail.com,869.258.8708x9426,6980 Kimberly Mews,Josephburgh,SD,79152
SHP_35969,Sarah,Smith,sarah.smith@gmail.com,826.666.1780,991 Dudley Divide Suite 765,East Michelleport,WV,21709
SHP_62505,Michael,Schmidt,michael.schmidt@hotmail.com,+1-509-770-4683x227,1455 Daisy Inlet Apt. 109,Espinozaview,NV,75394
SHP_58790,James,Howard,james.howard@gmail.com,+1-659-772-2370x91442,60496 Claudia Field,North Paige,NM,61101
SHP_99952,Jessica,Jackson,jessica.jackson@gmail.com,(999)971-7450x33571,6916 Olsen Falls,Port Bryan,SC,55523
SHP_92614,Tyler,Lopez,tyler.lopez@yahoo.com,725-389-1995x9746,5631 Johnson Ford Apt. 888,Emilyshire,NJ,73645
SHP_94500,Theresa,Flores,theresa.flores@hotmail.com,+1-414-441-8524,283 Michael Oval Apt. 293,Christopherstad,MI,90231
SHP_21015,Timothy,Allen,timothy.allen@yahoo.com,796.346.9009x478,69662 Santiago Ramp,Lake Jacob,CT,58195
SHP_86326,Stephanie,Reynolds,stephanie.reynolds@gmail.com,(990)908-9730x36590,7433 Fitzpatrick Port Suite 055,Kristineville,UT,88597
SHP_86823,Jenna,Padilla,jenna.padilla@gmail.com,207-785-1699x4970,6834 Nicholas Stream,Mooremouth,WY,02522
SHP_43924,Charles,Ryan,charles.ryan@yahoo.com,274.259.9418x8368,07964 Hardy Track,South Mariestad,DC,44494
SHP_19828,William,Shaw,william.shaw@yahoo.com,001-647-779-5003,02626 Brian Crossroad,Alvaradoview,MI,23023
SHP_12857,Kyle,Archer,kyle.archer@gmail.com,(801)869-2364x58750,70502 Jacobs Springs,West John,OR,87349
SHP_18450,Susan,Marks,susan.marks@yahoo.com,+1-374-495-1191,793 Katie Meadows,Stevenberg,SD,43811
SHP_35919,Debra,Clark,debra.clark@gmail.com,336.434.6692x548,7853 Steven Road,Ronaldmouth,NE,54103
SHP_94670,Tracey,Mooney,tracey.mooney@hotmail.com,643-776-1092x594,791 Mills Cliffs,West Kristen,CT,49468
SHP_68121,Laura,Davis,laura.davis@hotmail.com,001-410-520-8740,0031 Amanda Motorway Apt. 584,East Andrew,SC,49928
SHP_26880,Katherine,Conner,katherine.conner@gmail.com,392-276-6809x8460,33480 Mary Isle Apt. 735,Rossfort,CT,45841
SHP_22055,Lauren,Jenkins,lauren.jenkins@gmail.com,6114205144,8857 Anthony Crossroad Suite 397,Bakerville,MO,64127
SHP_53456,Samuel,George,samuel.george@yahoo.com,001-459-940-1399x0490,2967 Theodore Lodge Suite 512,Robertfort,LA,87347
SHP_26059,Bradley,Gonzales,bradley.gonzales@yahoo.com,849.502.1158,8687 Thomas Common,Orrton,NY,75371
SHP_15596,Leah,Allison,leah.allison@yahoo.com,661-566-9459,4139 Hannah Spur,Jordanberg,FL,67329
SHP_70423,Chris,Sullivan,chris.sullivan@hotmail.com,299-337-2995x2043,42637 Hanson Route Suite 298,Peterhaven,PW,48016
SHP_16637,Jamie,Moore,jamie.moore@hotmail.com,001-200-971-9781x47185,49025 Maria Estate Suite 370,Warrenport,AK,44273
SHP_32018,Brenda,Lang,brenda.lang@yahoo.com,649-208-7801x588,0809 Derrick Isle,East Stevenport,MA,07787
SHP_85220,Patricia,Church,patricia.church@gmail.com,+1-426-704-9769x79987,964 Bryce Keys Apt. 764,Hayesmouth,VT,53307
SHP_66774,Jasmine,Ryan,jasmine.ryan@gmail.com,001-482-223-8794x026,174 Conway Mountain Apt. 536,Ernestbury,MI,60064
SHP_61773,Harold,Newton,harold.newton@hotmail.com,426.287.0015x836,3806 Patricia Via Apt. 275,North Adammouth,KY,76918
SHP_75028,Nicole,Hughes,nicole.hughes@yahoo.com,600.472.3911x949,739 Cuevas Run Apt. 002,Laneland,NE,15612
SHP_13864,Ashley,Richardson,ashley.richardson@hotmail.com,001-379-990-3597,70305 Mason Centers Suite 124,Smithland,MO,33710
SHP_60165,Karen,Jensen,karen.jensen@yahoo.com,8364834691,08312 Kimberly Trafficway Suite 714,Davidbury,DC,87917
SHP_99550,Jason,Meza,jason.meza@gmail.com,619.506.2440,81783 White Mills Apt. 447,Lake Suzanne,AK,97511
SHP_65923,Gina,Copeland,gina.copeland@hotmail.com,500.258.3269x73606,9821 Christina Road,South Angela,IA,94419
SHP_32650,Reginald,Harris,reginald.harris@hotmail.com,001-644-353-2217,66175 Stein Walk Apt. 364,Lake Diane,MH,52439
SHP_56392,James,Jones,james.jones@hotmail.com,+1-944-689-9835,531 Joseph Circles Suite 591,Carterside,PR,84424
SHP_38143,Jeffrey,Hill,jeffrey.hill@gmail.com,+1-349-661-9651x96627,0658 Maxwell Mews Apt. 378,Heathermouth,NH,13153
SHP_34530,Dustin,Russell,dustin.russell@hotmail.com,001-714-388-7106x9562,5892 Kane River Suite 317,Owensville,NC,11851
SHP_46042,David,Osborn,david.osborn@hotmail.com,597-984-9780x862,47807 Bob Loop Apt. 639,Medinaland,NE,83902
SHP_46681,Matthew,Scott,matthew.scott@gmail.com,703.392.3217,2407 Carlos Point Apt. 760,Kathleentown,AR,56377
SHP_68459,Mark,Nelson,mark.nelson@gmail.com,(939)426-0967x462,536 Hanson Circles,New Hannahhaven,GU,46248
SHP_29481,Sharon,Bauer,sharon.bauer@hotmail.com,543.616.0325x0394,78952 Ronald Turnpike Suite 949,Swansonmouth,AS,40647
SHP_14541,Lisa,Anderson,lisa.anderson@yahoo.com,+1-537-544-8455x5766,420 Johnson Port Suite 307,South Sarah,NJ,17637
SHP_90492,Veronica,Wilkerson,veronica.wilkerson@hotmail.com,579.649.1162x046,0071 Greg Knoll Apt. 204,Ronaldton,AR,48276
SHP_91156,Kristina,Chan,kristina.chan@yahoo.com,747.945.2455,9660 Brown Lodge Suite 274,Port Janetborough,TN,94436
SHP_90868,Rita,White,rita.white@gmail.com,+1-407-938-0884x8738,795 Larson Club Apt. 072,Lake Benjaminfort,CO,63651
SHP_42215,Patrick,Deleon,patrick.deleon@yahoo.com,(766)413-9060x480,320 Maddox Terrace Apt. 364,Hernandezmouth,CO,62872
SHP_94840,Edward,Padilla,edward.padilla@hotmail.com,(445)387-1663x93032,807 Cody Drives Apt. 557,Tanyaland,MH,18044
SHP_48680,Kevin,Rasmussen,kevin.rasmussen@gmail.com,672.759.6522x924,1949 Adam Extensions,Jesuschester,VI,43439
SHP_75390,Brianna,Estrada,brianna.estrada@gmail.com,200-749-3881x949,152 Jonathan Rest,Port Brittanyfort,PW,52274
SHP_64000,Justin,Higgins,justin.higgins@hotmail.com,7939636620,2787 Juarez Stream,East Rebeccahaven,CA,50323
SHP_82179,William,Ball,william.ball@hotmail.com,760-395-6737x2753,4308 Charles Locks,Adamport,AK,66491
SHP_72787,John,Walker,john.walker@yahoo.com,8889040450,3242 Jason Lights,Rodriguezhaven,FL,04677
SHP_17992,Pamela,Mcintosh,pamela.mcintosh@gmail.com,(421)394-7698x332,5749 James Center,Jacquelinefurt,PR,28502
SHP_21497,Eric,Carroll,eric.carroll@hotmail.com,(654)235-8841x83437,272 Willis Landing,Barrettton,MD,92420
SHP_46670,Dorothy,Smith,dorothy.smith@hotmail.com,956-253-4699x7990,5047 Mullins Trail Apt. 699,Stacyfort,AK,50304
SHP_60202,Anita,Cruz,anita.cruz@hotmail.com,529.843.6106x37587,258 Patrick Summit,Danielsview,PW,68243
SHP_27987,Diane,Madden,diane.madden@gmail.com,483.411.6952x3593,032 Brown Burgs,Martinville,DC,13895
SHP_64949,Julie,Adams,julie.adams@yahoo.com,(661)215-5681x6096,8766 Kathryn Street Apt. 782,Castanedaport,WA,82860
SHP_36143,Sara,Adams,sara.adams@yahoo.com,001-781-996-3883x0038,752 Russell Summit Suite 867,East Theresafort,MS,64304
SHP_94233,Tracy,Williamson,tracy.williamson@gmail.com,877-391-5244,0923 Kimberly Keys Apt. 746,Ryanport,DC,49901
SHP_78919,Heather,Spears,heather.spears@gmail.com,918.758.3132,34097 Jessica Wall Apt. 485,Jeremyfurt,FL,84187
SHP_42656,Kaitlyn,Gonzalez,kaitlyn.gonzalez@gmail.com,001-973-699-5992,39213 Alison Village,South Hollyside,KS,05653
SHP_92674,Roger,Mcdaniel,roger.mcdaniel@gmail.com,5674961588,99808 Jones Row Suite 276,North Heather,PA,71355
SHP_81258,Hector,Tate,hector.tate@hotmail.com,218-940-0252,46481 Chandler Glens Apt. 563,Zimmermanshire,NH,98852
SHP_12559,Gregory,Moore,gregory.moore@gmail.com,+1-647-252-8359,1084 Jacobs Crescent,West Pamela,CT,92845
SHP_60134,Richard,Myers,richard.myers@gmail.com,(333)631-3256x21274,551 Mccall Trail,Lake Cassidy,NH,20376
SHP_57069,Joseph,Gibson,joseph.gibson@yahoo.com,+1-699-501-3747x932,34862 Freeman Field Suite 749,New Valerie,AL,54965
SHP_72873,Dennis,French,dennis.french@yahoo.com,001-366-614-6956,660 Perez Summit,Lake Alan,IN,94912
SHP_81371,Brendan,Pierce,brendan.pierce@hotmail.com,547-315-3995x26493,1741 Austin River Apt. 464,Brownville,FL,27969
SHP_73527,Amanda,Wolfe,amanda.wolfe@gmail.com,280-838-6503,5575 Angela Green Apt. 381,Christinatown,MO,53513
SHP_55093,Samantha,Smith,samantha.smith@hotmail.com,(348)731-2297x788,633 Knight Key,Port Michaela,IA,46238
SHP_84141,Lori,Price,lori.price@hotmail.com,+1-549-706-0827x61002,209 Diaz Radial,Silvamouth,WI,62017
SHP_75849,Amber,Wallace,amber.wallace@gmail.com,+1-413-844-6140x7867,75501 Mike Cove Apt. 049,East Beckyview,MS,84102
SHP_52153,Monica,Brown,monica.brown@yahoo.com,+1-691-655-8593x922,6523 David Hollow Suite 413,Dianamouth,MO,74426
SHP_60905,Victoria,Garcia,victoria.garcia@hotmail.com,305-492-6772,62352 Gutierrez Square Suite 123,Hoffmanburgh,UT,78449
SHP_45446,Diane,Dawson,diane.dawson@gmail.com,799-438-9635,33586 Richard View,Andrewside,MD,83246
SHP_33568,Michaela,Mitchell,michaela.mitchell@hotmail.com,492-678-3677x4473,1955 Cunningham Mews Suite 727,Williamsland,PW,96323
SHP_13416,Gregory,Cruz,gregory.cruz@hotmail.com,5282287105,165 Christine Shores,Port Christopher,WI,23176
SHP_51795,Sarah,Nicholson,sarah.nicholson@hotmail.com,+1-809-262-8219,757 Kimberly Turnpike Suite 376,North Brianna,NJ,60224
SHP_88265,Darryl,Goodman,darryl.goodman@gmail.com,(360)958-0856x90289,880 Patrick Harbor,North Thomas,IA,02837
SHP_38707,Katherine,Wong,katherine.wong@gmail.com,(829)259-3564,6141 Linda Villages,Hunterfurt,MA,57883
SHP_13840,Daniel,Morrow,daniel.morrow@hotmail.com,+1-830-754-5082x7598,748 Butler Mill,Amyberg,GA,25399
SHP_46822,Tammie,Austin,tammie.austin@hotmail.com,486-903-9322x3497,347 Stephanie Branch,Lauraside,MS,06517
SHP_17679,Destiny,Simmons,destiny.simmons@yahoo.com,767-304-6226x8171,25298 Parks Branch Suite 660,Ronaldville,PA,59518
SHP_71824,Veronica,White,veronica.white@gmail.com,001-201-450-8922x983,33704 French Canyon,Lake Whitney,MT,02607
SHP_79393,Heather,Avila,heather.avila@hotmail.com,426-475-9988,160 Cole Plain Suite 548,Gutierrezhaven,PW,09202
SHP_56849,Robert,Shaw,robert.shaw@hotmail.com,893.754.5235,5978 Moreno Passage Suite 369,Leehaven,FL,89429
SHP_86544,Sheila,Stevens,sheila.stevens@hotmail.com,+1-988-616-2666,33844 Ross Course,Bradleymouth,ME,78344
SHP_40508,Catherine,Lambert,catherine.lambert@gmail.com,237.407.4348x750,655 Justin Stravenue,Lake Patrickhaven,MD,11391
SHP_30922,Melanie,Griffin,melanie.griffin@hotmail.com,001-258-900-8174x4117,308 Powell Mews,New William,OR,78350
SHP_23124,Diamond,Newton,diamond.newton@yahoo.com,799.487.3468x9391,479 Obrien Flat,Chapmanside,IL,89080
SHP_42487,Joshua,Smith,joshua.smith@hotmail.com,566-228-9279,555 Taylor Trail,Davisbury,TX,06844
SHP_96096,Stephanie,Roberts,stephanie.roberts@hotmail.com,725.405.2083,5344 David Harbor Apt. 964,East Breanna,VT,63541
SHP_41608,Christina,Tyler,christina.tyler@yahoo.com,+1-866-626-9795x5360,219 Jordan Stream Suite 081,West Pamela,SC,93121
SHP_44934,Kevin,Frederick,kevin.frederick@gmail.com,001-601-397-6893x34500,13030 Parsons Walks Suite 170,Warnerville,MS,90321
SHP_79951,Riley,Rodgers,riley.rodgers@hotmail.com,(585)202-1553,5582 Robin Lights Apt. 643,Raymondhaven,KY,38324
SHP_17328,Michael,Weber,michael.weber@gmail.com,903.360.6778,9726 Peterson Mountain,East Sandraport,OK,54791
SHP_38758,Joseph,Matthews,joseph.matthews@gmail.com,664-800-6069x8826,755 Tyler Ramp,Port Norma,OH,46590
SHP_85457,Katherine,Schwartz,katherine.schwartz@yahoo.com,451-561-9465x370,832 Gavin Street Apt. 677,New Andreastad,IL,39580
SHP_60911,Isaiah,Mcgee,isaiah.mcgee@yahoo.com,810-473-5128,068 Karl Estates,East Gabrielle,WI,32201
SHP_56504,Shannon,Thomas,shannon.thomas@yahoo.com,(502)356-2650x62292,7245 Andrew Lock,West Maria,PR,72502
SHP_32768,Andrew,Powers,andrew.powers@yahoo.com,+1-702-659-7706x5085,145 Victor Stream,New Jackport,ID,70038
SHP_33081,Courtney,Padilla,courtney.padilla@gmail.com,+1-316-758-0464x9893,501 Diaz River,West Michaelside,VT,09283
SHP_41005,Carlos,Miller,carlos.miller@hotmail.com,811-595-5640x919,8752 Thomas Alley Apt. 042,Braytown,CA,82126
SHP_87662,Danielle,Harris,danielle.harris@hotmail.com,327-653-6749x78524,8601 Lisa Glens,Gibsonside,OR,36819
SHP_51681,Jason,Andrade,jason.andrade@gmail.com,754-705-6269,753 Compton Mission,Burketown,OK,35552
