sfdc_id,first_name,last_name,email,phone,city,state
003f36ebb51d8,Marissa,Levine,marissa.levine@yahoo.com,903.724.0971x62834,Brownfurt,AK
0036da3c30f6f,Sara,,sara.adams@yahoo.com,001-781-996-3883x0038,East Theresafort,MS
0034ba456f6b3,Nicole,Stewart,nicole.stewart@gmail.com,7543458479,Melissachester,GA
003f322dcbdf1,Taylor,Martinez,taylor.martinez@gmail.com,(260)672-8757x5483,New Brandonbury,LA
0039070c08425,Robin,Brown,robin.brown@yahoo.com,4477741160,Nicoleburgh,WY
0031aec10fa01,Matthew,Fox,matthew.fox@yahoo.com,+1-665-935-2326x6000,Madisonland,CO
00385cd7474c0,Stephanie,,stephanie.rodriguez@gmail.com,001968288107863201,West Matthew,NC
0030e20f8d7c7,Julia,Hall,julia.hall@gmail.com,+1-423-375-5876x76017,Petersonfort,PR
00359881876ae,Lauren,Cruz,lauren.cruz@yahoo.com,8909499157380,Whiteport,IN
003c7460962dc,Ann,Mitchell,ann.mitchell@hotmail.com,6645339553,Brentshire,TX
003c438983498,Christopher,Martinez,christopher.martinez@yahoo.com,(896)573-0746,Nguyenmouth,NY
003c5c8c5ad6e,Joel,Lee,joel.lee@gmail.com,849-327-1523x36193,Lake Michelleburgh,NJ
003aed5eca7ea,John,Hopkins,john.hopkins@hotmail.com,361379796886805,Rasmussenmouth,WY
00332bac14615,Jamie,Bartlett,jamie.bartlett@gmail.com,322.425.7504,Mitchellmouth,IN
0034eac24ea60,Lisa,Anderson,lisa.anderson@yahoo.com,153754484555766,South Sarah,NJ
00325c6b7bc31,Vincent,Saunders,vincent.saunders@gmail.com,9563906744,Mccarthyville,UT
0039b27fc129e,Rebecca,Tyler,rebecca.tyler@hotmail.com,715.291.0518,New Carolmouth,AR
003946d492362,Madeline,Woodard,madeline.woodard@yahoo.com,(453)358-1898x57917,North Kimberlyshire,IA
00303150b9fa8,Marcus,Escobar,marcus.escobar@gmail.com,+1-706-349-0970x342,New Peter,AL
0035b71c710ac,Susan,Gordon,susan.gordon@yahoo.com,883.222.5702x11686,Barrchester,VI
003cbac950ff2,Erica,Le,erica.le@hotmail.con,+1-421-504-7095x21456,Coffeyport,WA
003ab0937c317,Cindy,Collier,cindy.collier@gmail.com,3064583872725,Jenniferhaven,VA
00332b396660f,Katherine,Schwartz,katherine.schwartz@yahoo.com,4515619465370,New Andreastad,IL
0035852eccfe0,Pamela,Martinez,pamela.martinez@yahoo.com,(917)536-7138,South Genefurt,RI
00309891d3bbb,Lawrence,Alexander,lawrence.alexander@gmail.com,00188558243055818,Richardsonberg,MO
003701459ddce,Sarah,Bryant,sarah.bryant@gmail.com,+1-968-372-2030,Grayfurt,GA
003c6da68b9a2,Linda,Oneal,linda.oneal@hotmail.com,99464228329958,Andrewport,NV
00386d483ec9a,Jamie,,jamie.wright@gmail.com,37891277822102,Hallchester,VI
003d1cb088616,Richard,,richard.franco@yahoo.com,345.441.8299,Bonillafurt,SD
003d35dad2954,Megan,Logan,megan.logan@yahoo.com,(654)784-0000x40046,Smithside,OR
003eca7517c23,Frances,Williams,frances.williams@yahoo.com,2596013257,Nicolemouth,MH
003b91c4aca8a,Eric,Wilson,eric.wilson@hotmail.com,799-808-2133,South Christopherborough,UT
0034ca52c1f05,Michael,Barron,michael.barron@gmail.con,64164022695620,North Charles,IL
00379ece11032,Stephanie,Lee,stephanie.lee@yahoo.com,828-599-8855x05920,Sarahfort,RI
003e9250c2be0,Kathryn,Burnett,kathryn.burnett@yahoo.con,6368024465,West Patrickview,WV
0036df15856d7,Ashley,Davis,ashley.davis@hotmail.com,8583768694,Richardborough,FM
003468ee2d209,Jennifer,Huber,jennifer.huber@hotmail.con,001-587-256-1786x88002,East Haleymouth,NJ
0034aad79195c,Michael,Evans,michael.evans@yahoo.com,001499431176654505,North Markbury,ME
003cafe667f0d,Heather,Murillo,heather.murillo@gmail.con,+1-251-488-3389x53491,Kellyborough,ND
0032b7957c5ca,John,Johnson,john.johnson@hotmail.con,138380342437539,South Marychester,RI
0032abdbf317b,Michael,Harrison,michael.harrison@gmail.com,+1-508-394-1572x2196,South Carrie,OH
00396c7a8aef7,Robert,Miller,robert.miller@gmail.com,9872703325,Sandovalview,PA
0034d0fc689aa,Donald,Russell,donald.russell@gmail.con,728.723.1117,Scotthaven,PW
0031695858236,Andrea,Turner,andrea.turner@yahoo.con,(594)469-2642x62894,South Markberg,NC
00354bb6a8d2b,Jack,Chang,jack.chang@hotmail.com,001-822-877-7733x1680,Christinaburgh,RI
003df5f1348fa,Bianca,Goodwin,bianca.goodwin@gmail.con,001699832456984050,Patrickfort,AK
0032788171f17,John,Dennis,john.dennis@yahoo.com,3699502267969,West Richard,NV
003e463af73a7,Stephen,Goodwin,stephen.goodwin@yahoo.com,5725476879,South Melissachester,WA
0038bd2e7fc85,Alison,Knox,alison.knox@hotmail.com,8628338383,East Joseph,MI
0033d1a946c05,Lori,Clark,lori.clark@gmail.con,(705)302-0994,Sarahland,WI
003465fc13dd4,Christopher,Johnson,christopher.johnson@gmail.com,2932333468,Kingmouth,ME
003004e688cc1,Andrew,Jones,andrew.jones@hotmail.com,856257610828834,Port James,FL
00321b63f5a61,Jerry,,jerry.richards@yahoo.com,(436)921-3055x7826,West Robinfort,MA
003bf6177c540,Timothy,,timothy.carter@hotmail.com,+1-432-685-5456x979,West Timothy,AL
00305feb908e0,Tracy,Williamson,tracy.williamson@gmail.com,877-391-5244,Ryanport,DC
003caf36ce966,Charles,Davis,charles.davis@gmail.com,+1-949-704-0127x241,Christinastad,MT
003cfa251d790,Meredith,Fitzgerald,meredith.fitzgerald@gmail.com,+1-251-901-3215x57327,Williamsshire,AK
0039e5c6bf2a1,Sara,Ray,sara.ray@hotmail.com,65091235782239,Ericafurt,ME
003fd7f29fca2,James,Smith,james.smith@gmail.com,+1-911-538-7509x31061,Reyesport,AR
0035260e2f7e0,Jenna,Meyer,jenna.meyer@gmail.com,(609)591-2423,Thomashaven,MI
003b3c954222f,Morgan,Johnson,morgan.johnson@gmail.con,7327934233,Hannahton,IA
0034d16dfa182,Brandon,Moore,brandon.moore@gmail.com,4599757336,Lake Stephaniefurt,KY
0039e39dc4978,Matthew,Allen,matthew.allen@hotmail.con,7028553952,Romanville,IN
003824064d480,William,Edwards,william.edwards@hotmail.com,001-937-556-8167x84340,West Diane,SD
0038124a51462,Stephanie,Schneider,stephanie.schneider@gmail.com,4723386974,Port Brendaview,AK
003eaa2b3bef8,Philip,Hayes,philip.hayes@gmail.com,2756450756868,Randolphshire,FM
0030e5c33fecc,Michael,Wallace,michael.wallace@yahoo.com,228.309.5728x39783,Erikafurt,SC
003919ef939d9,Renee,Carter,renee.carter@hotmail.com,(402)613-4820,Davidmouth,IA
003a3bf3dc43a,Robert,Cooper,robert.cooper@hotmail.com,979-788-7749x24243,North Blake,MD
003dbbebc38df,William,Moore,william.moore@yahoo.com,700531235483662,Ashleyburgh,FL
0035d290b35e1,Lawrence,Miller,lawrence.miller@yahoo.com,258.204.7118,South Richard,WI
003016c3435b3,Greg,Wise,greg.wise@hotmail.com,3197813833494,Wilsonfurt,AK
003de1b223c4f,Kelly,Duncan,kelly.duncan@gmail.com,826.952.0148x760,Peterborough,WY
00350a3005193,Christina,Webb,christina.webb@gmail.com,+1-974-585-6136x62628,South Marymouth,OR
0033bfe37dd86,Michael,Harris,michael.harris@hotmail.con,1669859633504915,West Todd,VT
0035625121f8e,Kayla,Williams,kayla.williams@hotmail.com,405-835-2162,Christopherville,GA
003f8e94270f3,Dawn,,dawn.owen@yahoo.com,2269607902,Port Robert,MA
00352c7ec3c46,Charles,Diaz,charles.diaz@hotmail.com,+1-373-903-9552x964,Crystalbury,CO
00369925ab68d,Alan,Ramirez,alan.ramirez@hotmail.con,+1-626-373-8997x563,Adrienneburgh,AK
003663173577d,Adam,Morgan,adam.morgan@gmail.com,936.482.1444x88966,Meghanburgh,PW
0037be8ef5a10,Michele,Douglas,michele.douglas@yahoo.con,911-371-1812,East Evan,VI
003412e0176ec,Kevin,Krause,kevin.krause@gmail.com,001-609-288-9081x5506,Stephaniemouth,CO
003032a093d31,Victoria,Stewart,victoria.stewart@yahoo.com,001-211-889-8273x41570,Smithburgh,KY
0035d52522987,Gregory,Garcia,gregory.garcia@yahoo.con,0012033922026,Port Whitney,MO
0030843117b89,Derrick,Hernandez,derrick.hernandez@gmail.com,(465)358-1166,East Krystalchester,WV
0037e74d4b5ce,Brenda,Smith,brenda.smith@hotmail.com,(860)305-4075x76279,Dustinberg,WV
003094dd37dc7,Ryan,Skinner,ryan.skinner@yahoo.com,(801)384-4576,Bryanfort,FM
0036bd6a69826,Cynthia,Hansen,cynthia.hansen@hotmail.com,001-766-689-8010x652,Calderonbury,SD
00397b0939ceb,Lisa,,lisa.walter@gmail.con,+1-465-749-0787,Claytonshire,MS
0035e25cf4b6a,Laura,Jones,laura.jones@gmail.com,+1-465-558-1675,Lake Brianborough,ND
003b9267af600,Michaela,Manning,michaela.manning@yahoo.com,968299936079848,Marybury,NV
003d7b16aaa0c,Debra,Robinson,debra.robinson@hotmail.com,738.810.0577x718,Thomasland,CT
003d3335123d1,Melanie,Payne,melanie.payne@hotmail.con,290-300-0242,Elizabethstad,WV
00399d6f6f6f0,Lori,Orozco,lori.orozco@yahoo.con,(389)914-9765x190,Timothymouth,OK
003b2364d79bf,Michael,Terry,michael.terry@yahoo.com,0018879087284010,East Patricia,GU
0030a288895c6,Allen,Butler,allen.butler@gmail.com,(902)593-9553x3251,New Anthonyton,NE
003ae285fefab,Michael,Garcia,michael.garcia@yahoo.com,1854610225267711,Guzmanmouth,DC
0032a2650ba7e,Victor,Malone,victor.malone@hotmail.com,810.210.9104,Mckinneyland,AK
00342b31c8b09,Wendy,Benitez,wendy.benitez@hotmail.com,38458054351501,South Gregoryborough,VA
00333287318de,Darrell,Sosa,darrell.sosa@hotmail.con,(776)605-3450x35816,Bennetthaven,TN
00303c4046368,Michael,Lewis,michael.lewis@gmail.con,543.683.2622x506,Rogerstad,WI
0030588103605,Michelle,Thomas,michelle.thomas@gmail.com,8052342026349,Jaredborough,DE
003b9534065e0,Michael,Jimenez,michael.jimenez@yahoo.com,(302)673-4151x4888,Johnview,ID
0037e3f9ad478,Catherine,Mendoza,catherine.mendoza@gmail.com,+1-511-648-3753x74584,Port Theresa,IN
00326a2634100,Joseph,White,joseph.white@gmail.com,0016395087884,Saraview,VI
0039686ee9fbe,Teresa,Howard,teresa.howard@yahoo.com,920-487-3753x0011,Stevenville,GU
00328c2583005,Dan,Black,dan.black@yahoo.con,001-546-812-7505x03609,New Cynthia,AS
0034847a0564e,Brenda,Kaiser,brenda.kaiser@hotmail.com,201-302-6390,New Benjamin,TX
003e4bba34c6e,Michelle,Butler,michelle.butler@yahoo.com,3093997494,Christinatown,WV
003db5e81d96b,Sara,Sampson,sara.sampson@gmail.con,001-677-926-1568x49331,Larrytown,UT
003ea7d58e8a0,Brandon,Alvarez,brandon.alvarez@yahoo.com,7056444713247,North Larry,NY
003299ebfcb12,Jared,Gilbert,jared.gilbert@hotmail.com,14575740271927,Jamesside,ND
00309f6e186a8,Shawn,Coleman,shawn.coleman@yahoo.com,(753)226-9097x3846,Lake Jessica,PR
003258128989f,Nicholas,Smith,nicholas.smith@gmail.com,928-716-4416x1019,East Elizabethside,AL
003445c860266,Susan,Holloway,susan.holloway@yahoo.com,558-713-7344x856,South Spencer,OH
003a074eb6a14,Sandra,Smith,sandra.smith@gmail.com,8905729485,East Amy,NH
00305291db8ad,Michael,Williams,michael.williams@yahoo.com,19646097777,South Gary,IL
0039ab2071e6e,Bryce,Thomas,bryce.thomas@gmail.com,8556337565697,Richardberg,MD
003059f5f8bad,Derek,Peterson,derek.peterson@yahoo.com,772.265.9764x0838,Michellestad,AS
003ecede65489,Janet,Thomas,janet.thomas@hotmail.com,691.232.5332x588,Kylehaven,WV
003f98dcf7051,Laura,Barber,laura.barber@hotmail.com,510.253.4053x47492,New Elizabeth,MP
0036361d9794f,Patricia,Garcia,patricia.garcia@yahoo.con,4764094837740,Mannburgh,DE
003457bad9c0a,Andrew,Pierce,andrew.pierce@gmail.com,(716)935-9322x7777,Garciamouth,NH
003319a7edab7,Frank,Vargas,frank.vargas@yahoo.con,447.901.3635,Morganbury,VA
0035fb7fb2a8c,Teresa,Campbell,teresa.campbell@yahoo.con,+1-540-831-7552,West Luis,WI
003606e674007,Margaret,Giles,margaret.giles@hotmail.com,532.334.5422,Denisemouth,NV
00375f8430010,Kimberly,Townsend,kimberly.townsend@yahoo.com,479401686181476,Baileyborough,AK
00386a2ca44fe,Grace,Page,grace.page@yahoo.com,001-757-919-8872x3075,East Frank,MT
00301b1754771,Christopher,Stone,christopher.stone@gmail.com,2958903579,New Karen,KS
003dab73e28fc,Alison,Warren,alison.warren@yahoo.com,895.357.1319x84449,East Jeffreyview,NY
003c06083244d,Christopher,Rogers,christopher.rogers@gmail.com,138652671368410,Lake Amberhaven,VA
0037d55dce68f,Cassandra,Webb,cassandra.webb@gmail.con,72165273818556,South Mackenzie,AZ
003c437ff4f90,Claudia,Flowers,claudia.flowers@yahoo.com,+1-447-373-2372x4929,Richardstad,MO
00365c33265fa,Jacqueline,Maynard,jacqueline.maynard@yahoo.com,562.408.9279x97934,North Stevenstad,KY
003b4347d5fbc,John,Rice,john.rice@yahoo.com,(202)238-2452x23686,North Luis,NE
0034e78bc4b73,Jeffery,Rowe,jeffery.rowe@hotmail.com,822367235611943,New Sarahview,LA
0032202fea930,Michael,Jones,michael.jones@hotmail.com,4986070272,West Brandy,VT
003b8a2c30172,Samantha,Barnes,samantha.barnes@yahoo.com,+1-934-581-4098x41016,Port Angelport,SD
003fa5e4180bf,Kevin,,kevin.moore@gmail.com,(348)524-8863,Sheltonshire,AS
003999005750a,Kerry,Smith,kerry.smith@gmail.com,+1-618-578-5037,East Larrymouth,GU
0032fd54f7098,Jonathan,,jonathan.hill@gmail.con,205.866.5776,North Anthony,ME
00307cb8a147c,Barbara,,barbara.cox@gmail.com,515-445-1643,Arnoldberg,WI
0030b5aefcec0,Robert,Mason,robert.mason@yahoo.com,(706)994-5684x70931,Pearsonside,ME
0035e723c999f,Derek,Hancock,derek.hancock@yahoo.com,3257431639,Lake Jamestown,MO
003498516b053,Crystal,Montgomery,crystal.montgomery@yahoo.com,(443)261-6966,Combsberg,PW
003633e856e09,Anthony,Powell,anthony.powell@hotmail.com,85637071812923,Susanville,UT
00301605d8f06,Cameron,Bolton,cameron.bolton@yahoo.com,(207)378-3635x096,West Henry,MT
00391c43d2532,Tyler,Leonard,tyler.leonard@gmail.com,9907641367,South William,FL
00382441cf446,Martha,Williams,martha.williams@yahoo.com,001-882-509-2257x09001,Paigeview,AL
00391f323da26,Zachary,Carter,zachary.carter@gmail.com,771-699-8290x7551,Traciborough,TX
0034716f8e58f,Judith,Wilson,judith.wilson@yahoo.com,8822723590,East Chadfurt,CO
0037df764c8ef,Scott,Weaver,scott.weaver@yahoo.com,2302876477,Fisherfort,UT
003ffd8715946,Erika,Perez,erika.perez@yahoo.com,(950)928-0041,South Connorport,AL
00317f9acd0bd,Jacqueline,,jacqueline.flores@yahoo.com,814506926005428,Port Alison,ND
0030cf1030605,Leslie,Ortiz,leslie.ortiz@hotmail.con,(667)869-2517,West Brittanytown,RI
00331faa1fc74,Kristin,Alvarado,kristin.alvarado@yahoo.com,2249564531,Marshallview,IN
003c8d6515fc5,Candace,Patton,candace.patton@hotmail.com,001-330-306-9858x8713,Ritaton,NY
003397db07b61,Jesse,Burton,jesse.burton@hotmail.com,0014664932692807,Kevinstad,IN
0032262671764,Benjamin,Collins,benjamin.collins@hotmail.com,001-477-525-4029,Port Shane,KS
00391b1fe6aa9,Gregory,Ross,gregory.ross@yahoo.com,977675935861341,Haroldfort,PR
0037f15e2407f,Ernest,Williams,ernest.williams@yahoo.con,715.704.1626x9222,Malonefort,VT
00311684564d7,Lori,Price,lori.price@hotmail.com,1549706082761002,Silvamouth,WI
003eb97c82ee7,Samuel,Hull,samuel.hull@hotmail.con,4744903312,West Shannonville,ME
00379512026d1,Holly,Robinson,holly.robinson@hotmail.com,327.827.2812,Chavezmouth,GU
0038e298f5e16,George,Williams,george.williams@hotmail.com,5243064976477,Adkinsside,PA
0035b690a3532,Zachary,,zachary.clayton@hotmail.com,63177367231010,Gonzalezport,NY
0035e4bc1ddef,Danielle,Shepard,danielle.shepard@yahoo.com,15335272795687,Port Amyhaven,ID
0036bf8a72b94,Alexander,Herrera,alexander.herrera@hotmail.com,+1-785-463-8028,Jennastad,MI
003bd35b7d21e,Mark,Johnston,mark.johnston@gmail.con,4848521661223,Saraburgh,AZ
003d76e739009,Lisa,Rodgers,lisa.rodgers@hotmail.com,342577097852539,Juanburgh,TN
003098b950730,Robert,Casey,robert.casey@hotmail.com,(420)356-6059x993,Davismouth,VT
003fd585e7c67,Holly,Banks,holly.banks@yahoo.com,465858685127652,South Karenside,CT
00359763c3337,Eric,Kelly,eric.kelly@yahoo.con,3426263262,Pierceton,WI
003339bb89914,Michael,Smith,michael.smith@yahoo.com,941.676.4344x105,West Kent,KY
003e2b911bd2a,Madison,,madison.garcia@gmail.com,598581029578822,South Kevin,AK
0032563897df4,Christine,Gordon,christine.gordon@hotmail.com,16799887754458,Whitemouth,MA
003d72e75e99e,Karen,Calderon,karen.calderon@gmail.com,+1-611-921-4477x520,Royshire,MP
00328bd5ed7d4,James,Lin,james.lin@hotmail.con,+1-407-338-4243,North Patrick,OK
003dd62bc89ab,Sean,Reyes,sean.reyes@gmail.com,+1-418-498-7557x983,South Jerrymouth,OH
0030ea2a2b6d0,Denise,James,denise.james@yahoo.com,763-488-2810,Mariastad,MS
003309390cca8,Morgan,Phelps,morgan.phelps@yahoo.com,+1-356-711-0022x55794,Port Erikchester,PW
0039a0a2cb274,Omar,Padilla,omar.padilla@hotmail.com,17518606071,South Meganbury,NE
003f8b46060c0,Leonard,Reed,leonard.reed@gmail.con,344-577-3244,Jamesshire,NE
0035d80c19da1,Tracey,Mooney,tracey.mooney@hotmail.com,643-776-1092x594,West Kristen,CT
003cdc3302c56,Jeremy,Curry,jeremy.curry@gmail.com,423.319.3945x627,South Jeffrey,RI
00368f41855cb,Laura,,laura.baker@gmail.com,937-391-1569,Parkerport,IA
00373db3b6444,Michael,Perez,michael.perez@yahoo.con,(906)805-6035x67932,New Christopherberg,WI
0032b74b87a38,Andrew,Golden,andrew.golden@yahoo.com,2062462788663,Hughesmouth,TN
003b474c2857d,Christina,Cohen,christina.cohen@gmail.com,766-729-7254x8354,Davidfurt,TX
00373000e32c0,William,Ramirez,william.ramirez@yahoo.com,542.875.8149x11715,North Angela,VI
00392385a2a13,Marissa,Stevenson,marissa.stevenson@yahoo.com,(686)461-8248x741,Ginaburgh,CO
003512372dc2d,James,Hill,james.hill@yahoo.com,001-771-742-2410x98813,Bergerton,CT
0030f106fab22,Gilbert,,gilbert.koch@gmail.com,895480901517489,Calebstad,GA
003cb245d2334,Kelly,Scott,kelly.scott@gmail.com,(532)351-4488x11210,Gregoryborough,ND
0038ada001554,Summer,Olson,summer.olson@gmail.com,(448)730-1092x74179,Susanchester,MO
00311cf9a25c4,Lindsay,,lindsay.stanton@yahoo.com,0014532454797,Port Tyler,MD
00387fed718fb,Andre,Davis,andre.davis@hotmail.com,+1-382-790-3749x40082,Snyderbury,OH
003b919e9f92d,Joseph,,joseph.conner@yahoo.com,534407328456889,New Josephborough,ID
00333799e229c,Joseph,Ramos,joseph.ramos@yahoo.con,513859266486989,New Dennisburgh,AR
003b062d347dc,Ronald,Clark,ronald.clark@hotmail.com,3308796932154,Smithtown,SD
003d9c55ddabf,Dylan,Garcia,dylan.garcia@yahoo.com,+1-892-976-5160x35008,Lake Tammy,KY
003bfe4e20419,Sharon,Bauer,sharon.bauer@hotmail.com,54361603250394,Swansonmouth,AS
0031be164b85b,Matthew,Ortega,matthew.ortega@gmail.com,00178363339395786,Williamsborough,MA
0031260810eec,Kevin,Rasmussen,kevin.rasmussen@gmail.com,6727596522924,Jesuschester,VI
0036cbe73c7c7,Michael,,michael.kim@yahoo.com,+1-833-652-1970,West Jose,NH
0032b280bb85f,Ronald,Gonzalez,ronald.gonzalez@yahoo.com,001782756485864766,Mcleanmouth,CA
003a67f400b6d,Erica,Zhang,erica.zhang@gmail.com,820-862-2609x31642,South Christophermouth,DE
003671c57a7bf,William,,william.kaiser@hotmail.com,321.817.0889x480,Samueltown,ND
0035a11dc48b6,Ronald,Bailey,ronald.bailey@yahoo.com,001-478-520-1904x32230,Lake Rhondaborough,MN
0034d89a4a556,Richard,Flores,richard.flores@yahoo.com,2119017992,Leeberg,OR
003f64f8b2227,Rhonda,Sanchez,rhonda.sanchez@hotmail.com,314.525.6035,Kylefort,ME
003a822f81fe5,Jeremy,Garcia,jeremy.garcia@hotmail.com,137550095614880,Dorothyborough,SD
003e0e7ead3b1,Renee,Roman,renee.roman@yahoo.com,9073679575,Langshire,KS
003265a4e9c3c,Nicole,Alvarez,nicole.alvarez@hotmail.con,930-387-8037x8253,Kristinmouth,NM
0034352b339f9,Leah,Mckinney,leah.mckinney@yahoo.con,454-227-2447x53987,West Erica,VA
0034d8fdaaa44,Cassandra,Carlson,cassandra.carlson@gmail.com,(581)660-6360x777,Johnsonstad,KS
0030c3707729c,Destiny,Hanson,destiny.hanson@hotmail.com,+1-325-867-9746x3177,Port Anna,IL
003735519f02f,Robert,Taylor,robert.taylor@gmail.com,940-959-3898x3333,New Cristina,AS
003b23598acbd,Shawn,Wells,shawn.wells@gmail.com,+1-272-797-0345,Courtneyborough,RI
00308a77d2445,Brooke,Aguilar,brooke.aguilar@gmail.com,+1-970-414-2620x370,East Mikeshire,NY
0032e47a92872,Kelly,Brown,kelly.brown@hotmail.com,+1-220-538-7459x3085,Lake Joseph,TX
003536d5e3aea,Danielle,,danielle.parker@hotmail.com,(810)800-0718,New Sarah,VI
003143589d6fe,Andrew,Lee,andrew.lee@hotmail.com,470.656.4529x678,Sanchezport,MH
003384ffdc618,Pamela,Jones,pamela.jones@yahoo.com,001-649-285-7742x73598,Stevensview,MH
003a8d3bb0cf0,Johnathan,Wilkerson,johnathan.wilkerson@gmail.com,+1-515-659-6363x212,West Natasha,FL
0031df7534c07,Cory,Jones,cory.jones@hotmail.com,9715898424,Baxterside,AS
003c07d6aae35,Janet,Harris,janet.harris@hotmail.com,391-682-5537,Samanthashire,CO
0038e868d6c3c,Kim,Beck,kim.beck@yahoo.com,521.774.3574,Leeside,IN
00350c705a1c3,Michael,Stevenson,michael.stevenson@yahoo.con,001-322-699-5521x5723,Rogersshire,VT
003e2df9e4eb4,Christopher,Fowler,christopher.fowler@yahoo.com,7335736090857,North Ericshire,GA
0030ef6fcb48a,Eileen,Becker,eileen.becker@gmail.com,(669)226-9870x108,Lake Christopher,MN
003793770985d,Marc,May,marc.may@hotmail.com,3694172847127,Tammymouth,WI
003fbf4d0d8f3,Erin,Pittman,erin.pittman@yahoo.com,+1-904-264-0014x9133,West Stevenbury,MI
0039b936e8b50,Matthew,Smith,matthew.smith@hotmail.com,3443046913,Salinasport,HI
003bb2344d902,Alex,Graves,alex.graves@gmail.com,(302)653-2484x0599,Davisbury,MN
00354c5977769,Joshua,Martinez,joshua.martinez@hotmail.con,+1-766-952-4041,East Brent,MH
00355ac83f758,Patrick,Rios,patrick.rios@yahoo.com,993.765.9455x70172,Port Ryan,DE
0037de3856984,Gail,Arnold,gail.arnold@gmail.com,001-456-734-7438x288,Port Joshuaton,MH
003d0384bd9b9,Nicole,Daniel,nicole.daniel@yahoo.com,208.794.8706,Patelmouth,AL
0033fefb04587,Patrick,Bray,patrick.bray@gmail.con,7359064720,Chelseyborough,NJ
0037015c7eadb,Sarah,Thompson,sarah.thompson@gmail.con,+1-836-236-4769x270,Romantown,ID
0034efbe1a330,Madeline,Robinson,madeline.robinson@gmail.com,8765489455817,Robertville,VI
00329ac427686,Jessica,Ellis,jessica.ellis@yahoo.com,00172195446479761,New Matthewbury,NY
003efb0848584,Bryan,Edwards,bryan.edwards@yahoo.con,677-641-6867,North Brandonfort,AZ
003b53e1a7181,Jessica,Davis,jessica.davis@yahoo.com,001-374-333-3434,Port Douglasshire,KS
0032b7a88f44b,Richard,Collins,richard.collins@hotmail.com,878-500-7924x636,Adkinston,RI
0032f36dbe4f8,Christopher,Daniels,christopher.daniels@yahoo.com,(609)250-3545x136,Brendatown,ID
003aedfb95ad1,Kimberly,James,kimberly.james@gmail.com,224-894-7002x519,Washingtonmouth,MS
0034d5ded0290,Ellen,Gonzalez,ellen.gonzalez@gmail.com,542-804-3805x7198,Tammyton,AL
003dcc4eb0d52,Ryan,Freeman,ryan.freeman@hotmail.com,163392621003858,New Allisonborough,MT
003b151bb3296,John,Bowen,john.bowen@gmail.com,3062876164,Port Jose,GU
003e248595b89,Margaret,Beasley,margaret.beasley@gmail.com,(335)421-7921,Rachelhaven,CO
003e9a148bd0f,Seth,Burton,seth.burton@hotmail.com,+1-661-417-1340x25006,Donaldchester,TX
00356258ff6df,Michelle,Kent,michelle.kent@hotmail.com,(801)293-7728x6756,East Ronaldfort,DC
003dc04c1595b,Michael,Wilson,michael.wilson@hotmail.com,3856825394788,Baxterton,WI
003128e365775,Brittany,Thomas,brittany.thomas@yahoo.con,59552797132031,Port Kyle,IN
00317f0af3d6a,Samantha,Ford,samantha.ford@yahoo.com,229-786-0377,Barberside,WI
003cddcb4f080,Jennifer,Roberts,jennifer.roberts@yahoo.con,618-632-8401,Leeberg,VI
003a4675da6ca,Joshua,Wood,joshua.wood@yahoo.com,672-515-6229,Hannahberg,WI
0039f8bad782c,Christine,Walters,christine.walters@gmail.con,358-695-9635x53872,Underwoodchester,KS
003d844073400,Kyle,,kyle.cohen@hotmail.com,985-861-2874x991,North Thomasborough,ND
0031b7108d5ef,Anthony,Mclaughlin,anthony.mclaughlin@gmail.com,+1-879-980-1347x209,Jasonfurt,NH
003c52ef96dd5,Ronald,Campbell,ronald.campbell@gmail.com,495-256-5749x02504,Lake Jessicafurt,WV
0039495402fa9,Amanda,Hall,amanda.hall@hotmail.con,6199955089775,Thompsontown,CT
003fb219d5a73,Tyler,Kline,tyler.kline@gmail.com,7455098063,West Meganshire,KY
00312e1294697,Jessica,,jessica.lewis@gmail.com,13015318434,North Sean,KS
00326e1788f7c,Ryan,Bell,ryan.bell@hotmail.com,4228411341481,Port Sylvia,SD
003ffd5a43c43,Alice,Vargas,alice.vargas@gmail.com,917-313-0370,Phamberg,NV
00317ee9497e0,Judy,Clark,judy.clark@yahoo.com,00182063771070449,East Nicolas,TN
00386b90c7580,Erik,Hester,erik.hester@gmail.com,(374)417-6208,West Michelle,MI
003d4a3b9fcdd,Olivia,Lopez,olivia.lopez@hotmail.com,9212245824,Shaneborough,MT
003caa993711a,Jeremy,Mills,jeremy.mills@yahoo.com,969-322-0966x4087,New Josephberg,HI
003c19a89ff47,Bridget,Farrell,bridget.farrell@hotmail.com,581.554.8361x1538,South Sherri,NH
003f8226afdf6,Tony,Taylor,tony.taylor@yahoo.com,(351)408-6612,Lake Josephshire,OK
003d7f67aba88,James,Lowe,james.lowe@gmail.com,313-450-3978x514,Gregorybury,NH
003c164199719,Mark,,mark.evans@yahoo.com,4165833142147,Doughertyland,MH
003761a6d4500,Sierra,Murphy,sierra.murphy@yahoo.com,4476779320,Trevorborough,PW
0035a452a5e12,Erica,Vargas,erica.vargas@hotmail.com,32473138721677,Lake Angela,RI
00302bbdd2912,Alice,,alice.kane@gmail.com,001-300-271-3659,South Melissaburgh,GU
0039f9195d316,Elizabeth,Gutierrez,elizabeth.gutierrez@gmail.com,1218553111281779,Bonnieview,MA
003835a0a3072,Kathryn,Matthews,kathryn.matthews@hotmail.com,325-430-4289x7317,Adamsfurt,SC
00376ca37385a,Derek,York,derek.york@yahoo.com,(925)534-9292x98316,South Tinaton,NJ
003c533d85c0d,Claudia,Poole,claudia.poole@yahoo.con,908-789-5930x320,Jamesbury,AK
0034b2ffdf17d,Jonathon,Castro,jonathon.castro@gmail.con,4962633266,South Denisestad,OK
003c195d88c1f,Mike,Anderson,mike.anderson@yahoo.com,653.807.4401x43664,Joneshaven,OK
0039fc5ef94b9,Cassandra,Newman,cassandra.newman@hotmail.com,(988)834-9538,Patriciaborough,WA
0030c2796014f,Megan,Keller,megan.keller@hotmail.com,22091216956735,Lake Dylan,RI
003733fe0130c,Betty,Johnson,betty.johnson@gmail.com,588-966-0732x6447,South Colin,MT
003155a3917c9,Brett,Parker,brett.parker@hotmail.com,001-274-921-2309x40777,New Joshua,SC
0032faba7ef09,Joseph,Morgan,joseph.morgan@hotmail.con,001-452-659-8649,Greenmouth,MD
00372a5200251,Tara,Wright,tara.wright@gmail.com,874.229.6555x6874,Port Jeremy,NV
003f279b11fc6,Charles,,charles.stokes@hotmail.com,850.940.9370x1185,Dorseyberg,NY
0032459d3e780,Stephanie,Lee,stephanie.lee@yahoo.com,402-820-8257x9100,Daniellebury,MO
00381a93e14e6,Jesse,Stewart,jesse.stewart@yahoo.con,(443)594-4280x5400,Gabrielleshire,AK
003c4cf96f334,Steve,Rose,steve.rose@yahoo.com,(390)444-8467x3322,Lake Christina,MD
00352a06b09b5,Wendy,Patterson,wendy.patterson@yahoo.com,+1-896-577-7619x20297,North Ricardostad,ID
003b6b41eb2c8,Trevor,Simpson,trevor.simpson@hotmail.com,001-240-731-0595x325,Lake Kenneth,OR
0033042065b7d,Christopher,Castillo,christopher.castillo@yahoo.com,498.780.2720x9935,Jimenezton,AL
0039c4a35259e,Brian,Moss,brian.moss@gmail.con,990-276-6704x264,Gregorychester,LA
003fdbf82f3a3,Danielle,Harris,danielle.harris@hotmail.com,327-653-6749x78524,Gibsonside,OR
003bebedd51fa,Candace,Collins,candace.collins@yahoo.com,001-246-238-2213x6119,East Thomas,NE
003c9fd251ff7,Kristin,Dean,kristin.dean@hotmail.com,(716)822-9991x19148,South Pamelamouth,UT
00340c6c0e97e,Brad,Lee,brad.lee@hotmail.com,281-711-2976x4072,Laurashire,KS
003c305b13e9b,Glenda,Patton,glenda.patton@gmail.con,553-888-4697x53847,Port Markhaven,WA
0032065e80ade,Erik,Lindsey,erik.lindsey@gmail.com,361.261.8808,Robinsonstad,WA
0035c4243b23c,Heather,York,heather.york@hotmail.com,515.311.0817,Ballfort,MT
003a8bc463432,Michael,Russo,michael.russo@yahoo.con,0014136000375,South Jennifer,DE
0039ac9477454,Renee,Smith,renee.smith@hotmail.com,(761)453-4735,Rowlandbury,PW
0030e8270df12,Barbara,Walter,barbara.walter@gmail.com,32995449669542,Kevinshire,TN
003752a39c68d,Brooke,Hernandez,brooke.hernandez@hotmail.com,(946)374-7468,Wallerstad,MS
0037705b742df,Jocelyn,Jackson,jocelyn.jackson@gmail.com,478.223.6813x1434,South Emilyton,SC
0032cc7498d4e,Nathan,Romero,nathan.romero@gmail.com,(873)765-4749,North Michael,OH
003364e09214b,Amber,Armstrong,amber.armstrong@yahoo.com,6585980623,Shepardside,CO
003292a3de425,James,Saunders,james.saunders@hotmail.com,545-924-9054x132,Jessicamouth,SD
003de18c7fb64,Susan,Lopez,susan.lopez@hotmail.com,163149531921068,Sandrabury,AK
0030c90453c7e,Amanda,Howell,amanda.howell@gmail.com,553-330-3569,Barnesburgh,ND
003521e1e1ded,James,Walker,james.walker@hotmail.com,+1-353-641-0345x550,South Donna,AS
003f129e17f1d,Sarah,Rhodes,sarah.rhodes@hotmail.com,565.523.7772x96656,North Anthonyberg,NJ
00370a37960f4,Yolanda,Taylor,yolanda.taylor@gmail.con,+1-821-951-9709x62731,Mossmouth,NY
003f37768c671,Stephen,Ayers,stephen.ayers@yahoo.com,7428059868,North Sabrinachester,VA
003c277695f10,Jennifer,,jennifer.morton@yahoo.con,001-581-889-5812,Ashleyton,IL
003ff8b824752,Stephanie,,stephanie.watson@yahoo.com,530.790.7406,Richardsonberg,MA
0033b317fd282,Heidi,Finley,heidi.finley@hotmail.com,757.932.4696,Hatfieldville,AL
00303a0c6385c,Allison,Fernandez,allison.fernandez@hotmail.com,+1-789-217-8791,East Andrew,CO
003cbbed89b02,James,Johnson,james.johnson@gmail.com,001673594968557126,West Jeffrey,ME
003ef5bf30e9e,Katherine,Russell,katherine.russell@gmail.com,00182339982137455,Crystalmouth,IA
003aae2d7e075,Debra,Clark,debra.clark@gmail.com,336.434.6692x548,Ronaldmouth,NE
003eccbd847fd,Abigail,Hanson,abigail.hanson@hotmail.com,308-958-9944,North Linda,AS
00388b548c30f,Gabriel,Davis,gabriel.davis@gmail.com,9512283370,South Phillipberg,FM
003949165feee,Brendan,Hogan,brendan.hogan@hotmail.com,00163874868174791,Jenniferbury,MI
0031f4a9a964b,Heather,Bush,heather.bush@hotmail.com,324.510.2856x307,Olsonburgh,AZ
00364b177bd12,Melissa,Goodman,melissa.goodman@yahoo.com,902-868-0330,Lake Calvinborough,CA
0039d7ea1f2f2,Shannon,Horn,shannon.horn@yahoo.com,5443756195,New Erin,MO
0037c8728412a,Allen,Yang,allen.yang@yahoo.con,9269016459,Wilsonburgh,SD
0034f1b49e96e,Alyssa,Leon,alyssa.leon@hotmail.com,843-980-2089,Port Derekside,OK
0032cab4985b0,Mariah,Dawson,mariah.dawson@gmail.con,719-957-6112x93295,Lake Louisland,UT
003210bcf6236,Cindy,Turner,cindy.turner@hotmail.com,950-750-6815x11462,Jerryhaven,MP
003c9b6cc1128,Michael,Weber,michael.weber@gmail.com,9033606778,East Sandraport,OK
0035dd8a90d1e,Robin,Carter,robin.carter@hotmail.con,4569947619,Ericview,TN
0036d0ace37d6,Antonio,Franklin,antonio.franklin@yahoo.com,285-799-7526x570,Thompsonbury,OK
00338f713ab88,Carl,Fields,carl.fields@gmail.com,(503)344-6945x964,Riverashire,PA
0034432182a63,Mathew,Roth,mathew.roth@hotmail.com,+1-829-557-8650x9525,North Kayleemouth,KY
0030512d44373,Theodore,Hall,theodore.hall@yahoo.com,283-499-5578,Andersonport,MN
003510606da65,Kathleen,Dickson,kathleen.dickson@yahoo.con,6062197500381,Ellenport,UT
003da76349238,Stanley,,stanley.clark@gmail.com,0013229271117576,Raybury,AZ
0036737d96807,Nancy,Villanueva,nancy.villanueva@hotmail.com,9243484345,Lake Christinafurt,VT
003638bae3a2e,Mallory,Cooper,mallory.cooper@gmail.com,5266077214,Hunterside,OK
00337f1d515fb,Tiffany,Thompson,tiffany.thompson@yahoo.com,+1-403-247-3758x36837,Lake Kenneth,MP
0030a66d1e64d,Anne,Johnson,anne.johnson@hotmail.con,001-382-847-7075,New Deborah,CA
0034ddda0a8e4,Dorothy,,dorothy.smith@hotmail.con,956-253-4699x7990,Stacyfort,AK
003dd49bcf045,Mary,Davis,mary.davis@gmail.com,18444760779,West Ashleyfurt,UT
00323c3cd820f,Joseph,Ramirez,joseph.ramirez@yahoo.con,0019636502000534,Lake Andreaberg,MA
003a866e77541,Christopher,Rogers,christopher.rogers@yahoo.com,960-342-6144,Rodgersport,VA
0034007ef8369,Samuel,George,samuel.george@yahoo.con,001-459-940-1399x0490,Robertfort,LA
00351f7d8b239,Brenda,Howard,brenda.howard@hotmail.com,59260692753481,West Jessica,NH
0036dedcb388a,Billy,Jones,billy.jones@hotmail.com,001-922-516-8974x53714,East Robertchester,MI
003b441d409ee,Robert,Hayes,robert.hayes@gmail.com,793.371.4521x117,Port Duane,WI
0034cd2fd90a0,Justin,Hayes,justin.hayes@yahoo.com,17032223477146,North Blake,DE
003bee2bfafb8,Jennifer,Williams,jennifer.williams@hotmail.com,658.289.7435,Pricemouth,TN
00333e91c037d,Joe,Barber,joe.barber@gmail.com,3816854805,Rebeccaton,OR
0037a457b5ba3,Adam,Doyle,adam.doyle@gmail.com,188382152900741,East David,ME
0036e4dcc9bf7,John,Smith,john.smith@gmail.com,(976)622-3984,Brownhaven,WI
003a8b70227d6,Evan,Glass,evan.glass@gmail.con,0012225666788,Port Louis,ND
00373de8ef0ec,Joshua,Elliott,joshua.elliott@yahoo.com,9956060958062,Christianberg,TN
0036ccc9cb355,Katherine,Huber,katherine.huber@yahoo.com,56869254292577,West Danielfort,KY
00352be94c47b,Christopher,Hines,christopher.hines@gmail.con,(772)657-7261,West James,NC
003433e4568a2,Michael,Cunningham,michael.cunningham@hotmail.com,670.674.5991x530,East Brookehaven,MO
003e22e87d885,Victoria,Mcgrath,victoria.mcgrath@gmail.com,2232941429,Lorettaville,AL
0031cb2ceae01,Timothy,,timothy.higgins@gmail.com,2625823088,Lake Leah,PR
00321ac5b11d9,Rachel,Roberts,rachel.roberts@hotmail.com,(792)298-4783,Garciashire,AZ
003e3a0b9821e,Victoria,Allen,victoria.allen@gmail.com,741-638-4596x094,South Alanton,MI
00316b952ef3c,Stephanie,Macias,stephanie.macias@gmail.con,18147983502,North Julia,PW
003bbec08d4c9,Sharon,Keller,sharon.keller@gmail.com,366.699.3617x327,Roberttown,NE
003523945a925,Emily,Wilson,emily.wilson@hotmail.com,500.703.0756x22086,East Jeffreyhaven,AZ
003608e78c06c,Joseph,Baker,joseph.baker@gmail.com,(215)460-9514x277,North Rebeccachester,HI
003eda9b79400,Chris,Wolf,chris.wolf@gmail.con,44460090372247,West Debbieton,OH
0035e39cdafa3,Mary,Arias,mary.arias@hotmail.com,(591)902-7440x65033,Adammouth,NY
003307f25985c,Maria,Clements,maria.clements@gmail.con,984-495-1105x596,Jacksonshire,DC
003702e1cade3,Brittany,Lewis,brittany.lewis@hotmail.com,649.370.4703x40529,Lake Sara,AZ
00332cf17c0d4,Nicholas,Bowman,nicholas.bowman@gmail.com,266.710.9165x04939,East Tamarafurt,MP
00333fcef10a7,Michael,Guzman,michael.guzman@gmail.com,(493)907-7890x5701,North Amy,DE
0033689983c55,David,Smith,david.smith@yahoo.com,+1-661-625-8566x14699,Kyliemouth,MD
0032dbd1a97ff,Ashley,Chen,ashley.chen@hotmail.com,598.450.2110x9099,Johnsonport,AS
00319ab0c9464,Kevin,Allen,kevin.allen@hotmail.com,301.994.0945x17790,Martinezbury,NE
003ca79fbb682,James,Anderson,james.anderson@hotmail.com,894.984.7714,New Jasonburgh,NM
003b592d19387,Russell,Brown,russell.brown@yahoo.con,49359150489859,Michelleberg,WA
00340c3ed1a66,Patricia,Gibbs,patricia.gibbs@hotmail.com,(521)389-2721x072,Lake Courtneyshire,NM
003b055349b5c,David,Page,david.page@hotmail.com,3985474018076,Carolview,VA
003a88940acf1,Kenneth,Owens,kenneth.owens@gmail.con,0013604012228,Port Meganville,SC
003d49da38df6,Edward,Smith,edward.smith@hotmail.com,701-853-5346x607,Nicoletown,AS
003adce28c7bd,Andrew,,andrew.garcia@yahoo.com,7066907159,East Jackstad,WY
0035710857a34,Samantha,,samantha.moody@hotmail.com,001-265-297-7597x7673,West Taylor,LA
0031c5e9be505,Daniel,Mcfarland,daniel.mcfarland@yahoo.com,001-835-708-3700,South Jamestown,NJ
003e22785d726,Kimberly,Edwards,kimberly.edwards@hotmail.com,001-226-844-0841,Reynoldsmouth,MH
003d415d0a8e4,Diana,Kemp,diana.kemp@hotmail.com,1465883483483586,Smithhaven,MH
00354eef5c695,Troy,Thomas,troy.thomas@gmail.com,17768766180,Michaelton,TX
003ffc908dbbe,Jocelyn,,jocelyn.moore@gmail.com,001-288-686-4650x893,Port Samuel,PA
00339c6860ebe,Kristen,Garrison,kristen.garrison@yahoo.con,820515720185962,Port Stevenfurt,KY
0030d62ff7ad6,Sean,Rodriguez,sean.rodriguez@yahoo.con,2254449655,Mezamouth,AL
00359427f933c,Nicole,Abbott,nicole.abbott@gmail.com,928-874-4029x13322,South Jonathanborough,MH
003bc01a30927,Stephen,Gilbert,stephen.gilbert@gmail.com,(554)498-3910,North Vanessamouth,HI
00335ced25fb8,Barbara,Powers,barbara.powers@hotmail.con,0019393687186,Millershire,IN
0037d407c6bda,Laura,Davis,laura.davis@hotmail.com,001-410-520-8740,East Andrew,SC
00384481a0d11,Jennifer,Moore,jennifer.moore@yahoo.com,6942206615,Port Edwin,MP
0034cb3435611,William,Sanchez,william.sanchez@hotmail.con,9067448854,New Leah,MD
0032d26dca447,Crystal,Wilson,crystal.wilson@yahoo.com,457-471-8074,Lake Jonathonshire,AL
003ec5f04e32d,Michelle,Kelley,michelle.kelley@gmail.con,9047879788,Glasston,ID
003f4c1674e9d,Donna,Owens,donna.owens@hotmail.com,001-630-375-0475x7097,Timothyland,PA
00343f5e2902c,Laura,Gross,laura.gross@hotmail.com,+1-967-204-4777x14057,Lake Mariahside,MD
0031360ecf13d,Amanda,Mcdonald,amanda.mcdonald@hotmail.com,564-711-9771x3448,North Erikaside,HI
003f301f1b965,Shelby,Berg,shelby.berg@hotmail.com,(293)510-2707,North Tylerbury,CA
003b9355e1bee,Scott,Franco,scott.franco@hotmail.com,(703)442-7156,South Teresa,CT
00368cbba9782,Jennifer,,jennifer.roach@yahoo.con,18702931706955,East Melissa,SD
003b3bf867d9c,Richard,Mccoy,richard.mccoy@gmail.com,2828965612,New Josestad,AR
003a49e16a857,Laura,Garcia,laura.garcia@gmail.com,001-266-410-9410x1759,South Lisa,AS
003452f426c0e,Nicole,Marquez,nicole.marquez@hotmail.con,(636)604-0245x1719,New David,NV
0036c669a1118,Helen,Allison,helen.allison@yahoo.con,668.397.9903x238,East Samantha,FM
0036a0ab7d8ae,Christopher,Hansen,christopher.hansen@yahoo.con,723.507.4874,Lake Donna,OR
0031431a5171d,Alexandria,Owens,alexandria.owens@yahoo.com,(327)718-5186,Port Derrickberg,CT
0034014af7535,Diane,White,diane.white@gmail.com,(763)728-0858,South Russellbury,SC
003ad4c1ad175,Michael,Keller,michael.keller@gmail.com,1790275250377765,Waltersberg,TN
0032e0843c88b,Thomas,Jennings,thomas.jennings@hotmail.com,5844921373,Brownville,MI
0032d816bf589,Hunter,Huff,hunter.huff@yahoo.com,001-533-475-3614,New Maryview,SC
0030d22e6f8fb,Daniel,Munoz,daniel.munoz@gmail.con,001-966-980-7310x017,East John,MD
003a0c8c8caf7,Matthew,French,matthew.french@yahoo.com,9447997278,Williamsfort,VT
0038cba4f2196,Charles,Simon,charles.simon@hotmail.com,5147518656,East Aaron,VI
0038b10419ac3,Shawn,Greene,shawn.greene@hotmail.com,5699981892,Kingside,RI
003a2ed15d487,Kevin,Greene,kevin.greene@hotmail.com,001-685-953-1227x664,Kellihaven,AK
003a3f49de542,Kathleen,Yates,kathleen.yates@yahoo.com,828-887-3449x668,North Meghanmouth,PW
003bc1dbaab61,Brian,Miller,brian.miller@hotmail.com,+1-849-350-7786x0248,North Clintonburgh,SC
003d82bdda8d6,Angela,,angela.stanley@yahoo.com,401.797.4357x529,North Matthewside,DE
003de757817a6,Ronald,Smith,ronald.smith@hotmail.com,759.638.4163,Port Sarahfurt,TX
003d6a4de5eca,Suzanne,Smith,suzanne.smith@hotmail.con,6585291731,Davidchester,MT
003a9daf61a37,Kevin,Garrison,kevin.garrison@gmail.com,488-895-9491,West Jeffreyborough,WY
003f4e8de3ad4,Bryan,,bryan.ellison@hotmail.com,(388)896-1242,Lake Kevinport,FM
003668e80c250,Nancy,Carr,nancy.carr@gmail.com,3309655335,West Sarahbury,TN
00358cbe5de25,Matthew,Ponce,matthew.ponce@hotmail.com,+1-683-863-3319x33382,Porterburgh,AK
0030c2b801aea,David,Lucas,david.lucas@hotmail.com,735-799-2271,West Benjamin,PA
003562e874660,Jason,Andrade,jason.andrade@gmail.com,754-705-6269,Burketown,OK
00337ae997f37,Sherry,Garcia,sherry.garcia@gmail.com,1310586806793289,Erinfurt,FL
0032ee5f29b46,Danielle,Harris,danielle.harris@hotmail.com,5015647850609,Amandaville,OK
0032146de36e3,Louis,,louis.williams@gmail.com,2677480957394,Port Jesusland,MI
003b191af435d,Kari,Hill,kari.hill@gmail.com,0017758082903,Lake Nicholas,PW
003064f48eaa7,Tracy,Vasquez,tracy.vasquez@hotmail.con,001-580-530-2492x300,East Karenview,IL
0038a37dca730,Brenda,Carter,brenda.carter@yahoo.com,+1-565-415-8237x271,Molinachester,FM
0031adf5e6234,Katelyn,Gross,katelyn.gross@gmail.com,904-217-3722x34267,Brownhaven,GU
00303b1a7df8d,Steven,Perkins,steven.perkins@yahoo.com,891-424-5968x982,East Charlesville,LA
00300313da0e9,Christopher,Brandt,christopher.brandt@yahoo.com,984-282-7759x47922,Conleyfurt,IL
003c0f85de510,Jonathan,,jonathan.hernandez@gmail.com,(417)578-5263x730,Christophertown,OK
00365adfcb0ba,Kevin,Miller,kevin.miller@hotmail.com,+1-314-497-7418,Jasonview,NE
0038dbd9408fa,Deborah,Lopez,deborah.lopez@gmail.com,+1-989-867-1425x47096,Port Kimberlytown,NV
00375857fefaa,Kimberly,Marshall,kimberly.marshall@gmail.con,991937189490580,Laneshire,AR
0038aed7d85a4,Crystal,Fox,crystal.fox@gmail.com,0013613172217863,East Austin,ID
0032315946d36,Cynthia,Lewis,cynthia.lewis@yahoo.com,8388057121,New Anne,AR
00308819d2e6c,Justin,Young,justin.young@gmail.com,2558942141,Ericborough,FL
0036fe6eaf190,Hannah,Hicks,hannah.hicks@yahoo.com,332.872.2437x581,West Elizabethmouth,NV
00360a1d5fdc1,Danielle,Smith,danielle.smith@gmail.com,447.313.7058x77522,Deanton,ID
00302eeccb258,Stephanie,Cook,stephanie.cook@hotmail.con,8194473779,Hudsonfort,OH
0030694427f28,Wendy,Wallace,wendy.wallace@hotmail.com,747-797-3418,North Christianstad,RI
003a42e4250b0,Karen,Burgess,karen.burgess@yahoo.con,18109580108,Paulmouth,IA
0037705a8d6aa,William,Cross,william.cross@yahoo.com,28891609306853,Stephaniechester,NM
003e60e9833dc,Kelly,Smith,kelly.smith@gmail.com,7563753957,South Maryton,MS
003819ead220d,Michael,Gonzalez,michael.gonzalez@yahoo.com,450.892.6925,Lake Gregory,TX
00354f66d78e7,David,Rodriguez,david.rodriguez@yahoo.com,+1-257-935-1549x6066,Kennethmouth,MA
003e229a258c5,Jason,Quinn,jason.quinn@gmail.con,6086186702,Michelleland,CA
00327f6c1e8ae,Ryan,Robinson,ryan.robinson@yahoo.com,3072349538,Omarfurt,CT
00314cc50d659,Christopher,,christopher.davis@gmail.con,18749527193,Lake Valerieville,WY
003c783afb3fe,Lisa,,lisa.morrison@gmail.com,341-368-2497x70549,South Michaelbury,MI
003d4761df4f2,Gina,,gina.sparks@yahoo.com,472.842.9543x165,Williamsonview,FL
00380fe49d808,Tara,,tara.ellis@yahoo.com,0014615410966159,Lauraton,NE
0039ab2dea609,Monica,Long,monica.long@gmail.com,001-677-494-2921x01727,Suttonchester,IA
003974b95db76,Tanner,Miller,tanner.miller@hotmail.com,253.241.1573x309,East Julie,VA
00325eb8eac2f,Elizabeth,Evans,elizabeth.evans@hotmail.com,0012222257164,Rangelborough,PA
003c60af21636,Amanda,Stevens,amanda.stevens@hotmail.com,001-887-508-5289,Littlefurt,ND
003d6d14198b7,Jacob,Schultz,jacob.schultz@hotmail.com,(397)550-7838x8655,Hoffmanchester,AR
0036bfc6e8ac1,Denise,Leonard,denise.leonard@gmail.com,659.588.9786x533,Hunterville,FL
0037e8fd51c68,William,Sanchez,william.sanchez@gmail.con,702-619-2378,Briantown,DE
003e85f4133b7,Judy,Miller,judy.miller@hotmail.com,001-234-861-1926x33930,West Rita,CO
003c20206ad5d,Jennifer,Pierce,jennifer.pierce@yahoo.com,001-697-984-2553x96116,Alexandrafort,ME
003fe2b934cad,Christy,Mcguire,christy.mcguire@hotmail.com,+1-581-416-6497x248,East Jonathan,WY
003f6b6627ef5,William,Mcbride,william.mcbride@gmail.com,1964210220583595,South Randy,GU
0035d706780e6,Richard,Nolan,richard.nolan@hotmail.con,(568)305-8000x5895,South Shawnview,RI
003f6a7b580d4,William,Smith,william.smith@yahoo.com,(498)973-2975x8456,Sweeneyhaven,KY
0038a391d4bb4,Kelly,,kelly.walters@gmail.com,(930)847-7866,North Kristi,CO
0039d47b71b6a,Cheyenne,Hanson,cheyenne.hanson@gmail.con,852-730-0516,Rachelhaven,CA
003f3901c9f97,Amanda,David,amanda.david@hotmail.com,182678898515519,Davidbury,MI
00383e36ee64b,Thomas,Frey,thomas.frey@yahoo.com,+1-387-957-4465x4482,Mullenview,GU
00337aad8cbdf,Christopher,Miller,christopher.miller@hotmail.con,+1-220-360-4540x96823,Spencerborough,VI
003f6ec5a1f1d,Adam,Walker,adam.walker@yahoo.com,3177887844,Kingmouth,AS
00327e95ec505,Glenn,Pearson,glenn.pearson@gmail.com,9914031280,Austinfurt,IA
0036e47bdeeb6,Ryan,Howell,ryan.howell@gmail.com,702-585-0146x89773,South Tiffany,NH
00396c69531cd,Charles,Estrada,charles.estrada@hotmail.com,557.263.9532x1151,Hernandezmouth,MN
003004c01a791,Anthony,Avery,anthony.avery@gmail.com,00198488426483336,Lake Jamietown,PR
003d1408e5722,Thomas,Andrews,thomas.andrews@yahoo.com,275-865-7799,New Lesliemouth,MD
003cd4f3d0243,Patrick,Smith,patrick.smith@yahoo.com,00188428414922835,Lopezbury,ND
00349d3d743e9,Brittany,,brittany.conley@gmail.con,(797)843-6496x7731,West Darrylshire,KY
0031a1b05aef8,Tara,Smith,tara.smith@gmail.con,8082519838,New Marieshire,NV
0038c2af69054,Kimberly,Garcia,kimberly.garcia@yahoo.com,7112408682,Port Judytown,AS
00361754f6526,Sarah,Boone,sarah.boone@yahoo.com,001-352-861-5878x989,Darrenport,UT
003e970caa534,Amy,Robbins,amy.robbins@gmail.com,904-759-6197x40059,Frankhaven,MH
003a34df852f8,Megan,Powell,megan.powell@gmail.com,(474)999-4657x96784,South Erikaburgh,MS
00367f2ed8f28,Tammy,Sexton,tammy.sexton@gmail.com,9772898196,East Rachel,CA
0031ace3e6a82,Devin,Davis,devin.davis@hotmail.con,+1-823-211-5411x19020,Lake Michelle,WY
003210a486ceb,Hayley,Anderson,hayley.anderson@yahoo.com,(534)552-6362x8862,Sarahland,CA
0038ea3c4b722,Erica,Gonzalez,erica.gonzalez@gmail.con,(558)433-0361,Tylerbury,AL
003e9f015dba4,Rachel,Murray,rachel.murray@yahoo.com,001-398-344-5143x67286,Port Christopherbury,RI
00361138ee6fe,Vincent,Wolf,vincent.wolf@gmail.con,652-897-9685,North Madeline,KY
0032abf2c01e3,Heather,Spears,heather.spears@gmail.com,918.758.3132,Jeremyfurt,FL
0038eac9e1e22,Vanessa,Orozco,vanessa.orozco@yahoo.com,(252)917-5250,Smithside,ID
003e0bfb20dc6,Barbara,Welch,barbara.welch@hotmail.com,16998557965149,Lake Brandiborough,NY
00315a0d63fba,Keith,Francis,keith.francis@hotmail.com,0016355777931240,Gonzalezport,PW
003b55f4acd57,Lindsey,Jackson,lindsey.jackson@hotmail.con,444-360-6889x58993,Jacobsborough,ME
0030a474d714f,Derek,Waller,derek.waller@gmail.com,177457621989383,West Timothy,DE
003d3a32a51fb,Erica,Rubio,erica.rubio@yahoo.com,0018317931491905,Zimmermanchester,HI
0030cdb84a736,Dawn,Cruz,dawn.cruz@yahoo.con,266-548-9601x7063,Wilkinsstad,RI
0031a80a082e6,Melissa,,melissa.tanner@gmail.con,001-375-604-0731x1863,South James,ND
003aed8b9a4b3,Jessica,Wallace,jessica.wallace@hotmail.com,6459037403,Morrisonstad,AK
00389a07fbb60,Michael,,michael.diaz@yahoo.con,4065760691,Greenfort,NM
003fa06aab304,Richard,Caldwell,richard.caldwell@gmail.com,615.348.4145,New Saraton,NM
0037f5eaf65b5,Stephen,Evans,stephen.evans@gmail.con,+1-312-493-0431x130,East Mark,WI
003785e3fab08,Jeremy,Mccarthy,jeremy.mccarthy@yahoo.com,8769318559,West Karatown,AL
003d356307201,Susan,Joseph,susan.joseph@hotmail.com,001-552-228-7363x792,West Jerome,FL
0031d9661fab0,Katelyn,Jackson,katelyn.jackson@hotmail.com,001-620-612-2337x36660,South Robertobury,AR
0033097a39867,Douglas,Tran,douglas.tran@gmail.com,748.264.9703,Smithfort,NV
003702a4b16dd,Joy,Hampton,joy.hampton@yahoo.com,393.677.1258x28488,Katrinaberg,IA
0034ae66c8a43,Victor,Ellis,victor.ellis@yahoo.com,236.557.6455x459,Webershire,MD
003fcae689076,Brendan,Nichols,brendan.nichols@hotmail.con,+1-375-858-5379x978,Port Henry,NJ
003a44600f347,Natasha,Hunter,natasha.hunter@gmail.com,474-836-7152x83264,Powellstad,NE
003369cabd09e,Michael,Wood,michael.wood@gmail.com,7789390497,Nicolechester,MA
003435a500318,Kim,Moore,kim.moore@gmail.com,2246640634,West Sarah,GU
003b96a835b0f,Alyssa,Fry,alyssa.fry@gmail.con,001-438-391-7873x563,Kimmouth,WA
003dd833d0a0c,Thomas,Holt,thomas.holt@yahoo.con,12599959465217,Lindsayfurt,IL
00322838ec2c2,Jessica,Gallagher,jessica.gallagher@yahoo.com,3608983584,Kariborough,PA
00388602fed4c,Frank,Scott,frank.scott@hotmail.com,(955)954-6893,Walshport,MO
003e744461256,Christina,Warner,christina.warner@hotmail.com,+1-426-634-3092x6204,Allenborough,UT
003e184e8a7c2,Christopher,Johnson,christopher.johnson@hotmail.com,330-720-5698,Michaelside,PR
003d337d83110,Kyle,Brown,kyle.brown@yahoo.con,272-469-0822x0137,Alexandraberg,ND
0034f59f0332d,Beth,,beth.freeman@yahoo.com,8978775046,East Brian,VI
0035473a33371,Michelle,Vega,michelle.vega@yahoo.com,(690)944-7905x830,East Adamton,MD
003771708f643,Rebecca,,rebecca.velazquez@hotmail.com,(456)896-1921,Stevensonland,OK
003dc973d9953,Denise,Morgan,denise.morgan@yahoo.com,(516)550-7778x162,Kendraborough,OH
0035eb93837fa,Jessica,Aguilar,jessica.aguilar@gmail.com,9823764127,Carrburgh,ID
0039a6e106f55,Michael,,michael.brown@yahoo.com,90133632493845,Millerfurt,CT
003eab7e69048,Manuel,Campos,manuel.campos@gmail.com,3339844741384,West Allison,NV
003083545370d,Lori,Wilson,lori.wilson@gmail.con,001-438-763-0858,South Jillside,GA
00307d5305301,Jim,Bishop,jim.bishop@hotmail.com,343-716-1186x98142,East Rebecca,KY
00303920b7e41,Rebecca,Obrien,rebecca.obrien@hotmail.com,8614959873452,West Elizabethstad,ME
003bce3440b76,Christopher,,christopher.harris@gmail.con,398.528.2237x53343,Lake Danieltown,DC
00302b50cf97f,Amanda,Silva,amanda.silva@yahoo.com,16989545749,New Robertland,MH
0037b9c1566a6,Corey,Thomas,corey.thomas@yahoo.com,8613033993788,East Kathrynberg,ME
00377e94296ce,Heidi,Gonzalez,heidi.gonzalez@gmail.com,223-534-5375x021,Karenmouth,NJ
0038dbf8ae8d5,Debra,Franklin,debra.franklin@gmail.com,238.444.0390x10349,Chaseberg,IL
003befd3119e6,Raven,Ramos,raven.ramos@yahoo.com,+1-297-732-8290x1832,Fergusonland,FM
003079e712253,Valerie,Cook,valerie.cook@gmail.com,445-667-5981x863,Rebeccaville,MS
003386ef52d75,Bryan,Rose,bryan.rose@hotmail.con,291-761-6294,Stephanietown,WY
0037010720e34,Darius,Carroll,darius.carroll@yahoo.con,(510)966-4676,Tamarabury,OH
003a4ec08e457,Phillip,Delgado,phillip.delgado@yahoo.com,212-258-4233,Virginiaside,DC
00347775cb7d6,Seth,Ramos,seth.ramos@hotmail.com,708-681-3057,New Gregory,ND
0035d76ea46fd,Taylor,Baker,taylor.baker@gmail.com,583.743.0690,North Ann,NC
003cc29604df1,Joseph,Mata,joseph.mata@yahoo.com,9683368437,North Melissa,CO
003280c9242ca,Angel,Davis,angel.davis@hotmail.com,1593568952974802,South Keithland,MO
0034be9130f41,Michael,Phillips,michael.phillips@hotmail.com,001-595-481-8501x208,Johnhaven,IA
003c0bdde4b48,Courtney,Padilla,courtney.padilla@gmail.com,+1-316-758-0464x9893,West Michaelside,VT
0032b47c47751,Wendy,Combs,wendy.combs@yahoo.com,822.460.2784,South Danielleland,AZ
0037ca6f209da,Cody,Davis,cody.davis@gmail.com,(718)330-2585x346,Port Barbaraport,VT
003868716ab0a,Kathryn,,kathryn.wilkinson@yahoo.com,800-794-2663x84531,Davidfurt,WV
003e9aa750217,Angela,Taylor,angela.taylor@hotmail.com,806.799.0649x4935,Port Fred,MN
0032c89446319,Jennifer,Vega,jennifer.vega@gmail.con,5692803032113,North Seantown,MT
003ed7d670592,Laura,Morgan,laura.morgan@hotmail.con,001-353-522-7086x5827,New Lorichester,UT
0032dbcb0a802,Taylor,Carter,taylor.carter@hotmail.com,565-818-3163x3253,Keyburgh,GU
003366153c1a2,Kathryn,,kathryn.huffman@hotmail.com,357.353.8481,South Jacob,MP
003e2e926adb7,Mary,Collins,mary.collins@yahoo.com,4705472660,South Tylerville,MD
0033299fee006,Cindy,Palmer,cindy.palmer@hotmail.com,366-578-7229x774,Mathisberg,NC
00369b82279d2,Michelle,Montgomery,michelle.montgomery@hotmail.com,+1-588-831-1496,South Dylanberg,SC
003654cd5cb1b,Steven,Cruz,steven.cruz@gmail.com,548.701.9858x94490,Teresaburgh,NV
003baf283706b,Dylan,,dylan.becker@hotmail.con,698-324-7414x0703,Natashahaven,TN
00310cb68fbcd,Cynthia,Smith,cynthia.smith@yahoo.com,+1-613-362-6398x3842,South David,GA
003219f22e2e6,Dan,Smith,dan.smith@hotmail.com,31780998731709,New Cody,AR
003d155a81815,Katherine,Martin,katherine.martin@hotmail.com,9234710672,Anneburgh,FL
0030a693c2189,Thomas,Green,thomas.green@yahoo.com,645-637-5257,Stacyville,GU
0036e12645e06,Daryl,,daryl.velazquez@yahoo.com,888713990178556,Port Edwardport,OK
0037940d03500,Erin,Hernandez,erin.hernandez@hotmail.com,17112877347784,East Angelaport,FM
00340a69438c9,Kevin,Key,kevin.key@gmail.com,+1-467-404-5023x2902,West Natasha,DE
00325521c73d7,Kayla,Mckee,kayla.mckee@yahoo.com,4845642018190,Port Tommystad,AZ
003fb84a73f19,Charles,Spencer,charles.spencer@yahoo.com,2048295790354,Campbellhaven,UT
003b34a32989d,Sharon,,sharon.cummings@hotmail.com,3357911014,South Pattyland,IL
0036b6c0c4dd5,Travis,Frazier,travis.frazier@yahoo.con,(731)645-1341x700,Gayborough,IL
0035a003a4335,Kimberly,Johnson,kimberly.johnson@hotmail.con,0013844206197,Alanborough,AS
003a9b8c38088,Veronica,Allen,veronica.allen@yahoo.com,231.801.3835x242,South Abigail,NM
0033b60067fd4,George,Gibson,george.gibson@hotmail.com,769-542-2292,Maryhaven,VI
00389b0caff45,Amanda,Griffin,amanda.griffin@hotmail.con,849.929.4499x313,Merritthaven,IL
0039476e15711,Diana,Diaz,diana.diaz@yahoo.com,33338723414293,Vincentmouth,WA
0036b380fc383,Michelle,Newman,michelle.newman@yahoo.com,(678)473-5540,Lisaview,OK
0030df460985e,Jason,Ibarra,jason.ibarra@gmail.com,6346094884,Lindseyburgh,IN
003f426ce7e37,Ann,Kim,ann.kim@hotmail.com,001-466-662-5983x925,Lindsayland,PR
003b4afd31a52,Derrick,Hernandez,derrick.hernandez@gmail.com,4794180250,West Jeff,WV
0036d882589e5,Karen,,karen.clark@gmail.com,4295288104,Marcusside,NC
003d33933b14f,Donna,Acosta,donna.acosta@hotmail.com,(567)860-0427x098,West Scott,PW
0033389b2d299,Brian,Simmons,brian.simmons@gmail.con,001-499-379-5453x817,Kristinamouth,NH
003102a622e26,Steven,Stone,steven.stone@yahoo.com,343.541.7650x36029,Kristenchester,MD
0036003545d61,Trevor,,trevor.holloway@gmail.com,0016275223736950,Jasonberg,GA
0032e6974e67f,Wendy,Smith,wendy.smith@hotmail.con,16894396157443,New William,VA
003caa4485a5b,Stephen,Mooney,stephen.mooney@yahoo.com,(371)249-9863x28959,East Dakota,MI
0031c7da5dfef,Willie,Wright,willie.wright@hotmail.com,948-983-7518x5767,Wilsonberg,ME
003a64145cc38,Linda,Delgado,linda.delgado@yahoo.com,357643319069016,Scottville,AK
00335f31a5ec6,Luke,Davidson,luke.davidson@yahoo.com,0017848196233260,Port Brittany,TN
0038918448515,Allison,Clark,allison.clark@yahoo.com,539.678.3412x708,Shannonbury,OH
003c9faa51cc0,Jason,Allen,jason.allen@yahoo.con,(269)391-9578,Port Christophertown,NH
003aa134437b4,Colleen,,colleen.mccall@yahoo.com,5666721922,Lake Michael,NM
00399a5a8ce45,William,Jones,william.jones@hotmail.com,471-946-3970x90355,Allenhaven,VT
003dc5c2dda53,Erica,,erica.gardner@hotmail.com,384.753.5002,Christinashire,NJ
003060a93fe80,Barbara,Lee,barbara.lee@hotmail.com,(652)786-1323,Pattersontown,HI
00318f65b27eb,Thomas,,thomas.perez@gmail.com,+1-352-373-3006x27727,South Matthew,NJ
003db63347e66,Alexander,Fuentes,alexander.fuentes@yahoo.con,001-435-284-9620x03230,Perezstad,MD
0031c6133f948,Jasmine,Campbell,jasmine.campbell@yahoo.com,13413232546018,Holtmouth,NE
003a7fb5790d2,Richard,Dyer,richard.dyer@yahoo.com,(538)620-7511,North Tommyburgh,OH
00356d00c4eac,Phillip,Ibarra,phillip.ibarra@yahoo.con,877-853-1627x970,Cookchester,MT
003e1ce81991d,Diana,Foster,diana.foster@hotmail.com,7245238849696,Carlsonfurt,MS
0038250b6f0f5,Troy,Shelton,troy.shelton@yahoo.com,973-707-4242x2957,Port Matthewland,CO
0033629af7281,Lindsay,Munoz,lindsay.munoz@hotmail.com,664.491.2594x97220,Thompsonstad,MS
00358e4ebad8c,Monica,Davis,monica.davis@gmail.con,(681)330-7837x31835,Heatherton,WA
003f0aaba0db1,Oscar,Walker,oscar.walker@gmail.con,(211)604-5498,South Nicholaston,MN
003136dabf7fb,Tina,Harrison,tina.harrison@yahoo.con,+1-365-607-3636,West Christopher,OK
003730e3a25b4,Alicia,Miles,alicia.miles@yahoo.com,9532910371,North Jessicaside,MS
0031eb305f4dc,Leslie,Wiggins,leslie.wiggins@yahoo.com,6798857539,West Michelle,NY
0032545731e40,Julie,Thomas,julie.thomas@gmail.com,001-409-808-8375x970,New Ronald,TN
0032262b9351d,Nicole,Cox,nicole.cox@hotmail.com,8975729898725,Aliciashire,IA
003b658c68409,Nicole,Morgan,nicole.morgan@gmail.com,981-954-9610x369,New Peter,IN
00340a8ea6fdb,Norma,Williams,norma.williams@yahoo.com,895-569-0652x75383,Lake Nicoletown,MH
0036299a21e95,John,Nelson,john.nelson@hotmail.com,001-632-992-6205x55562,Christopherside,NY
0038e2bfe339c,Barbara,Williams,barbara.williams@gmail.com,550.468.0208x15157,Wallacehaven,MS
003b3417f4b4c,James,Stewart,james.stewart@hotmail.com,905.362.6565x04554,Chandlerchester,DC
003a6a92d3d3c,Marie,Medina,marie.medina@yahoo.com,957.268.8255,Lake Steven,AK
003d44b41ee27,Ellen,Navarro,ellen.navarro@gmail.com,510-906-3524x4827,Proctorchester,VA
003dbb8e992db,Ashley,Knight,ashley.knight@hotmail.com,219.219.4874x61231,Escobarmouth,IL
0038642d815e7,Jessica,Kramer,jessica.kramer@yahoo.com,843-770-9125,Vasquezland,WA
003d628324ba2,Corey,Rivas,corey.rivas@gmail.com,001638659514346823,North Darrylfurt,NY
003e9f87afad1,Mitchell,Williams,mitchell.williams@hotmail.com,2155555149,South Pamela,MD
003b5152a24e4,Brendan,Zimmerman,brendan.zimmerman@hotmail.com,001985471717707481,Port Aaron,MP
0036eb1bb9228,Robert,Jacobs,robert.jacobs@yahoo.com,001-939-488-9413x2109,Jameschester,MN
003736a94ed8a,Carol,Kemp,carol.kemp@yahoo.com,797-936-6547,West Deborah,OR
0030e392874ae,Michael,Nelson,michael.nelson@hotmail.com,001-705-255-8644x52646,Michellefort,WV
0035cdbbd8084,Luis,Garcia,luis.garcia@gmail.com,148183854184293,Wardfurt,AZ
00384b41172f0,Jeffrey,Taylor,jeffrey.taylor@hotmail.con,484-902-3403x3324,South Nicoleside,MO
003b03a4ea84d,William,,william.garcia@hotmail.com,536.447.6722x977,South Charles,IN
0039a45ac194b,Adam,Reyes,adam.reyes@yahoo.com,(498)471-0149x41163,Williamfurt,DE
00330c30934b1,Tonya,,tonya.barajas@gmail.com,575.708.8494x9996,Andreastad,KY
003ac0769ea96,James,Black,james.black@gmail.com,825.228.9404x39351,Castroside,AR
003211605ba14,Dan,Bauer,dan.bauer@gmail.com,+1-208-216-2173,Justinchester,NE
0035d89e0a16a,Jesse,,jesse.gonzalez@yahoo.com,(890)638-6604x95428,New Joshua,MH
003f1f511eb6b,Michelle,Guzman,michelle.guzman@gmail.com,001-515-744-3944x875,South Robinstad,MT
0030b32b08a36,Joshua,Kerr,joshua.kerr@hotmail.com,001-210-304-9246,North Denise,AR
0031d4469f927,Kristy,Pierce,kristy.pierce@hotmail.com,(979)742-2058x5927,Mcguireburgh,OK
003bf48c4c012,Christopher,Newman,christopher.newman@hotmail.con,(350)939-4750x55777,Anthonyshire,FL
0030afe65ec94,Haley,Robinson,haley.robinson@hotmail.com,001-806-901-4579x232,Lake Danielchester,NM
003bdc5942c5d,Kim,Logan,kim.logan@hotmail.com,001-715-659-0308x1969,Brendaville,FM
00351fec629d0,Brian,,brian.davies@gmail.com,001-265-722-3955,North Jessebury,AK
003ca2598eaab,Elizabeth,Christian,elizabeth.christian@hotmail.com,642-460-7824x11643,East Jeremy,MP
003400a3416b3,Ashley,Rush,ashley.rush@gmail.com,32584525312183,Lisaburgh,PR
003a4e8b082cf,Alicia,Dixon,alicia.dixon@hotmail.con,862.509.9069x319,Antoniomouth,VA
0037265227a1e,Tonya,Vaughan,tonya.vaughan@gmail.com,001578307451598657,Sullivanmouth,CA
00302d1737d25,George,Wade,george.wade@hotmail.com,(954)566-2999,Ellisontown,KY
003864d44e4d3,Anthony,Lawson,anthony.lawson@gmail.com,(205)605-0351x8386,East Madison,OH
003bbde148478,Eddie,Griffith,eddie.griffith@hotmail.com,874-342-8827,North Masonton,SC
003c2902d7142,Stephen,Case,stephen.case@hotmail.com,7005495598,Jacksonton,AK
003a69dafc708,Daniel,Morrow,daniel.morrow@yahoo.com,+1-737-575-3359x409,Michellebury,IL
003effa3b08bb,Tyler,Lopez,tyler.lopez@yahoo.con,72538919959746,Emilyshire,NJ
003456d3b391f,Jeremy,Clayton,jeremy.clayton@yahoo.com,(842)700-9299,Joneshaven,CO
003577f779aad,Melissa,Gibbs,melissa.gibbs@gmail.com,001-872-599-8955x34575,East Nicole,ID
003e4b5566ef2,Jennifer,Wilson,jennifer.wilson@hotmail.com,9987205337,Karaberg,CO
0031d5eaa0cf6,Zachary,Rivera,zachary.rivera@hotmail.com,+1-726-692-4393,Lanebury,TN
00350ef6dfeaf,Michael,Robinson,michael.robinson@gmail.con,(569)901-8736,Makaylaland,MO
00385b1089182,Ricky,Duke,ricky.duke@gmail.com,687.748.7164,Alexanderton,GU
003183de0b78c,Zachary,Jackson,zachary.jackson@gmail.com,+1-443-442-1121,East Gregory,FL
0035197d08aa3,Nathan,Walter,nathan.walter@yahoo.con,8923291534,Port Sean,MA
00319bf404b35,Heather,Trevino,heather.trevino@gmail.com,1771901563391807,Franciscoborough,FL
003d13759dfc1,Alfred,Patel,alfred.patel@yahoo.com,4083484086,Millerfurt,NH
003c59fb90c81,Pamela,,pamela.stephenson@hotmail.com,6558317550,Martinezfurt,NJ
003526e97aa10,Beverly,Anderson,beverly.anderson@hotmail.com,(323)677-3813x30983,Cynthiastad,MT
003f3afde342c,Sean,,sean.reynolds@gmail.com,0019456300734152,Johnhaven,AR
003318d12e379,Emily,Gentry,emily.gentry@gmail.com,235.200.3766,Stricklandland,AL
0033a2cc99c55,Christina,Thompson,christina.thompson@yahoo.con,96149151210008,Lawsonside,VI
003e3d4560d44,Amanda,Adams,amanda.adams@gmail.con,001-596-692-7176,South Heather,HI
00303994936b3,Rebecca,Cisneros,rebecca.cisneros@hotmail.com,58368432476114,Leonardview,LA
003fb39fd1ff3,Wesley,Yang,wesley.yang@gmail.con,8113606416,Lake Susan,DE
003370ce55cf0,Connor,Ibarra,connor.ibarra@yahoo.com,001-626-221-8922,Houseton,GA
00381efccf557,Donald,Taylor,donald.taylor@hotmail.com,(281)759-4747x05311,Montgomeryport,DC
003a55a301ce9,Dennis,Johnson,dennis.johnson@hotmail.com,534-919-2713,Peterschester,WY
00379075cd408,Victoria,Walker,victoria.walker@gmail.con,7406708063139,East Alexandraland,SC
0030a55d3deb0,Robert,Dixon,robert.dixon@gmail.com,1659262783877765,Donnatown,WI
00374c6769fc1,Mary,Byrd,mary.byrd@yahoo.com,7645076089,Davisfurt,FL
003dac656cef3,Kenneth,Cortez,kenneth.cortez@gmail.com,2842332133,New James,AL
003e032c88177,Christy,Evans,christy.evans@hotmail.com,001-690-273-7229x176,New Christopher,RI
0031fc9086dcb,Jose,Herrera,jose.herrera@gmail.con,(555)778-5641,Edwardberg,ND
0035278fcfad0,Eileen,Kelly,eileen.kelly@yahoo.com,361-549-7459x793,Lisatown,VI
0039618328e9a,Anthony,Boyd,anthony.boyd@hotmail.com,288.470.5676,New Nicholetown,OH
0038b1edf99b3,George,Medina,george.medina@yahoo.com,(650)446-4717,North Ryanton,AS
003908a1377e1,Sierra,Cervantes,sierra.cervantes@hotmail.com,2719545168,Gilmorefort,DE
00398ae3cdf0b,Becky,Lewis,becky.lewis@yahoo.com,9948832616,Paulbury,KY
00307a76b8716,Christopher,Villa,christopher.villa@hotmail.com,29396016168763,South Jason,DE
003d93946aa5d,April,Johnson,april.johnson@hotmail.com,001-971-617-8444x002,Floydmouth,DE
0036c0f37e65d,Jason,,jason.kirby@hotmail.con,932.627.6654x842,South Robert,WV
003063f2e4257,Daniel,Rios,daniel.rios@yahoo.com,+1-872-232-3216x7877,Melissaville,UT
00330d7fdc2e5,David,Holmes,david.holmes@yahoo.com,686-706-9939,Smithburgh,NM
0033a1039433e,Amanda,White,amanda.white@yahoo.com,66994217000188,North Ashley,MT
003e87e4b497b,Christopher,Flores,christopher.flores@hotmail.com,(358)500-8757x575,Joshuafurt,ND
003e50614a751,Maureen,Mills,maureen.mills@yahoo.com,9393396876,South Samanthastad,AK
00346a2d0463a,Erika,,erika.thomas@gmail.com,001-669-265-6455x3928,Sarahport,AL
00387138d7bf2,Daniel,Dyer,daniel.dyer@gmail.com,545503698884393,West Anneside,SD
003557bb5624b,Tammy,Higgins,tammy.higgins@gmail.com,001-458-886-8102x53129,Paulmouth,PA
003de1e52f08a,Katherine,Juarez,katherine.juarez@hotmail.com,(321)427-6025x08261,Oliviaburgh,MP
003808309848d,Brittany,Carr,brittany.carr@hotmail.com,330.980.6958x1467,Sandramouth,DC
003446cb92f34,Jasmin,Kelly,jasmin.kelly@hotmail.com,881-793-2426x87741,East Scotthaven,ID
00360c180cdb1,Patrick,Ibarra,patrick.ibarra@hotmail.com,586.418.1546x329,Vegafurt,NY
00314c1cd6f7c,Erika,Green,erika.green@yahoo.com,(459)484-9419,Brettton,MO
0033cfe9844c9,Jesse,Mcgee,jesse.mcgee@gmail.com,3128683423,North Stephanieshire,AL
003f1ad407ded,Timothy,Campbell,timothy.campbell@hotmail.com,001-571-655-3331x7931,Port Andrewton,GA
00395dd58d792,George,Castillo,george.castillo@hotmail.com,0017484057968733,Huffborough,AZ
0039d79c8e79f,Joshua,,joshua.smith@hotmail.com,566-228-9279,Davisbury,TX
003903f54e884,Richard,Smith,richard.smith@hotmail.com,(472)898-3619x41028,Port Natalie,OH
00391e1a15543,Rebecca,Arroyo,rebecca.arroyo@gmail.com,967.748.6756,South Aaron,CT
0032675a19c96,Vanessa,Hernandez,vanessa.hernandez@gmail.com,330272280569223,South Nathanville,NY
00340663cddf4,Shannon,Gilbert,shannon.gilbert@gmail.com,4475202888,West Justin,CO
003459c76831e,Amanda,Gibson,amanda.gibson@gmail.com,7685229046,Port Jesuschester,DE
0034337a3a8e1,Michael,Mann,michael.mann@hotmail.con,3717015955,South Katherineport,PW
003a033355cdc,Travis,King,travis.king@yahoo.com,(971)206-8150x8921,New Edwardtown,NC
003d3d33695ea,Randall,,randall.chavez@gmail.com,815.910.3007,Davidtown,IL
003c106590bef,Peter,Clark,peter.clark@yahoo.com,001-898-572-5378x225,East Austin,MD
00341aff171a0,Courtney,Jones,courtney.jones@gmail.com,16199331043,Nixonview,GU
00375a79bc5a1,Maria,Campbell,maria.campbell@yahoo.com,949.797.2927,Veronicashire,WY
00361a32ce664,Christopher,Robinson,christopher.robinson@hotmail.con,897.372.7094x16840,Port Paul,AZ
003274886c6b9,Roy,Martinez,roy.martinez@gmail.com,545.752.5971x07563,Kimberlyshire,PW
00349363868f8,Joshua,,joshua.smith@hotmail.com,206-921-6117x51633,Port Stephenchester,MP
0030d13cd637c,Elizabeth,Sanders,elizabeth.sanders@yahoo.con,+1-209-664-9668x3496,West Bethany,IA
0039e8d535e39,Jonathon,,jonathon.ramirez@gmail.com,+1-613-824-0621,Marcfurt,ID
003031c3ad378,Samuel,Burch,samuel.burch@yahoo.com,+1-950-664-4696x6146,South Lancehaven,WI
00364a16474b0,Mark,Hoover,mark.hoover@gmail.com,483433149325485,North Ashleytown,FL
003da55125322,Kellie,Hendricks,kellie.hendricks@gmail.com,808.533.5142x4496,Simpsonburgh,MP
003bdfdd714af,Nicole,Green,nicole.green@hotmail.con,13078961840421,New Jason,WI
003e4f4c5743a,Christopher,,christopher.perez@gmail.com,+1-602-428-7408x9757,Brendaside,VT
003715087649f,Morgan,Figueroa,morgan.figueroa@hotmail.com,001-337-820-5647x5923,South Austin,MH
003ce936c97ef,Linda,Fowler,linda.fowler@gmail.com,001234346721248987,Emilyville,FL
0033f01622908,Stephanie,Rogers,stephanie.rogers@gmail.con,733.366.5028,Lake Markport,OR
0032b1735a32c,Steven,Patterson,steven.patterson@hotmail.com,13155078593110,Lopezberg,AS
003919d36829b,Megan,Lopez,megan.lopez@hotmail.com,56989955813243,Shepardport,WA
0037b47c1bf7c,James,,james.huff@hotmail.com,7523572238,Martinezfort,NH
003322309ec7b,Amber,Wallace,amber.wallace@gmail.com,+1-413-844-6140x7867,East Beckyview,MS
00395d2efb48c,Lauren,Carrillo,lauren.carrillo@gmail.com,001-791-382-5612x82955,Sloanstad,LA
003f8df819cac,Aaron,Johnson,aaron.johnson@hotmail.com,480-559-1070,Port Lisashire,GU
0038fa015cad9,Caitlin,Murphy,caitlin.murphy@hotmail.com,867.424.1954x15717,Ryanstad,PA
0031211bb47b3,Alexis,Brown,alexis.brown@hotmail.con,001-734-771-1202x73023,North Kristine,IA
003d6a4c26f1a,Diane,Williams,diane.williams@hotmail.com,3393161028,Hallport,NY
003dc2b0123b9,Jeffrey,Mcdaniel,jeffrey.mcdaniel@yahoo.com,375.712.2072,East Garyland,IA
0034a60caca1a,Anna,Brown,anna.brown@gmail.com,864-902-3928x91914,Jenniferhaven,KS
003cf2ca09285,Maria,Thomas,maria.thomas@gmail.com,4147536451,New Elizabethfurt,ME
003ec208c93c7,Michael,Black,michael.black@yahoo.com,766.474.9513x498,Jacksonshire,VA
003b491aa88e5,Chad,Carr,chad.carr@gmail.com,9587242122,Austinburgh,PA
00312057fa5cb,Larry,Fisher,larry.fisher@yahoo.com,967.741.6371x20631,Lake Kimberlyview,AS
003570ca86822,Sylvia,Greene,sylvia.greene@hotmail.com,001-829-465-1462x1393,Port Kristinabury,SC
00323c6fd3696,Michelle,Moore,michelle.moore@hotmail.con,001-440-891-7089x5743,Andrewsland,AZ
003e6ccc6b1dd,Jennifer,Neal,jennifer.neal@yahoo.com,001-288-390-8964x35382,New Danielfort,VA
003e72f37a981,Sean,Pittman,sean.pittman@gmail.com,794.540.1305x972,North Randy,NE
0032caab69c99,Megan,Hubbard,megan.hubbard@yahoo.com,+1-598-303-7523x039,Lake Kathleen,MH
003e6575e457b,David,Decker,david.decker@yahoo.com,001-441-229-0759x65999,Joshualand,PW
003a435c7ffbe,Timothy,Cooley,timothy.cooley@gmail.com,303.617.5438x0274,Zavalamouth,HI
0036327695499,Diane,Dawson,diane.dawson@gmail.com,799-438-9635,Andrewside,MD
00386134ad011,Elijah,Foster,elijah.foster@gmail.com,3664735104,Keithmouth,HI
0033e512ccef4,Michael,Cooper,michael.cooper@gmail.com,620-336-0816,West Benjaminside,MP
0035fdaa52175,Russell,Arnold,russell.arnold@yahoo.com,288.843.4758x508,Randallland,MD
0038d4c699cfd,Lisa,Smith,lisa.smith@hotmail.con,+1-387-418-9813,North Anna,PR
0032603d7cecb,Mary,,mary.terry@gmail.con,001-487-768-4865x5842,Skinnerport,ME
0035f985f1d6b,Melissa,Potts,melissa.potts@gmail.com,+1-629-401-6852x9919,Harrisfort,MA
0037d35bce8dc,Benjamin,Stevenson,benjamin.stevenson@hotmail.con,2956902799,South Dean,OR
003458799df13,Tyler,Wolf,tyler.wolf@yahoo.com,(685)981-0191,East William,ME
003bc81f91cc0,Teresa,,teresa.paul@yahoo.con,213644486722883,East Michael,DE
0032250413079,Jessica,Richards,jessica.richards@gmail.com,(638)466-4297,Castanedamouth,MN
003e5749b786d,Ashley,Patel,ashley.patel@hotmail.com,+1-425-844-9481,Burnsshire,SC
00318dcfa0e54,Jonathan,Andrews,jonathan.andrews@yahoo.com,(441)329-8249x220,Port Ericchester,GA
003edb73d22c2,Jessica,Cunningham,jessica.cunningham@yahoo.com,(362)990-9137x41283,Barrettbury,AK
003ab3af68a4b,Charles,Rivera,charles.rivera@yahoo.con,0014475028155,Melissaland,MT
003a0ba5b08b9,Samuel,Simmons,samuel.simmons@hotmail.com,6674303336,West Victoria,ID
003efa127cdd9,Logan,Tran,logan.tran@gmail.com,7443058093,Mariachester,CA
003b33dfc35f7,Xavier,,xavier.nicholson@yahoo.com,(502)699-2598,New Patrick,DC
0030be2d91116,Sarah,Ferguson,sarah.ferguson@yahoo.com,508.357.6649,East Terri,SC
003f133a0934a,William,Maynard,william.maynard@yahoo.com,292-602-2854,West Lauraberg,GA
00385b45179d1,Brendan,Hunt,brendan.hunt@gmail.com,(467)834-4671x776,Greenmouth,AR
00337e13aaa3b,Austin,Lewis,austin.lewis@hotmail.com,+1-411-313-2411x94949,Cameronburgh,AZ
0034ec6e6c570,Amanda,Blackburn,amanda.blackburn@gmail.com,001-528-551-5533x34264,Rossborough,WI
0036d98a4708c,Parker,Lyons,parker.lyons@gmail.con,(445)721-9092x671,Williamsfort,OR
003038cf7eb02,Lisa,Simpson,lisa.simpson@gmail.con,616874742768551,North Peter,VT
003cb7e0b0e1f,Jonathan,,jonathan.thomas@yahoo.com,286.304.9602x25092,Taylorberg,NM
003b1dbf38750,Jonathan,Pearson,jonathan.pearson@yahoo.com,6713332581963,Lake Masonbury,AL
0030706d39a54,Nicole,Moreno,nicole.moreno@gmail.com,604.830.4151x680,Port Melissaton,NV
00344449ef215,Victoria,Rivera,victoria.rivera@yahoo.com,671-453-6398,Williamston,LA
003361492aac9,Samuel,Kim,samuel.kim@yahoo.com,001-908-509-7976x6262,Owensfort,PW
003328dbcaea0,Charles,Compton,charles.compton@hotmail.com,4778852892,Staceyhaven,MH
0038f1a3691b1,Timothy,Carroll,timothy.carroll@yahoo.com,(396)859-0277,South Dorothybury,NJ
003e323c820d8,Nathan,Malone,nathan.malone@hotmail.com,588.959.7120,New Michael,MT
003a1d769148f,Sarah,Jimenez,sarah.jimenez@hotmail.com,6313779199,Whitetown,NC
003961fadeea0,Cody,Martin,cody.martin@gmail.com,52454149171792,South Sierrashire,WI
003ececd6cc14,Nicholas,Nguyen,nicholas.nguyen@hotmail.com,3484749715,South Brittanybury,MI
00348b2314bc2,James,Lewis,james.lewis@yahoo.com,+1-824-357-4949x202,South Joshuaton,AZ
003a03a7a795b,Rebecca,Martinez,rebecca.martinez@gmail.com,845408095948152,East Micheal,VT
00302d332d0d1,Adam,Torres,adam.torres@gmail.con,519-870-2562,Gutierrezfort,AR
003328cecd3a8,Suzanne,Wilson,suzanne.wilson@yahoo.com,7134592468120,Wesleyshire,NE
00345274434c1,Mark,Wood,mark.wood@yahoo.com,562-220-3699x9575,East Charlesburgh,TX
003165a8bef68,Anna,,anna.sloan@yahoo.com,839-973-1770,East Christineport,KY
003dd637ab0ff,Jessica,Saunders,jessica.saunders@yahoo.com,865.985.7579x033,Edwardsborough,WI
003327803d49a,Heather,Clayton,heather.clayton@yahoo.com,828.265.1238,Kiddberg,KY
003ff0de375e0,Mary,Jones,mary.jones@hotmail.com,19733706632928,South Angela,IN
0037d445260f3,Dana,Duncan,dana.duncan@gmail.com,001-578-507-7224x4146,Carrshire,OH
003cae31115a4,Cristina,Howard,cristina.howard@yahoo.con,(629)542-0121x72209,Clarkville,TN
00302863e2fd1,Christopher,Peters,christopher.peters@hotmail.con,2173187297,Jacobfurt,AR
00348ec64a93b,Jeremy,Brown,jeremy.brown@yahoo.com,15437379531112,Pittmanfurt,MH
003f40755c4a9,Danny,,danny.vargas@gmail.com,(680)981-6003,Ambertown,ID
0034f0e8e470b,Melissa,Tucker,melissa.tucker@gmail.con,67081770181234,Sandersmouth,MO
00321c86e99ea,Michael,Ramirez,michael.ramirez@hotmail.con,16064584181743,New Valerie,CA
003663f37312f,Paul,Reed,paul.reed@gmail.com,8256897740439,West Faithborough,AL
003abe6c1b8b5,William,Sanders,william.sanders@yahoo.com,3774502483,South Jessica,NH
003984dd796f3,Sharon,Hill,sharon.hill@yahoo.com,(960)335-6238x02555,Spencerton,SD
003d2847a3d26,Karen,Acosta,karen.acosta@hotmail.com,8828267990,Stephenchester,ME
003a94610f53f,Glen,Lawrence,glen.lawrence@gmail.com,3306084339,North Connie,AL
003c6fdf50714,Kristen,Schaefer,kristen.schaefer@hotmail.com,001-261-557-4236x8378,Morganmouth,MS
003987b2cfbc3,Jessica,Tanner,jessica.tanner@hotmail.com,+1-556-683-5051,East Crystalchester,OK
003e7b0bbb7a8,Keith,Rivera,keith.rivera@gmail.com,+1-447-202-6915x46669,New Natashabury,IL
003883550d086,Frank,Taylor,frank.taylor@yahoo.com,4666489008,New Brooke,NJ
003a41359d60d,Sarah,Guzman,sarah.guzman@yahoo.com,001-781-348-8059,South Johnport,NH
003c3f1d38d95,Christopher,Jones,christopher.jones@gmail.com,697.847.2956,West Ashley,SC
0038937fdfd9e,Gabriella,Rodriguez,gabriella.rodriguez@hotmail.com,926.878.9044x220,Julieville,PW
0031899fd13cc,Laura,Reilly,laura.reilly@yahoo.com,0012668808950491,Hansenburgh,CO
003db822297e9,Kathy,Vasquez,kathy.vasquez@hotmail.com,001-268-710-3903x397,Lake Julieport,KY
0030da8f2c00f,Anne,Madden,anne.madden@hotmail.com,5902660947,East Jessicaview,WY
0032e613477f7,Leonard,Reynolds,leonard.reynolds@gmail.com,985.215.7646,Morriston,HI
0031c190617e2,Rachel,Mcbride,rachel.mcbride@hotmail.com,+1-821-572-2332x061,Melissahaven,NH
003f9aa359c7a,Crystal,Brown,crystal.brown@gmail.com,9309234056,Port Michelle,FM
003af26b43265,Sarah,Sharp,sarah.sharp@yahoo.com,845.477.0929x16295,Michaelview,ID
003a1d113ab5c,Terri,Park,terri.park@gmail.com,468-918-2096x79042,Sethberg,MA
003497e364b89,Tina,Phillips,tina.phillips@hotmail.com,833.377.4725,Allisonfort,ID
003723537547f,Heather,Perry,heather.perry@hotmail.com,(416)535-0232x3142,Jefferytown,WV
0038285e72c92,Perry,Cohen,perry.cohen@yahoo.con,8243462655,Stephanieside,LA
003a706cc48d4,Amy,Cunningham,amy.cunningham@yahoo.com,3622607870,Lake Jamieberg,OH
003f78006b8c6,Bradley,White,bradley.white@yahoo.con,1997737112229907,Nataliestad,NJ
0038469966167,Carlos,,carlos.shepard@hotmail.com,+1-504-821-4080x17483,South Jefferytown,LA
003e870cdfa00,Heather,Pitts,heather.pitts@hotmail.com,+1-610-650-7197x0957,Johnmouth,WA
003ee9b9b2283,Melissa,Wilson,melissa.wilson@gmail.con,+1-482-819-3868x27847,Lake Kathleen,MH
0039577c05252,Michael,Gomez,michael.gomez@gmail.com,308-336-8437x2288,Lake Kevin,OR
0039760d79508,Vanessa,Kelly,vanessa.kelly@hotmail.com,589-781-0617,South Candicechester,IL
0031eb2c52e12,Chad,Anderson,chad.anderson@hotmail.com,5377191275,Carlyton,AL
0038f73f71cb0,Emily,Perkins,emily.perkins@hotmail.com,320-498-7694,Port Kevin,ND
003bd9a9439b3,Peter,Yates,peter.yates@hotmail.com,892-520-5135,Fowlerborough,MN
003a60c3ba194,Thomas,Davis,thomas.davis@gmail.com,001459734106165047,Manuelburgh,ME
003e8c15747e5,Wendy,,wendy.rice@hotmail.com,9182451462,New Mariotown,DE
003f7424d3b25,Colleen,Watson,colleen.watson@yahoo.con,001-588-538-6192x762,North Teresaborough,NY
003356e9527ef,Brandy,Harrell,brandy.harrell@yahoo.com,8473882556,Dennisberg,NV
003ad6a12def3,Jerry,Hogan,jerry.hogan@hotmail.com,423931432417071,East Jill,MP
0031ec00ef9ef,Melissa,Olson,melissa.olson@gmail.con,358-638-0278x492,North Louis,MI
0038fa471b2b1,Rebecca,Padilla,rebecca.padilla@gmail.com,3102735583,Allenchester,MA
003af2d397a93,Jose,Moore,jose.moore@gmail.con,2099263690368,South Michael,AL
00353601440a0,Kevin,Shields,kevin.shields@gmail.com,481.900.6393x99201,Joannaland,IN
003623c0001e5,Brian,Peters,brian.peters@yahoo.con,447-470-6481x3357,Lake Maria,AS
003f9a05f2391,Ruth,Welch,ruth.welch@hotmail.com,704817765612481,East Johnberg,PR
003f200bcfd36,Jason,Hess,jason.hess@hotmail.com,001-298-275-1757x90323,South Williamside,NE
003c44f1dce57,Bailey,Higgins,bailey.higgins@yahoo.com,(209)853-9621x85188,West Amyburgh,MP
0033a0022512d,Seth,Palmer,seth.palmer@yahoo.com,(852)399-0436x7820,Hernandezville,ID
003f237b0f958,David,Wood,david.wood@yahoo.com,2825938540445,East Cassidyfurt,WY
003cdf527b752,Alexandra,Scott,alexandra.scott@gmail.com,531-298-3924x8481,East Craigland,MS
003b4d01542b8,Tiffany,Stewart,tiffany.stewart@yahoo.com,689.256.1337x1844,South Joshuaton,IA
00334fa9a7edf,Jenna,Benton,jenna.benton@yahoo.com,375-734-3576x0540,Davidshire,ME
003b90ff82336,Joseph,Barber,joseph.barber@gmail.con,(361)743-4037,Fergusontown,RI
003dfd28d13a5,Michelle,James,michelle.james@yahoo.con,+1-952-855-3419x2832,New Nancy,MD
003675ac998fc,Sandra,Hall,sandra.hall@yahoo.com,16417708701,Frystad,MD
003bc64d92af1,Stephanie,,stephanie.roberts@hotmail.com,7254052083,East Breanna,VT
0031d6ebe260b,Kaitlyn,Hampton,kaitlyn.hampton@gmail.com,236-916-0502x999,Port Sonia,NV
0032d76b355df,Deborah,Davis,deborah.davis@yahoo.con,5475012592,South Stephaniebury,UT
003f3011e1554,Julie,Murphy,julie.murphy@hotmail.con,120950538053465,Dawnburgh,IN
0037b6bc40842,David,Gonzalez,david.gonzalez@yahoo.com,950.444.8526x02354,East Chloetown,KY
003162da81ffc,Andrew,,andrew.fuentes@yahoo.com,+1-914-861-6415x733,Timothyville,TN
003a77a846936,Jessica,Greer,jessica.greer@yahoo.com,001-390-276-3415x35977,Johnland,GU
003ff6fb5bdbc,Lori,Fuentes,lori.fuentes@gmail.con,0018232272344241,Lake Frank,TX
00303a6e629f3,Walter,Cobb,walter.cobb@hotmail.con,4306537406,Jimenezfurt,MI
0033253ed4cdf,Eric,Montgomery,eric.montgomery@hotmail.com,6365957562,Brayhaven,ND
0034766d75068,Michael,Jones,michael.jones@gmail.com,468444811791720,Jacobmouth,VA
003ff6e0c4a84,Michelle,Franklin,michelle.franklin@yahoo.com,5218744756,Andrewhaven,HI
0033b1f83ff11,Jeffrey,Smith,jeffrey.smith@gmail.com,001-204-371-6623x4253,North Derekstad,DC
0037b75b4f908,Kimberly,Vang,kimberly.vang@gmail.con,001-860-551-1716x039,North Brookeshire,ME
0034d2c776dcd,Paul,Lopez,paul.lopez@gmail.con,4888241996,Port Angelaport,MN
003bbc33befc5,Drew,Harris,drew.harris@hotmail.com,+1-381-693-7684x1847,Theresaville,DE
003ab77df0535,Elizabeth,Rojas,elizabeth.rojas@gmail.com,+1-642-649-1626x31777,Leehaven,CO
003dafadebbf0,Lori,Hawkins,lori.hawkins@hotmail.com,(288)908-1261x80790,West Kayla,VI
0033e16ce6210,Kristin,Arnold,kristin.arnold@hotmail.com,714.960.1047,New Michael,DC
0039ff6547b8d,Brian,Gardner,brian.gardner@gmail.com,001-291-788-0254x05777,Bakerbury,IN
0033694352080,Elizabeth,Conley,elizabeth.conley@hotmail.com,249.633.0674x58476,Kerrybury,GA
00395c6ff5bde,John,Walsh,john.walsh@gmail.com,9836616228,East Roy,HI
0035844bb2b1f,Tammy,Taylor,tammy.taylor@hotmail.com,+1-324-340-7931x1029,Richardburgh,GU
003bc2409eccc,Laura,Ferguson,laura.ferguson@gmail.con,001-957-216-2984x754,Wyatthaven,VI
0039a136fecc8,Chris,Fernandez,chris.fernandez@gmail.com,9913448965,Kyleside,NM
00319655d59d0,Gene,Miller,gene.miller@hotmail.con,1395913433200379,Port Susan,NC
0032469102a15,Jose,Boyd,jose.boyd@gmail.com,387-603-4884x224,West Rebeccamouth,GU
0034cd5328879,Matthew,,matthew.scott@gmail.com,7033923217,Kathleentown,AR
0034bc8f30687,John,Park,john.park@hotmail.con,+1-389-737-3630,Amyside,OR
0030c0a546b43,Abigail,Miller,abigail.miller@hotmail.com,001-331-343-3605x74321,Kirbyton,PA
0032ccf4e3b39,Anthony,Nguyen,anthony.nguyen@gmail.com,909842079619909,West Sethview,UT
00335c0684892,Gina,Parker,gina.parker@gmail.com,268.732.9876x816,South Kara,NV
003023a897750,Ashley,Tapia,ashley.tapia@gmail.com,942720583283715,Whiteview,NY
003509ff1f20c,Hannah,Ferguson,hannah.ferguson@yahoo.com,+1-998-971-6462x9291,North Kimberlytown,AZ
003f17a7ee742,Erica,Graves,erica.graves@gmail.com,555.494.0799x23045,Grossbury,NV
0036e0d07d529,Stephen,,stephen.shaw@hotmail.com,2866999698829,Port Christopherside,WA
003f0a544b9bf,Latoya,Jones,latoya.jones@yahoo.con,(635)755-8947x96741,New Michaelbury,IL
00366ad56658a,Andrea,Marshall,andrea.marshall@gmail.com,791727972882463,Pricetown,DE
0036cc6f5533f,Austin,Whitaker,austin.whitaker@gmail.com,2807764250,Fosterburgh,NY
0038161fa7738,Scott,Navarro,scott.navarro@gmail.com,001-888-862-6395x612,Burgesston,GA
0039bd9d1a0a4,Hannah,Jones,hannah.jones@gmail.com,8276128524,New Wendy,NJ
0034b6f1c7160,James,Mccullough,james.mccullough@gmail.con,297.958.7352x794,Richardsonborough,AS
003afacf155f1,Laura,Russell,laura.russell@hotmail.com,+1-887-763-2052,Robertshire,NM
00369bd86c8c0,Caroline,Farmer,caroline.farmer@yahoo.com,949607342031977,New Alejandraberg,MP
003e7b85a3414,Natalie,Garcia,natalie.garcia@yahoo.com,0019172079536,Burchfurt,NJ
00336436ec0f1,Kevin,Pearson,kevin.pearson@gmail.com,5949640830,Smithport,WI
003a13dd97910,Dennis,Glass,dennis.glass@gmail.com,914-923-1154,North Nicholas,AZ
003720b312a23,Joshua,Castro,joshua.castro@gmail.con,891-988-7474x7492,Davidstad,NJ
0031c2003fdd1,Dorothy,Padilla,dorothy.padilla@hotmail.com,880.378.3649,Jonborough,KS
003933642a9b9,Kendra,,kendra.french@yahoo.com,+1-999-700-8646,Lake Larryshire,WI
00377abe62542,Mitchell,Bryant,mitchell.bryant@hotmail.com,+1-839-838-1240x1476,Douglasville,NH
0038554b29030,Kelly,Black,kelly.black@hotmail.com,61736027993516,Heatherport,TN
0034fbe952b40,Raven,Miranda,raven.miranda@gmail.com,001-747-812-8715x3991,Lake Sheri,OK
0033ead9fc94a,Rodney,Williams,rodney.williams@hotmail.com,001-500-515-9446,New Breannabury,GA
003a1f2ca130b,Anthony,Levine,anthony.levine@yahoo.com,63548569328743,Lake Melissa,UT
003cf1b083ad2,Richard,Hall,richard.hall@yahoo.con,841880288252128,Lake Mary,LA
003f12ccb0cf6,Kathleen,Horne,kathleen.horne@hotmail.com,6363537558,West Kimberlymouth,PR
003d038a7b3c9,Natalie,Lutz,natalie.lutz@yahoo.com,625-332-2061,Lake Brianberg,SD
0037532c71ac4,Joseph,Gonzales,joseph.gonzales@yahoo.com,376.617.5083,Port Alanborough,SD
0035957d4c3a4,Tracey,Coffey,tracey.coffey@hotmail.com,(776)263-7239,Dustinchester,AL
0037797135024,Brianna,,brianna.hamilton@gmail.com,(791)984-5441x9838,Danielshire,MD
0038a03ef5b41,Tina,Cantrell,tina.cantrell@hotmail.com,(309)425-1920,New Regina,MA
0034a4f849a76,Jessica,Rodriguez,jessica.rodriguez@yahoo.com,280-256-9421x1874,West Ashleyborough,AK
003d4023b9cff,Lisa,Santiago,lisa.santiago@gmail.com,4354040049,West Christina,VA
003967eebc395,Emily,Soto,emily.soto@yahoo.com,8985221672,New Austinshire,NC
0035124019d41,Rachel,Jimenez,rachel.jimenez@hotmail.con,(395)778-6718,Cochranshire,CT
0032d1e6e81ec,Erin,,erin.powell@gmail.com,929.480.6990x162,Karenchester,KS
00340458061e7,Danielle,,danielle.livingston@yahoo.com,001-465-942-1406x65044,Robinsonville,PW
0037f72dffd53,Mark,Moreno,mark.moreno@yahoo.com,560-399-6465x49627,South Jennifer,MI
0031b3ce1f1f4,Timothy,Walter,timothy.walter@hotmail.com,5866689707,Port Kimberly,VA
0033d7a40c9fe,Jason,Mathis,jason.mathis@hotmail.com,34266085502625,South Tiffanytown,NJ
003d69028524f,Kathleen,Snyder,kathleen.snyder@gmail.com,600441432694410,East Jordan,NM
003a7566a86ed,Timothy,Chase,timothy.chase@hotmail.com,(476)443-9117,Smithview,NC
00302390f34f3,Ashlee,Bailey,ashlee.bailey@yahoo.com,4586644963,North Jenny,FM
0031615cba593,Samantha,Barrett,samantha.barrett@hotmail.com,215.903.7017x09264,New Gabriel,MT
003910d4ef186,Steven,Lang,steven.lang@hotmail.com,853.655.6093x2048,Jonathanfort,VA
00370d3a62259,Valerie,Gomez,valerie.gomez@gmail.com,401.635.8812x1555,West Kaylaland,CT
003e9978705c3,Lauren,,lauren.davis@hotmail.com,001-339-744-2708x02147,Davisfurt,MH
003853a398822,Robert,,robert.medina@hotmail.com,18713418626,East Nicholas,NV
0038fe6b60855,Joshua,Lee,joshua.lee@hotmail.com,001-676-462-7051x1579,West Crystal,TX
003488f5a048d,Alex,Odom,alex.odom@yahoo.con,538.364.3149x0836,Fernandezland,MD
00348dc300ed2,Kirk,Jones,kirk.jones@yahoo.con,402.923.8045x347,Bowersstad,VT
003ac176828a1,Amanda,Holt,amanda.holt@gmail.com,729680093413734,North Angela,GU
00397d06170f8,Manuel,Wells,manuel.wells@yahoo.com,001-408-450-7491x139,Hoffmanland,IA
003ae107efd97,Mary,Murray,mary.murray@yahoo.com,5873586285743,Jacobchester,VI
0032e3b1b44b1,Robin,Campbell,robin.campbell@gmail.com,594-336-8153,New Patriciabury,NV
003a9e5c1e30f,Nicole,Thomas,nicole.thomas@gmail.con,408.329.3870x24196,North Mitchellberg,NC
003929fe1d5d2,Brandon,Santiago,brandon.santiago@yahoo.com,001-241-520-9481x8139,Port Amandamouth,MO
003a3346547d8,Lori,Gray,lori.gray@gmail.com,0019608771313143,Jessicaburgh,GU
0038a8ee56034,Timothy,Mcgrath,timothy.mcgrath@hotmail.com,271.543.6539x34797,Ryanshire,UT
0037a6b58428a,Heather,Harris,heather.harris@gmail.con,(209)417-3108x0945,Patriciaton,IN
003284fb0d821,Johnathan,Ramirez,johnathan.ramirez@yahoo.com,4322811659930,Howardberg,UT
003c8608de485,Ashley,Bennett,ashley.bennett@yahoo.com,942-428-3924x72081,Port Jermaine,NV
00340144bb39d,Laura,Richardson,laura.richardson@hotmail.com,275-914-2202x129,Port Sheilafort,PW
0034e8999cb2f,Stephanie,Leon,stephanie.leon@yahoo.com,211.284.2527x863,East Kenneth,LA
003a8bcddf977,Emily,,emily.jones@hotmail.com,001-270-560-4462,West Duaneland,CT
003877ec024ef,Kimberly,,kimberly.graham@gmail.com,14672896300935,West Duane,NC
003a42eb4dddb,Amy,Berry,amy.berry@gmail.con,2666881279,Gardnerland,TX
003b4dbe522e4,Melissa,Nichols,melissa.nichols@gmail.com,2799108779,Port Benjamin,IL
0032d04ecc921,Isaac,Wagner,isaac.wagner@yahoo.com,8006398780,Carrieborough,UT
0030bb4d6a1e3,Andrea,Wagner,andrea.wagner@yahoo.com,2482272125277,Port David,MA
003307fb66efa,Nathan,Gross,nathan.gross@hotmail.com,001-986-383-5473x745,South Charlesbury,ID
003c59f8a6194,Paul,Clark,paul.clark@hotmail.con,240-612-7841,East Jesse,PR
00392e8316c6f,James,Rowland,james.rowland@yahoo.com,+1-302-594-0375x353,Hayesville,OR
003d2667300ef,Susan,Lee,susan.lee@yahoo.com,858.323.9788x356,West Ericafort,VT
003b3ad10eef1,Judith,Ross,judith.ross@gmail.com,263.575.0605,Hawkinsport,VI
003418c049803,Renee,White,renee.white@hotmail.com,560-932-4841,Jaredton,NH
0032445b85a64,Caleb,Todd,caleb.todd@gmail.com,945413029990303,Tylerstad,SC
0037adeac8b43,Joseph,Rodriguez,joseph.rodriguez@hotmail.com,890-960-4679x323,Christopherborough,KS
00301b84fe08b,Barbara,Miller,barbara.miller@hotmail.con,201-268-3780,New Michael,GU
003dfb3c118aa,Christopher,Murillo,christopher.murillo@yahoo.con,480.747.8054x4529,Ashleyville,SD
0035e31b014da,Sarah,Flynn,sarah.flynn@gmail.com,851.663.5781x16446,Port Coreystad,NC
00385cffd5cd5,Corey,Newman,corey.newman@hotmail.com,+1-710-614-7391x2983,Hollandmouth,ID
003dfcc79babe,James,James,james.james@gmail.com,4725073115676,North Tiffany,TN
0037ab417bb59,Matthew,Lewis,matthew.lewis@yahoo.con,001356833536853024,New Hollymouth,GU
00306901f8910,Rebecca,Shelton,rebecca.shelton@gmail.com,36721999275237,Bellton,MN
0031df5ca8f0b,Regina,Irwin,regina.irwin@gmail.com,(875)234-8726,North Jasonton,PA
003c97309991a,David,Hall,david.hall@yahoo.con,(492)599-3386x34587,Wardmouth,IN
003b112169772,Alyssa,Thomas,alyssa.thomas@yahoo.com,+1-591-498-7813x39172,New Thomas,MN
00393a3193698,Sheila,Ruiz,sheila.ruiz@yahoo.com,642-809-9723x65878,New Sheriberg,CO
003e8c665efda,Gabriel,,gabriel.ingram@yahoo.com,001-743-590-4489x09322,Rebeccamouth,MI
00384fbb37795,Chad,Kelly,chad.kelly@gmail.com,001-220-322-7961x770,Lake Brittany,ND
0036a6228210c,Matthew,Smith,matthew.smith@hotmail.com,560.574.2906x95222,Port Jose,HI
00365227c6bc3,Pamela,Fernandez,pamela.fernandez@yahoo.con,746.381.0548,West Kevin,TN
0035cd2cf089d,Amber,Davila,amber.davila@gmail.com,+1-512-897-8552x96489,Brianview,FM
003691e282029,Derrick,Gonzalez,derrick.gonzalez@yahoo.com,487529363178680,West Charles,WA
003f92cec1b7b,Jeffrey,Henderson,jeffrey.henderson@yahoo.com,908-891-2059x944,Lake Alexisside,ND
003700c2dd669,Kimberly,Edwards,kimberly.edwards@hotmail.com,145687078977554,Clarkfurt,WA
00387cfbc7ced,Victoria,,victoria.west@hotmail.com,272-819-3059,North Joshuamouth,NM
00387cf428730,Patricia,May,patricia.may@hotmail.com,2386890441,Lake Jasonmouth,ID
003610b89f417,Lori,,lori.cline@gmail.com,229-324-2195x973,Jenniferland,ID
003f8f8455550,Nicholas,Mendoza,nicholas.mendoza@hotmail.con,662.864.1412,West Sharonfort,OH
003a58571679d,Edward,Padilla,edward.padilla@hotmail.com,(445)387-1663x93032,Tanyaland,MH
003d47e420b11,George,Walker,george.walker@hotmail.com,+1-530-740-0512x9486,Erikton,IL
00364efc7367f,Ashley,Smith,ashley.smith@gmail.com,(658)312-9205x9229,Hallbury,NH
0039acce501d1,Nicole,Matthews,nicole.matthews@hotmail.com,001-424-555-3815x1827,Michaelmouth,TX
003b2e4e08557,Gabriel,Ray,gabriel.ray@gmail.com,4595799903,Paulaland,MH
003b2997974e0,Kristin,Taylor,kristin.taylor@yahoo.com,576-599-9875x11948,Travisstad,TX
003fd186d571f,Andrea,Martinez,andrea.martinez@gmail.com,+1-547-403-4463,Edwardsborough,MD
0036eb965d048,Jason,White,jason.white@gmail.com,703-411-3995,Mcintoshmouth,IL
003b22a067ba8,Paul,Newton,paul.newton@gmail.com,65078257269677,Andreamouth,WV
003f35ad4b914,Debbie,Henson,debbie.henson@gmail.com,677.720.4393,Millsmouth,UT
003a878c34f0e,William,Lin,william.lin@gmail.con,(459)946-7573x9540,Port Johnport,PA
003aae2d6042a,Danielle,Welch,danielle.welch@hotmail.con,4517230335,West Juan,MA
003063b0a499a,Richard,Vaughn,richard.vaughn@yahoo.com,5218770253,Williamburgh,VI
00355cdfcdd0a,John,Walker,john.walker@yahoo.com,8889040450,Rodriguezhaven,FL
003bb04de1fc4,Audrey,Collins,audrey.collins@hotmail.com,443-629-8769x89365,North Jonathanton,FL
003034bb20e34,Sean,,sean.parrish@gmail.com,(229)201-5629x938,North Jermainestad,MO
0035c227d9424,Jasmine,Myers,jasmine.myers@gmail.com,288-335-6347x1688,East Mitchell,VA
0032fd13ab625,Kendra,,kendra.vasquez@gmail.con,0018282844142533,Schmidtfort,ID
003efbff8b620,Lisa,Warner,lisa.warner@yahoo.com,(735)758-9729,West Kevinshire,GA
0036353504b6b,Daniel,Johnson,daniel.johnson@gmail.com,9912371283,Graceshire,LA
00350d96bc8a8,Marcus,Mahoney,marcus.mahoney@hotmail.com,52233242043006,Port Emilyland,PR
003ce6121bd33,Jasmine,Ryan,jasmine.ryan@hotmail.com,513.277.4340,West Abigail,IN
003eb4cd86d33,Heather,,heather.acevedo@yahoo.com,708.271.5599x4383,Davidhaven,ID
003d6d051c5cf,Laura,Carter,laura.carter@yahoo.com,220-357-0237x562,Port Rebeccamouth,TX
0035324a5fe8f,Eric,Jackson,eric.jackson@yahoo.com,7244987020,North Richard,ID
00389c87337a0,Linda,Burton,linda.burton@yahoo.com,(384)846-7940x36640,Diazburgh,PA
00333e8e77f72,Darrell,Sanchez,darrell.sanchez@hotmail.con,4532572289,Port Charlesport,CT
0034e9eac6374,Deborah,Hale,deborah.hale@hotmail.con,00176464491185101,New Troymouth,NY
00317c4a46f42,James,Cook,james.cook@gmail.com,454.657.9494,Anthonyside,NE
003146f521da3,Martha,Randall,martha.randall@hotmail.com,(682)210-6261x262,Savannahside,WY
00363eeb1765c,Judy,Smith,judy.smith@yahoo.com,001-245-438-8322x1974,North Andreahaven,CA
0039df1937910,Eric,Mosley,eric.mosley@hotmail.con,2019431016,West Daniel,MH
003cdccc5df50,Brenda,Little,brenda.little@hotmail.com,001-281-655-7800x33428,New April,MT
003c84d044682,William,Meza,william.meza@yahoo.com,(305)305-7599x75392,Alexandrastad,ND
0038f2364cf61,Chris,Murray,chris.murray@yahoo.con,5922071152,New Ashleyfort,VA
0030e4e88e673,Kimberly,Decker,kimberly.decker@gmail.con,+1-339-597-8387x4430,South Davidport,OH
003703d130a2e,Lauren,Solis,lauren.solis@hotmail.com,441-708-8265,Alyssaborough,KY
00370d4f53708,Rebecca,Munoz,rebecca.munoz@yahoo.con,1815783776749961,Lake Gina,FL
003b4528b2070,Charles,King,charles.king@hotmail.con,001-939-472-5529x06069,New Craigville,WY
00324fca3a75a,David,Knight,david.knight@gmail.com,894-291-8514x7561,Robertsonburgh,MP
0039f112b2c5e,Tommy,Watkins,tommy.watkins@hotmail.com,(891)926-8471,Port Michelle,SD
00328de44288f,Katherine,Goodman,katherine.goodman@gmail.com,7605595587042,Port Saratown,HI
003d75502142a,Gabriel,Smith,gabriel.smith@gmail.com,250.606.4558,Jessicahaven,NV
0034a7c1e41cf,Kirk,Ramirez,kirk.ramirez@hotmail.com,+1-411-501-9683x80914,North Joshua,MN
0036f2ff7b30b,Kim,Butler,kim.butler@yahoo.com,+1-946-522-5223x7281,Port Danaland,LA
0037f3359dea3,Jessica,Charles,jessica.charles@gmail.com,98287568497850,Nathanville,PR
003b5ade24cb5,Andrew,Hamilton,andrew.hamilton@hotmail.com,+1-276-836-3625x1660,Lake Samuelstad,GU
0039b1b0ffbfb,Megan,Newton,megan.newton@gmail.com,15049699811721,Port Tyler,FL
0037a335cbad0,Elizabeth,Hart,elizabeth.hart@hotmail.con,569-334-4078x85861,East Matthewshire,MH
003617bec49ae,Mariah,Burns,mariah.burns@hotmail.con,239.989.9809,East Katie,MS
00395be5202d7,Karen,Medina,karen.medina@gmail.con,366798819808845,Frazierborough,MP
0039326ec8813,Stephanie,Chan,stephanie.chan@gmail.com,48767601310986,South Alyssachester,NE
003faf225f43e,Antonio,Stanley,antonio.stanley@hotmail.com,17194733494,Harrishaven,RI
003c415acd9d7,Tammy,Bailey,tammy.bailey@gmail.com,001-695-379-4758x16602,Garciafurt,AS
0034a5e0bac38,Michelle,Adams,michelle.adams@gmail.com,(935)513-4010,East Stephaniestad,MO
00394cb43bb8c,Larry,Sloan,larry.sloan@yahoo.com,001687360287490726,New William,IA
00327e7330d11,Kyle,Woodward,kyle.woodward@gmail.com,+1-471-457-5571x663,West David,VI
0039d38946ca0,Christina,Moreno,christina.moreno@hotmail.con,(733)392-2071,North Larry,HI
003fee496bc85,Cassandra,Williams,cassandra.williams@yahoo.com,+1-740-471-2534x61155,New Michael,DE
003eab1fa2da6,Alyssa,,alyssa.palmer@hotmail.com,00195040176920990,Torresshire,MS
003d5f8a0ab25,Misty,Savage,misty.savage@gmail.con,789953115439781,Smithchester,PR
003a15efdd301,Mark,Huff,mark.huff@gmail.com,+1-445-399-0802x7112,Karenfort,MO
00315d591e7c9,Mason,,mason.little@hotmail.com,961-806-0140x336,North Ray,NV
003f22d638408,Katherine,Valentine,katherine.valentine@yahoo.com,(935)745-8771x044,Cruztown,WI
0035b9e113136,Marissa,Anderson,marissa.anderson@hotmail.com,23427106459340,West Edward,NC
00324a1e6cced,Jessica,Bartlett,jessica.bartlett@hotmail.com,001811822528837505,Lake Jeremyfort,OH
003c4445e3a05,Phillip,Patton,phillip.patton@hotmail.con,+1-548-251-4335x523,Port Jesse,GU
00364cae7f9d3,Debra,Mcdonald,debra.mcdonald@yahoo.con,00121035417150076,Michaelchester,CT
00350dc9813f9,Lisa,Miller,lisa.miller@hotmail.com,701.959.5919x457,Nguyenfurt,NH
003a5903487d0,Daisy,,daisy.hooper@yahoo.com,4672798300,Lake Christopherland,MP
003435078fa79,Tanya,Wood,tanya.wood@yahoo.com,930-516-7250,Port Megan,NC
003c3bac9555b,Peter,Glenn,peter.glenn@yahoo.com,001-525-210-3153x08703,Dennischester,LA
003d703cb2ffb,Eric,Clay,eric.clay@yahoo.com,1558439985641913,West Johnport,NC
0031454d9884e,Tiffany,,tiffany.moore@gmail.com,001-801-990-9459,Huntport,MA
003e054419bd3,Dale,Leon,dale.leon@hotmail.con,616.882.8982x1824,Castanedaport,SD
0031157df4f43,David,Allen,david.allen@gmail.con,410.212.3296x151,West Dianaberg,NV
003421d8985b8,Leah,Jimenez,leah.jimenez@yahoo.con,211972959639040,Loganstad,MO
003ba97c626b1,Paul,Roberts,paul.roberts@gmail.com,5665050337469,New Sarahburgh,WA
0031346b02d4d,Sara,Mendez,sara.mendez@yahoo.com,877829343010713,West Kevinside,MD
003a25f6fc878,Pamela,Johnson,pamela.johnson@gmail.com,+1-229-788-0928x820,South Charles,GA
0033accb31163,Jason,Barr,jason.barr@hotmail.con,001-687-620-3238x32270,West Michael,AR
00360a35a4c40,Robert,Thompson,robert.thompson@yahoo.com,(830)825-7865x35786,Millerview,NJ
00342451f0ac3,Vanessa,Rowland,vanessa.rowland@yahoo.com,385-279-9252x34021,Lake Kristin,GU
0036b73e57af0,Darrell,Hess,darrell.hess@hotmail.com,+1-701-376-4717x9440,South Kyle,MN
0032d981e5a44,Brett,Griffin,brett.griffin@hotmail.com,001-432-800-2426x363,South Curtis,VA
003d04a6aff28,Meredith,Marshall,meredith.marshall@gmail.com,5687409642,Port Nicole,KY
003c06068f5e6,Christopher,Wood,christopher.wood@hotmail.com,+1-768-483-2753x273,Port Cassandramouth,VI
003ff821fd731,Desiree,Hudson,desiree.hudson@gmail.con,5479521127596,Martinbury,AR
0030b83edd39b,Amanda,,amanda.bray@yahoo.com,778.387.2427,Scottstad,RI
0038afa5ff2a1,Pedro,Myers,pedro.myers@gmail.com,638723919294787,Harperport,NC
0033f5f2e701d,Maria,Carr,maria.carr@gmail.con,0014725635288280,Port Stephanie,WV
00377b397ea7e,Cheryl,Schultz,cheryl.schultz@yahoo.com,(241)394-9583x25199,Terryfort,AR
003473d6df09c,Sarah,Werner,sarah.werner@yahoo.com,001-335-710-7385,New Kevinville,NV
003018b95eff2,Debbie,Lin,debbie.lin@yahoo.com,001-546-383-3971,Cindyland,NY
003121e449987,Carol,Williamson,carol.williamson@yahoo.com,7062335578,East Nathanview,ND
003ff61aa50cc,Kimberly,Warner,kimberly.warner@yahoo.com,+1-441-403-5586x255,Gibsonchester,DC
0038adf7f32c3,Sylvia,Contreras,sylvia.contreras@hotmail.com,(489)475-8551,Danielleview,PR
003516c9fc49e,Nicole,,nicole.evans@yahoo.com,001-573-916-1424x17001,Lake Samuel,WV
003fd5f18a3c6,Leroy,Torres,leroy.torres@yahoo.com,529-527-8632x11851,Staceymouth,IA
003950a68a895,John,Griffin,john.griffin@gmail.com,9739571361,Mirandamouth,MD
003d1531f3551,Jennifer,Neal,jennifer.neal@yahoo.com,451-730-4770x666,West Matthew,MI
00328a90cf9a4,Anna,Christensen,anna.christensen@hotmail.com,898.242.7690x1770,South John,HI
003e1c2be25e9,Thomas,Bennett,thomas.bennett@gmail.com,+1-541-823-6111,West Robert,PA
00382e3cd96ca,Michael,Perry,michael.perry@yahoo.com,515.596.3503x14109,Beardport,FM
003ba1a5a3536,Joseph,Goodwin,joseph.goodwin@hotmail.com,+1-956-895-8065x2674,Mathisfort,PR
00302e8793275,Casey,,casey.lopez@gmail.con,(735)876-9136x47259,North Danielleshire,KS
003a00c63af51,Felicia,Stewart,felicia.stewart@gmail.com,93628017083879,Stevenland,LA
003e86275f40f,Hannah,Collins,hannah.collins@gmail.com,863337069511819,East Bailey,CT
003d95a5509eb,Susan,Hamilton,susan.hamilton@gmail.com,(844)876-8747x5672,West Brianside,TN
003766ea1bd9f,Gregory,Brown,gregory.brown@gmail.com,582-850-4065x844,North Andrew,WV
003aef7e1c23a,Tony,Montgomery,tony.montgomery@hotmail.com,00151644575275428,Lake Markchester,TX
003f76433db62,Andrew,Hoffman,andrew.hoffman@hotmail.com,8509660964,Wuview,GU
0034ce938ebe4,Dan,Hanson,dan.hanson@yahoo.com,505-992-0865,Nicolebury,KS
003bbf3b40767,Christopher,Jordan,christopher.jordan@hotmail.com,17868101581,Jacksonview,ME
003592c537fd6,Rachel,Johnson,rachel.johnson@hotmail.com,5194801106,Christopherhaven,PA
00320337b4e26,Christopher,Alexander,christopher.alexander@yahoo.com,353.504.5370x747,New Samantha,GA
003c3bf2c526f,Debra,Moon,debra.moon@hotmail.con,829-352-4967x269,Gabrielhaven,WV
003e1a4dc9b6d,Victor,Hall,victor.hall@hotmail.com,964-857-5262x133,Lake Kristenchester,LA
0037e23190b38,Jason,Benson,jason.benson@yahoo.com,+1-741-475-1800x756,Katrinafort,RI
0037dfce003fd,Crystal,Patrick,crystal.patrick@gmail.com,8088100142,West Michelleton,OK
003d327582b18,Jacqueline,Murphy,jacqueline.murphy@gmail.com,295.283.3265,Carolineton,IA
0031d36ae3c50,John,Lindsey,john.lindsey@yahoo.con,(293)499-8740,Steveville,WA
0033e00250bdb,Michael,Butler,michael.butler@hotmail.com,504-829-1037x497,Michaelberg,DE
003f6e67e4942,Brandon,,brandon.martin@yahoo.com,89882997699714,Port Jose,OH
0030402479cff,Wanda,Herrera,wanda.herrera@hotmail.con,001-639-803-1696,Alvaradochester,DE
003ddbfeb52a2,Mark,Carter,mark.carter@hotmail.com,378.801.5739x93056,West Willie,CT
00356d9b8aa1c,Alexandra,Shepherd,alexandra.shepherd@yahoo.com,(763)340-5475,East Williamtown,PA
003c5101016d7,Steven,Green,steven.green@hotmail.com,9514587097,Farrellstad,CO
00322cac2533a,John,Terry,john.terry@yahoo.com,+1-810-716-6687x00217,Rachelshire,TN
003017715aeef,Joel,Johnson,joel.johnson@yahoo.con,7098486817,New Davidview,MD
003f976c0e23e,Rhonda,Blevins,rhonda.blevins@yahoo.com,(649)612-6044x32569,East Amanda,OK
0033a4a0878fb,Richard,Hunt,richard.hunt@yahoo.com,(902)643-6041x103,East Sherylchester,KY
003253277ca32,Joshua,Riddle,joshua.riddle@yahoo.com,658.566.2961,West Seanview,CT
003c34fe03b63,Kimberly,Mills,kimberly.mills@yahoo.com,805-787-9035x0450,Whitneyborough,HI
003f284871f3a,Meghan,King,meghan.king@hotmail.com,+1-442-449-8182,South Pamelaside,LA
0030afb711bb5,Jeremy,Cameron,jeremy.cameron@yahoo.con,0017225912706,Timothyhaven,ID
003f84d85ee8c,Michele,Thomas,michele.thomas@gmail.com,270-650-7578,Williamsbury,FL
003dddcef12a9,William,Maldonado,william.maldonado@gmail.com,5172235137,Traceyfurt,GU
0031fa63e4015,Adrian,Griffith,adrian.griffith@gmail.com,(768)768-7037,West Julie,MT
003caa81e91b5,Cathy,Martinez,cathy.martinez@hotmail.com,+1-282-725-8140x1011,Lake Julieville,AZ
003e57a7473b7,Andrew,Sanchez,andrew.sanchez@yahoo.con,51667021492907,New Amymouth,OR
003934336d3c8,Timothy,Carlson,timothy.carlson@gmail.com,703.208.4490x9760,Port Teresa,ID
003274b70d2ae,Hector,Lopez,hector.lopez@hotmail.com,001-770-762-5873x6080,South Victoriastad,PR
003d038db19bb,Charles,,charles.colon@hotmail.con,532797198085042,New Jamestown,PW
0030e04d85ab1,David,Reyes,david.reyes@gmail.com,9369460098,East Ashleymouth,RI
00368b5b014f7,Gina,Copeland,gina.copeland@hotmail.com,500.258.3269x73606,South Angela,IA
00332f1ee89c6,Dustin,Hall,dustin.hall@hotmail.con,402-514-2172x19989,East Tinabury,AK
003ea85281165,Raymond,,raymond.white@yahoo.com,316.895.6285,Port Sonya,NE
0038cf77bfcc0,Jessica,Gates,jessica.gates@gmail.com,001-632-384-2221x62910,Lake Julia,SD
0030fbf8e9a1d,Barbara,White,barbara.white@gmail.con,(416)334-0661x7618,Julianland,MO
00331a8ba4b40,Allison,Reynolds,allison.reynolds@gmail.con,3333305613,Harrisonton,NY
003bbf1b24337,Eric,Willis,eric.willis@yahoo.com,9572644974,Crawfordport,OK
003e8e936e628,James,Aguilar,james.aguilar@hotmail.com,+1-474-595-5910,West Ricardo,IL
003b032d4525c,Maureen,Mendez,maureen.mendez@gmail.com,9339761915,East Chad,IA
003128f388d23,Jennifer,Lawrence,jennifer.lawrence@hotmail.com,+1-843-211-2409,West Rodney,DC
003d2bb90bec1,Nicholas,Cunningham,nicholas.cunningham@gmail.com,425.972.7346,West Dana,FM
003f65d6802d8,Patricia,Church,patricia.church@gmail.com,1426704976979987,Hayesmouth,VT
003caf7dc42d6,David,Cochran,david.cochran@hotmail.com,634-786-4010x42462,New Carrie,PR
00314952bbb8c,David,Brock,david.brock@yahoo.com,400.945.3585x9730,Livingstontown,ME
003e23cb5fb97,Mary,Branch,mary.branch@gmail.com,(730)690-2739x9558,Danielview,PW
0034f7e75e304,Victor,Gates,victor.gates@gmail.com,001-253-908-1695x78723,Lopezside,NV
003f55363b609,Patrick,Wong,patrick.wong@gmail.com,265-732-6139,North Sophia,HI
0037d5347717b,Andrea,Wilson,andrea.wilson@gmail.com,8179860577,Floresmouth,KY
0033863c60562,Leslie,Jones,leslie.jones@hotmail.com,923.303.0180x3761,North Kennethhaven,WY
0033574710292,Cassandra,Charles,cassandra.charles@hotmail.com,902.992.7120x539,East Laurafurt,VA
003de39bace4d,Shannon,Crawford,shannon.crawford@hotmail.com,+1-729-993-9791x39448,Lake Nicole,RI
003f60fd55e1c,Sonya,Lang,sonya.lang@hotmail.com,438.676.5758,New James,MO
003fc4d234543,Crystal,Clark,crystal.clark@yahoo.con,001-695-304-3896,North Thomas,FL
0035d8bb2bd10,Maria,Smith,maria.smith@hotmail.com,238-641-8520x13626,Ashleyburgh,SC
0033faed1d5ea,Matthew,Moreno,matthew.moreno@hotmail.com,7553826321894,Howardville,NM
003ea5e17432d,Kristen,,kristen.mcknight@hotmail.com,529781086044159,Archerstad,IL
0031e026ad13a,Cody,Jenkins,cody.jenkins@gmail.com,+1-393-206-3603x0482,Gomezmouth,OR
003ded951b056,Carl,Carpenter,carl.carpenter@hotmail.com,(929)392-8425x08763,Terrimouth,CO
0030af72dafb9,Sarah,Miller,sarah.miller@gmail.con,7468527404,Port Brenda,NV
00366b8e0a78e,Kelli,Gonzalez,kelli.gonzalez@yahoo.com,368.753.8933x5624,Robertfort,VA
003b07d49d853,Margaret,Wright,margaret.wright@hotmail.com,312.995.0488,New Joe,AS
00371eb52a37e,Edward,Rodriguez,edward.rodriguez@gmail.com,(654)996-3308x3344,Port Gabrielstad,RI
003bcff0ada71,Jane,Henry,jane.henry@hotmail.com,(493)686-7395,Aaronville,OH
003a9e186d44a,Jenna,Li,jenna.li@hotmail.com,+1-672-338-5613x2501,New Thomashaven,RI
0034c744060b2,Tracey,Melton,tracey.melton@yahoo.con,475437644512562,New Ariel,VA
003662b72eb98,Timothy,Johnson,timothy.johnson@gmail.com,(795)890-3177,Port Katherine,LA
0032cb8f23a91,Brittany,Ward,brittany.ward@yahoo.com,662-695-6723x0855,Laneside,NY
003463bcb88fe,Thomas,Young,thomas.young@gmail.con,749645689988847,East Lance,MA
0034f30aa541d,Ryan,Benson,ryan.benson@yahoo.com,001-509-319-1935x26425,Lake Nicholaschester,VA
00316f844d606,Chelsea,Norman,chelsea.norman@gmail.com,001-347-249-3882x7963,Michaelberg,MO
003ec7c096c53,Adam,Carter,adam.carter@gmail.com,382-206-8204,Avilafort,PA
0038116d913d1,April,Patterson,april.patterson@yahoo.com,+1-543-626-1810x229,North Jenniferfurt,GU
0031f95364553,Maria,Davis,maria.davis@yahoo.com,134523757394266,South Michaelshire,WA
003382eb9c579,Christian,Gomez,christian.gomez@hotmail.con,001-934-474-5024x0537,Marvintown,IA
0033feb2d4ede,John,Mcconnell,john.mcconnell@yahoo.com,16665186957240,Daviston,NM
0036a9b991f40,Cory,Hicks,cory.hicks@hotmail.com,949.996.0716x8302,Youngshire,MI
003893a7e311f,Justin,Dorsey,justin.dorsey@hotmail.com,(717)321-3145x1951,Hernandezport,RI
003c9ea697b2e,Kaitlyn,Smith,kaitlyn.smith@hotmail.com,19077519919817,Christineburgh,NC
003b993d2091c,Cathy,Smith,cathy.smith@gmail.com,7314271183,Kimberlybury,AK
0038501010244,James,,james.mccall@gmail.com,679-285-4900,West Heather,MH
0038ec866e372,Karen,Martin,karen.martin@yahoo.com,3337230982,North Hannahchester,NV
0030c0fbbe627,Joshua,Farmer,joshua.farmer@yahoo.com,(802)829-6120x183,Scottchester,NM
003fbd597d609,Michael,Herrera,michael.herrera@yahoo.com,9483715161,Hernandezmouth,MD
003e29479b271,Heather,Abbott,heather.abbott@gmail.com,1268675741228767,New Ruthberg,VT
003ebc517d352,Robert,Ortega,robert.ortega@hotmail.con,213.424.1910,Jasonport,HI
003a8cefa4c9a,Denise,Patterson,denise.patterson@hotmail.com,001738447773362342,West Andrew,NV
003794e7d6baa,Crystal,Warren,crystal.warren@yahoo.com,001-398-699-1263x82794,Williamshaven,GA
003435b11a7f6,Julie,Lee,julie.lee@yahoo.com,4944133098455,Doyleberg,MI
0035bd8b76208,Matthew,Nicholson,matthew.nicholson@hotmail.com,(334)287-1832x95060,Christianhaven,VI
0032e82515d2c,Elizabeth,Perez,elizabeth.perez@gmail.com,9984228359499,Caseyland,ND
0035d981a8aeb,Natalie,Smith,natalie.smith@gmail.com,699.391.5572x876,Thomasbury,SC
0036291fcdc61,Gregory,Brown,gregory.brown@hotmail.com,911.700.5912,North Jennifer,CO
003c5ac321094,Nicholas,Mccoy,nicholas.mccoy@yahoo.com,4188495894835,East Meganmouth,PW
003d49d03ed48,Terri,,terri.morris@gmail.com,530463377318093,Port Roger,GA
0035b8ac6b107,Russell,King,russell.king@gmail.com,(346)633-5157,North Markport,AK
003f68a42aad1,Mary,Hall,mary.hall@gmail.com,+1-525-952-5003x0897,Lake Richard,AZ
00365499dd398,Joshua,,joshua.gibson@gmail.com,615-253-6915x8557,New Laura,TX
003f1f0b609db,Christopher,Mason,christopher.mason@gmail.com,(906)633-5759,Tamaraland,IN
00359f18bb5af,Jerome,Smith,jerome.smith@yahoo.com,875.634.7474,Veronicahaven,MH
003f90f9aa803,Christopher,King,christopher.king@hotmail.com,(818)210-7777x8342,Hendersonfort,WI
0035bcf316fee,Sue,Webb,sue.webb@hotmail.con,(447)710-2767x7359,Shannonberg,CT
003160031e61b,Joshua,Whitney,joshua.whitney@gmail.con,2654820297,Scottland,OK
0032d5ee680da,Edwin,,edwin.bradley@hotmail.con,3352219609,East Christopher,CA
00376202a8ce2,Nancy,Montes,nancy.montes@gmail.com,001-548-978-1993x57256,Krausechester,VA
003772106ff54,Krista,Rice,krista.rice@yahoo.com,+1-331-837-9716x6984,Whitehaven,TN
003e6037dc96d,Bryan,Johnson,bryan.johnson@hotmail.com,3676571236,Barberfurt,OR
00314b6579413,Anthony,Mathis,anthony.mathis@gmail.com,406.779.4907x869,Moralesbury,MI
003b1617160eb,Keith,Delacruz,keith.delacruz@yahoo.con,641.995.2814,Tylerside,SD
00358c2396f29,Warren,Brown,warren.brown@gmail.com,152074872874394,New Angelafurt,MP
003dec7954883,Jay,Byrd,jay.byrd@gmail.com,8777719619971,Kimberlytown,AK
00324b206ee4e,Ronald,Hamilton,ronald.hamilton@gmail.com,750-396-4663x686,Johnsonfort,PA
003d659ae9875,Jasmine,Perkins,jasmine.perkins@yahoo.com,96791563075925,East Stevenchester,WV
0037e99142298,Joseph,Andrews,joseph.andrews@yahoo.com,847-382-9240x98866,North Robertside,AZ
0033e25236422,Brandon,Johnson,brandon.johnson@gmail.com,(812)444-3374x95688,Rosechester,DC
003138ed2c6b3,Tonya,Flores,tonya.flores@hotmail.con,635.285.1514,North Aliciahaven,FL
003826bb62d32,Bryan,Williamson,bryan.williamson@hotmail.con,353.742.4950,Martinezmouth,NV
0034090f1f1f0,Michael,Smith,michael.smith@gmail.com,+1-868-346-8737x561,Deborahberg,MH
003d7464dde90,Andrea,Smith,andrea.smith@yahoo.com,+1-997-435-8824x416,East Marcus,AS
0031f784e1676,Christopher,Graves,christopher.graves@yahoo.com,8713775296942,Port Sean,GU
0032ecb65bd88,Audrey,Davis,audrey.davis@yahoo.com,328-420-7907x79886,East Rebecca,HI
00345b3fe03b7,Jean,,jean.lynch@gmail.com,997.905.8162x9518,Michaelfort,OH
003ec194db58e,Katie,Ruiz,katie.ruiz@hotmail.com,5204225243,Amyville,MN
00326763c64b1,Kevin,Kent,kevin.kent@hotmail.con,001289624557464333,Joeltown,PR
0039160cf60f9,Dawn,White,dawn.white@gmail.com,(759)956-7997x1468,Lake Ashleyberg,GA
003b64729bc7e,Joshua,Warren,joshua.warren@gmail.com,92880489192944,Muellerville,IA
00303642c7e43,Gerald,Blackwell,gerald.blackwell@gmail.com,336-482-8534x24455,Moralesland,AR
0039831bb097b,Kevin,Smith,kevin.smith@yahoo.com,385-387-1570,East Jason,WA
003650fd50d72,Johnathan,Reeves,johnathan.reeves@yahoo.com,0016527840035324,Longmouth,ID
003e44c249e0f,Kristin,,kristin.molina@hotmail.com,(449)334-1582,Sarafurt,MT
003e57be0ba8f,Troy,,troy.johnson@gmail.con,001-952-977-0354x76630,Jacksonbury,KY
0033967bf1875,Sara,Robinson,sara.robinson@yahoo.com,299684320689479,Kimberlyville,HI
00388ef1f8c0a,Daniel,Woods,daniel.woods@gmail.com,3702157728272,Robbinsville,TX
003cf9c506679,Gwendolyn,Cox,gwendolyn.cox@hotmail.con,(452)694-2669,Lake Katiestad,PA
00381d98c6cc5,Paul,Gallegos,paul.gallegos@yahoo.com,001-638-372-3951x74518,South Angelica,PR
0032c8fe5547c,Christopher,Miller,christopher.miller@gmail.com,467.767.4742,Samanthahaven,WI
0038a50656374,Janet,Brown,janet.brown@yahoo.com,(885)764-4925x59334,Jamesfort,MH
0035cb929bc2e,Catherine,Hughes,catherine.hughes@gmail.com,4456306935,Alexanderhaven,LA
0039450abd227,Stephanie,Williams,stephanie.williams@gmail.com,001-572-354-1125x53612,Lake Jill,AK
003f37e72e5d4,Jennifer,Hall,jennifer.hall@hotmail.com,223-935-7617,Zamorafurt,IA
00374438fbcd6,Anthony,Jones,anthony.jones@gmail.com,(231)512-9047x270,Johntown,IN
003943e477f69,Charles,Wilson,charles.wilson@gmail.com,7385184467,Brandonshire,SC
003ea8ab6e1f2,Michelle,Garcia,michelle.garcia@hotmail.com,18286921075,Gonzalezview,OR
003aeb67133ba,Glen,Herrera,glen.herrera@yahoo.con,+1-987-345-5135x872,Staceyshire,NY
003cf98465058,Nicole,Lewis,nicole.lewis@yahoo.com,8762280995,Petersonfort,OH
003f9522b6b62,Courtney,Jones,courtney.jones@yahoo.com,+1-680-200-0013x3021,Crosbyview,LA
0031e80e98793,Cynthia,Martin,cynthia.martin@yahoo.con,473-662-8053,Crystalville,OR
0037a8f526f6b,Shannon,Pearson,shannon.pearson@yahoo.com,746272636815418,Blakemouth,SD
003468a96ad33,Margaret,,margaret.cruz@gmail.con,83081460669610,New Robertaton,MS
00324549534d9,Haley,Hendricks,haley.hendricks@hotmail.com,6914864565,Wardfort,MS
0036af591b4c1,Keith,Flores,keith.flores@yahoo.com,6164274351,South Aaronfort,MS
003daffced683,Victor,Mccann,victor.mccann@yahoo.con,(260)432-0039,Port Brenda,OH
0031dab5ed2b4,Samantha,Smith,samantha.smith@gmail.com,00172768723384173,New Reneeport,MA
0031e01139c23,Nicole,Davis,nicole.davis@gmail.com,4678954283,Doyletown,HI
003a2b5c9e87a,Mark,Torres,mark.torres@hotmail.com,(568)623-9554,Kimberlystad,VI
00355ed56f211,Mark,Wood,mark.wood@gmail.com,(679)388-3686x3644,New Donald,AK
0036a680dd228,Alyssa,Gallegos,alyssa.gallegos@hotmail.com,(656)872-6208,East Molly,AL
0030772e14c0b,Deborah,Wood,deborah.wood@yahoo.con,+1-299-631-3221x36440,West Rebecca,MN
003f8e555a37a,Robert,Edwards,robert.edwards@hotmail.com,0015209246175202,East Dylan,TX
00300fe76a95a,Veronica,Wilkerson,veronica.wilkerson@hotmail.con,5796491162046,Ronaldton,AR
0032ef7f67d7d,Ryan,Parks,ryan.parks@hotmail.com,250-774-2178x7830,Mcdowellside,CA
003caaf8f35ce,Shannon,Sullivan,shannon.sullivan@yahoo.com,3617809190,South Ericbury,DC
0038c36ed202a,Sylvia,Gibson,sylvia.gibson@yahoo.com,001-604-726-8181,Carrillomouth,WI
0039cbd48267b,Nicholas,Chavez,nicholas.chavez@gmail.com,(562)861-1424,New Jessicaville,WA
003a29175716c,Dean,Johnson,dean.johnson@yahoo.com,6776188874,Dudleyville,GU
0035282ede5e4,Andrea,,andrea.thomas@hotmail.con,185672965754278,New Matthew,SC
003a101c4d5e0,Shaun,Hicks,shaun.hicks@yahoo.com,55764770608558,Gibsonland,SD
003358bbf5ba9,Linda,Lee,linda.lee@yahoo.com,(820)962-7244x7099,Marvinmouth,MA
003e74073c968,Tina,Wiggins,tina.wiggins@gmail.com,17148603782803,Howardville,ID
003a50508f588,Alejandro,Gonzalez,alejandro.gonzalez@yahoo.com,(668)884-8657x374,North Angela,ND
003dfff2ac18f,Samantha,,samantha.perez@yahoo.con,290926218198924,Savannahview,MH
0037ed34ef0a5,Carlos,Miller,carlos.miller@hotmail.com,811-595-5640x919,Braytown,CA
003f7d46817d6,Ann,Krueger,ann.krueger@gmail.com,17943614554,North Tara,NV
003c95613b64b,Brittany,Moore,brittany.moore@yahoo.com,57058939350462,Lake Rebeccatown,MA
00353eaa3141e,Kyle,,kyle.bennett@yahoo.com,344.546.9645x89244,Katrinaburgh,WI
003075de7eaaf,Jennifer,Hawkins,jennifer.hawkins@yahoo.com,(348)820-9872x84818,Vernonmouth,GA
0038fcf8e00ea,Marvin,Williams,marvin.williams@hotmail.com,00138390941349096,Lynchhaven,AL
0038701fae423,Keith,Woods,keith.woods@gmail.com,001-929-481-2099x5765,South April,OK
003c612e65940,Larry,Montgomery,larry.montgomery@hotmail.com,001-219-474-0056x435,West Tinachester,PA
0030867ad8e1e,Richard,Rodriguez,richard.rodriguez@gmail.com,001-283-915-2291,Barbaraborough,NM
00326a9d72543,Diane,Price,diane.price@gmail.com,9635393120,West Gloria,GU
003f6d4f5972b,Randy,White,randy.white@gmail.com,919-581-0250x7853,Port James,OH
00372a19bb888,Charlotte,Brown,charlotte.brown@gmail.com,(202)487-0071x1064,West Aliciaside,SC
003fc6a1b5ebb,Brenda,Hernandez,brenda.hernandez@hotmail.con,7269005326,Lopezbury,PW
003316178e8cb,Larry,Diaz,larry.diaz@yahoo.com,773613717419066,South Richardland,NH
00372e44eabb8,Jennifer,Farmer,jennifer.farmer@yahoo.com,6087921963,East Tammyside,KY
00325797d4d09,John,Mcmillan,john.mcmillan@hotmail.com,001-586-259-1819x8052,Marshallfurt,OR
0037c59f1e5cd,Chelsey,Santos,chelsey.santos@hotmail.com,+1-877-903-1272x710,Port Kennethstad,MS
003d09295ea55,Jessica,Dennis,jessica.dennis@yahoo.com,683-448-9816,North Donaldshire,AL
003fe33659fff,Natasha,Decker,natasha.decker@yahoo.com,403.491.1718,Lammouth,DE
00399d24c2ab7,Brian,Castillo,brian.castillo@yahoo.com,665422722569923,South Harry,MO
00371b117d51b,Angel,Douglas,angel.douglas@gmail.com,2665492907,Douglasfort,AR
00326c173c3fd,Matthew,Guerrero,matthew.guerrero@gmail.com,57238236083523,Port Jamesshire,PW
003e945109bf8,Matthew,Watts,matthew.watts@hotmail.com,+1-257-487-3516x832,Carolineton,AZ
0031995149d0f,Sarah,Miller,sarah.miller@yahoo.con,3683985118,Linmouth,MN
0039c3607fa4b,Lisa,Simpson,lisa.simpson@gmail.com,4468779526890,Franklinhaven,OH
0035381996ef8,Cindy,Castro,cindy.castro@yahoo.com,701427272598296,Thomastown,NM
0032d9f786018,Amy,,amy.lopez@yahoo.com,(321)219-5357x803,West Heatherborough,TN
00380682184d5,James,Hernandez,james.hernandez@gmail.com,41549597752441,Gravesview,UT
003d3222acfea,Steven,Crawford,steven.crawford@yahoo.com,0017134616576,Annaview,OR
003290c475bde,Heather,Carter,heather.carter@gmail.com,0014728909920165,North Shane,IN
003c382b5b234,Justin,Bishop,justin.bishop@yahoo.com,405.859.3194,Destinyhaven,MI
003f4bedeaed5,Melissa,Oconnor,melissa.oconnor@hotmail.com,(578)288-8189,Sarahton,MI
00389357a1cef,William,Hammond,william.hammond@gmail.com,1231639816734351,Andrealand,TN
003ad747538d8,Sarah,Meyers,sarah.meyers@yahoo.com,8166804743,West Jameshaven,NE
003c85fc01da1,Amy,Harper,amy.harper@gmail.com,42267839290253,Edwardsborough,OK
003be43737102,Melinda,Richardson,melinda.richardson@gmail.com,+1-926-591-4804x05412,Meganchester,HI
00375f3f7c63d,Christine,Salas,christine.salas@yahoo.con,6786248149,Desireeshire,TN
003a90e57357b,Wesley,Sparks,wesley.sparks@hotmail.com,(513)831-5792x082,Lake Annachester,OR
003f2a30de956,Donald,,donald.mcdonald@yahoo.com,+1-491-892-1578x644,South Ericport,NE
003857a4dcdd4,Michael,Lopez,michael.lopez@yahoo.com,3513795892,Port Stephaniefort,MT
003bc0b7cfdf7,Amber,Baker,amber.baker@gmail.com,410463707218508,Reedburgh,GU
003c38aea297e,Laurie,Gonzales,laurie.gonzales@hotmail.com,(719)212-8411x7309,Port April,RI
003922bf172b5,Jimmy,,jimmy.grant@gmail.com,704.783.6481x1659,Lake Phillip,OK
003e22962b363,Ann,Hayden,ann.hayden@yahoo.com,542472179825075,Brandonborough,VA
0030381ae8ec4,Roy,Mcmahon,roy.mcmahon@yahoo.com,6772805292,New Kristenberg,FL
003490aa2316f,Tonya,Briggs,tonya.briggs@hotmail.com,(313)411-0358x07710,Chelseafurt,IN
00340657147c2,Melissa,Roberts,melissa.roberts@gmail.com,001-961-936-7157,Wendyfort,IL
003c6d4865612,Courtney,Rios,courtney.rios@yahoo.con,2679476727351,Lake Melissaburgh,AS
003f25ac81105,Elizabeth,,elizabeth.jenkins@yahoo.com,+1-926-342-0712x113,Meredithport,NY
003384eefbf7c,Amanda,,amanda.preston@gmail.com,(693)222-9725,Jimmyland,NY
0036f2bb846d2,Christopher,Nelson,christopher.nelson@gmail.con,+1-800-789-0660,East Allisonberg,KY
0035bfb039143,Audrey,Davis,audrey.davis@gmail.com,(929)416-9670x8323,North Johnside,CO
003b03cfaee8e,Kimberly,,kimberly.evans@gmail.com,971.342.1054x3513,North Jenniferside,VI
00303364cc8f6,Deborah,Fields,deborah.fields@gmail.com,3403476253950,Padillaside,ND
00326ecb8308e,David,Jimenez,david.jimenez@hotmail.com,6165608801,Port Donnatown,MA
00374577fe059,Kelly,Lewis,kelly.lewis@hotmail.com,464.947.0263,Loriview,NV
003928d02389f,Patrick,,patrick.garcia@gmail.com,5195072587,South Debra,TN
0030513fc60e3,Kimberly,Lee,kimberly.lee@hotmail.com,976-603-6733x61424,Lake Joshuaburgh,UT
0034e19236232,Barry,Ponce,barry.ponce@hotmail.com,356-383-4347,Patrickville,NE
0032d3770fbf1,Blake,Solomon,blake.solomon@hotmail.com,427.556.2202x175,Parktown,TN
003939a8dd2e6,Walter,Page,walter.page@gmail.com,001612626995190629,Port Dustinfort,MI
003fdf81d6f03,Kristy,Snyder,kristy.snyder@yahoo.con,872.692.7618x93775,Robertmouth,ID
00390d0ee24a2,Timothy,Rivera,timothy.rivera@hotmail.com,4253250029,Jeffreyshire,GU
0032b9dbe9239,Robert,Ramirez,robert.ramirez@gmail.com,0015269165542793,Jonesberg,RI
00356c770e38c,Michele,Williams,michele.williams@gmail.com,001-620-734-7175x455,Markhaven,NM
0033127bd9a8d,Ryan,Martin,ryan.martin@yahoo.con,(475)984-9319x7436,West Williechester,VI
0035c09953922,Melissa,Meadows,melissa.meadows@hotmail.com,001-308-535-7232x4665,Stevenside,NE
003163a63abf6,Elizabeth,Bates,elizabeth.bates@gmail.com,7867830291,Amandashire,NE
0030365bfd22c,Karen,,karen.thomas@gmail.com,001-265-452-2053x84803,Port Dianeport,ME
0031c28e848da,Dennis,Robinson,dennis.robinson@gmail.con,217-835-7820x278,East Tammy,CT
0036c74a53fac,Lawrence,Mitchell,lawrence.mitchell@yahoo.com,868.579.6746x7269,Smithchester,TN
0037de2cdb334,Erica,Wright,erica.wright@gmail.com,001-897-251-0625x58023,Olsonchester,FM
0034654b022ef,Brian,Lopez,brian.lopez@yahoo.com,(511)535-9804,Richardland,FM
0031aac354750,James,Clayton,james.clayton@hotmail.com,508.854.4184,South Todd,VA
0035d7cc2ea6b,Beverly,Herman,beverly.herman@hotmail.com,7185705284,Andreaville,UT
00360bc047cef,Larry,Mcintosh,larry.mcintosh@hotmail.com,001-220-954-8885,Port Timothyfort,GA
0039f46775e89,Susan,Austin,susan.austin@hotmail.com,431.573.9462x487,Jacquelinebury,KY
00335cd9ff2a4,Danielle,Soto,danielle.soto@hotmail.com,+1-713-669-7602,Cohenmouth,WV
0037fc4c99bac,Susan,,susan.harrison@hotmail.com,(670)291-7602,Garzastad,MA
0030999e6840b,Carlos,,carlos.bell@yahoo.con,725.242.3427x62826,West Gabriellaside,PW
003dfaa520228,Michelle,Day,michelle.day@yahoo.com,+1-304-397-0383x41031,New Henryview,MI
00386455187e5,April,Young,april.young@gmail.com,001-499-271-7911x00651,Halltown,NH
0039c8f9e527f,Patrick,Huynh,patrick.huynh@gmail.com,001-672-892-8832x29837,Brownmouth,VT
00349fd4d0cf9,Destiny,Fisher,destiny.fisher@hotmail.com,568.312.8117,North Laura,IN
0039472274909,Carol,Hamilton,carol.hamilton@gmail.com,495.681.8774x499,North Lisa,MA
00353a1a20e9c,William,Preston,william.preston@hotmail.con,852-478-7304,South Lisa,WY
003633ccc35ee,Stephen,Flores,stephen.flores@yahoo.com,338.535.2141x8047,Keithhaven,MD
003d43210dde1,Melissa,Prince,melissa.prince@yahoo.com,951.661.2275x30463,Parksport,UT
003bbc8619466,Albert,Pearson,albert.pearson@yahoo.com,394-309-4922x616,Port Marcusville,AK
0030afbd6cc2d,Michele,Simpson,michele.simpson@gmail.com,746-339-9989x16190,Jeffreyhaven,UT
0033c88051af4,Kelly,Peters,kelly.peters@gmail.com,3717305976180,South Mary,NM
003b552afcb79,Hector,Taylor,hector.taylor@yahoo.com,+1-601-940-5439x346,Thompsonstad,VA
003c8b2bf1b04,Scott,Nelson,scott.nelson@hotmail.com,256-514-9784,North Tylerchester,HI
003c4ca98fc62,Dennis,Hughes,dennis.hughes@hotmail.com,54743534143910,South Robertfort,WA
003e199a6468e,Jean,Miles,jean.miles@gmail.com,65838425241056,West Kerri,MH
00377a09cc819,Amanda,Jensen,amanda.jensen@yahoo.com,3416832856,Elizabethburgh,DE
003c17b5de0f1,John,Hanson,john.hanson@hotmail.com,(574)999-1438,Hullstad,CA
0032aee392214,Steve,Smith,steve.smith@gmail.com,850-582-3783x852,Port Kimberly,DE
003a826fe97cf,Daniel,Perez,daniel.perez@yahoo.com,(911)236-9572,West Steven,MH
003a3607b1ff9,Samuel,Horton,samuel.horton@yahoo.com,440-410-5123,South Brittany,MS
0038a37ba4b10,Tammy,Taylor,tammy.taylor@hotmail.com,+1-906-251-6512x65473,Josephstad,AR
003abf79c073f,Brian,Johnson,brian.johnson@gmail.com,(778)292-8243,Whiteview,MH
003fb1b8cc007,Brian,Wallace,brian.wallace@gmail.com,2414794245,Lake Heatherport,NH
003066ed7607a,David,Brooks,david.brooks@gmail.com,001-851-258-9271x25972,Sherylstad,FM
003cd6f93057b,Kelly,Thomas,kelly.thomas@yahoo.com,(898)206-9087x2617,Port Loriport,GU
0031979752cba,James,Martinez,james.martinez@gmail.com,977.487.4618,Lake Cynthia,WY
0035e6b966479,Steven,Mullins,steven.mullins@gmail.com,(636)621-9865x5049,Cooperport,SD
003fecaa7a5e9,Jonathan,Padilla,jonathan.padilla@hotmail.com,5756610958,West Sandra,NJ
003d1b719967f,Nicholas,Gross,nicholas.gross@yahoo.com,7205969029,Port Jennamouth,NV
003c2faa914ce,Nicholas,Cortez,nicholas.cortez@yahoo.con,291.989.0091,New Tracyborough,KY
003be6b1509ba,Nathan,Monroe,nathan.monroe@gmail.con,(529)639-4694,Williamsmouth,DC
003e4c2c4090f,Caleb,Haynes,caleb.haynes@yahoo.con,565-614-9898x502,North Audrey,PW
003d8e474304b,Michelle,Anderson,michelle.anderson@hotmail.com,001-759-661-7088,Lake Brittanyland,UT
00341f1d5cbd4,Lonnie,Collins,lonnie.collins@hotmail.com,001-790-447-6639x05652,Pricebury,AL
003f93d232ea7,Garrett,Flowers,garrett.flowers@hotmail.con,+1-768-507-0423x5731,Cortezstad,AL
003267051e0c0,Steven,,steven.moore@yahoo.com,+1-348-457-4893,Port Krystal,ID
0033e58abc4f8,Cheryl,Gonzalez,cheryl.gonzalez@gmail.com,0013674139719,North Catherineland,DE
003dee69ff12a,Elizabeth,Hughes,elizabeth.hughes@yahoo.con,8964720418,Vaughnfort,KS
003272eea472b,Jamie,Goodman,jamie.goodman@yahoo.com,1341817744940136,Lake Janetland,WY
0035de479cb11,Hunter,Frank,hunter.frank@gmail.com,58926008347612,Donovanbury,IL
003906054fd83,Taylor,Lopez,taylor.lopez@yahoo.com,18316915942,Fuentestown,AS
003da09875968,Hector,,hector.tate@hotmail.com,218-940-0252,Zimmermanshire,NH
0030c325ada5c,Susan,Jackson,susan.jackson@hotmail.com,508-667-7133,South Laura,AK
003e92ccb13d3,Adrian,Horton,adrian.horton@gmail.con,7017327968,Port Brianshire,IL
0032679dbc8a1,Robert,Ellis,robert.ellis@yahoo.com,(778)344-6834x146,Stokestown,NE
003d3ec74d976,Troy,Johnson,troy.johnson@gmail.com,6056104612,Harrisonbury,DC
003095b3a18f0,Kimberly,,kimberly.parker@gmail.com,001-884-485-7782x63531,Mariamouth,FM
003a0242e7831,Melissa,Martinez,melissa.martinez@yahoo.com,9857512817,South Melissa,SC
0030bcbd4f59e,Mary,Turner,mary.turner@yahoo.com,+1-453-576-0775x5622,South Juanport,PA
00373859b6004,Anthony,Wright,anthony.wright@yahoo.com,001-849-670-6959x9019,East Charlesland,VI
003ece28cbd44,James,Kelley,james.kelley@yahoo.com,755-827-8762x6023,Simpsonshire,MO
003fb34897657,Monique,,monique.singleton@gmail.com,4597678806,Port Brendan,NJ
0032b98994c91,Sydney,Brock,sydney.brock@yahoo.com,750.507.9616,South Jameschester,OR
0039f24ec5a5e,Julie,Brown,julie.brown@yahoo.com,(662)241-2667x680,Lake Eric,NE
003222cb29580,Michael,Barber,michael.barber@gmail.com,00122285264974787,Warrenton,VA
003f309325079,Sally,Petty,sally.petty@hotmail.com,16433398210,Davidside,NV
003145b5adce7,Taylor,Dougherty,taylor.dougherty@gmail.con,(908)981-9722x39964,Castroville,MH
003373c9906bf,Jacob,Wheeler,jacob.wheeler@yahoo.com,+1-375-623-5796x593,Benjaminbury,MS
003f7ba16d198,Tiffany,Anthony,tiffany.anthony@yahoo.com,(463)332-4827,North Rebeccastad,MI
003b08e92e2b8,Anthony,Miranda,anthony.miranda@hotmail.com,5408024170,Martinezhaven,OK
00300552b9aff,Peter,Perez,peter.perez@gmail.com,796-323-4436x928,Lake John,WA
003d9de941ab1,Kevin,Brown,kevin.brown@yahoo.con,0019127923919081,Parkport,VA
0034513d0de72,Bobby,Valdez,bobby.valdez@yahoo.com,329.687.3401,New Tonyamouth,ND
003a9a6480691,Makayla,Murphy,makayla.murphy@yahoo.com,001-214-939-8401x048,New Katherine,GA
00323eda49b2d,Deborah,Bennett,deborah.bennett@yahoo.com,54375765939621,Lake Jacobfurt,MT
0030c6712c525,Ian,Hood,ian.hood@yahoo.com,001293442330568211,South Justin,DE
003a671f68a4b,Becky,Reed,becky.reed@hotmail.com,+1-689-759-4703x9696,Port Andreaborough,AL
0037cd491a07b,Jerry,Reed,jerry.reed@hotmail.con,(426)758-1772,Port Mark,NE
003bc1bc7b71d,Wesley,Gonzalez,wesley.gonzalez@hotmail.con,+1-839-563-0446x155,New Kimberly,NH
00300821cc9a0,Kristina,Palmer,kristina.palmer@hotmail.com,+1-334-913-4570,New Mitchellfort,MT
00382142fcb20,Aaron,Joseph,aaron.joseph@gmail.com,001-289-530-9040,East Marymouth,OH
003ca8b9043ae,Dawn,Wright,dawn.wright@gmail.com,+1-610-459-5518,Lake Juliefurt,SD
003a78e050a8e,Allison,,allison.carter@yahoo.con,671-901-4782,Robertsonhaven,MN
0039a9fceca0b,Michelle,Jensen,michelle.jensen@gmail.com,627-992-7542,West Elizabethstad,WV
00363abe964e7,Veronica,Bryant,veronica.bryant@hotmail.com,557-849-2627x77302,South Jeffreyshire,PA
0039859627e2c,Kimberly,Madden,kimberly.madden@gmail.com,+1-840-939-0927,Bradleyfurt,UT
0030f92ceb54c,Susan,,susan.roberts@yahoo.com,221-707-0431,Levystad,SD
003c4cfbc9697,Deanna,Chambers,deanna.chambers@yahoo.com,8754576150,New Mary,CA
0037b9051b8d9,Kathleen,Holmes,kathleen.holmes@hotmail.com,797-747-7656x59070,West Michelleshire,HI
003dfb27b796d,Brandon,,brandon.evans@gmail.com,998.660.6106x56733,Brianaside,AR
0031810f3fde7,Sabrina,Walker,sabrina.walker@hotmail.com,+1-591-513-2036x0960,Munozport,MP
00396a4029b0f,Timothy,Thompson,timothy.thompson@yahoo.com,001-498-570-9126x67173,Lake Theresa,CA
003c13d7b6a97,Amy,Garrett,amy.garrett@gmail.com,9292876632,Edwardland,NC
003f8adecf95b,Sarah,Smith,sarah.smith@gmail.com,826.666.1780,East Michelleport,WV
003a92c3bba5e,Cameron,Neal,cameron.neal@hotmail.com,001-982-517-7769x5644,South Michael,SC
00342312fac14,Anita,Cruz,anita.cruz@hotmail.com,529.843.6106x37587,Danielsview,PW
003b5a0210a2a,Kenneth,Parker,kenneth.parker@yahoo.con,2553307592775,Joshuastad,DE
0031f4e501f8b,Nicholas,,nicholas.hernandez@hotmail.com,280.789.7079x472,Hallberg,NM
0030c8a94b9db,Charles,Williamson,charles.williamson@yahoo.com,301.217.2396x3190,East Denise,SC
0039dc699c291,Ricky,Wallace,ricky.wallace@gmail.com,001-269-960-8437x6855,West Michael,KY
00335f0554cec,Ronald,Cain,ronald.cain@hotmail.com,1365619825309251,East Craigfurt,WI
0034c00440915,Christopher,Roberts,christopher.roberts@gmail.com,8075404515,Hoodborough,AZ
0034593add874,Jacob,Franklin,jacob.franklin@yahoo.com,4073149918916,Rodriguezstad,WI
003ca86c175a1,Ashley,Paul,ashley.paul@yahoo.com,667-822-1045,Scottbury,MT
003f7cde71e4b,Leslie,Williams,leslie.williams@gmail.com,001-216-850-9298,Bowmanmouth,MT
003ec61e94f6b,Brittney,Lane,brittney.lane@yahoo.com,001-586-362-7177x860,Deborahhaven,WI
00300794b13ee,Joshua,Castillo,joshua.castillo@gmail.com,001-659-918-1580x8499,West Elizabeth,OR
003b254101764,Micheal,Rice,micheal.rice@yahoo.con,391585877436001,Riverafort,NJ
003803e9b7b7a,Joseph,,joseph.blanchard@gmail.com,9429215669,North Natalieton,ME
00375c4a50cb3,Crystal,Bennett,crystal.bennett@yahoo.com,872.572.2926x498,New Brandonland,PA
003428101f60d,Jessica,,jessica.wells@gmail.com,66663031721162,Brianside,VA
003b2147fc202,Ashley,Richardson,ashley.richardson@hotmail.com,0013799903597,Smithland,MO
003febdd65624,Raymond,Garcia,raymond.garcia@hotmail.com,+1-608-800-4587x24227,Mooremouth,CA
0034313b94fed,Richard,Shaw,richard.shaw@yahoo.com,9745198387,North Marieburgh,GU
003f2d8532c64,Elizabeth,Johnston,elizabeth.johnston@yahoo.com,+1-639-859-3295x44055,Parsonsberg,NE
0038015c30d79,Patrick,,patrick.wilson@yahoo.com,(935)813-5920x766,East Steve,NJ
00392124235ae,James,Young,james.young@hotmail.com,391.292.9692,Wallaceview,HI
003ff4b05d256,Emma,Martin,emma.martin@hotmail.com,001-235-531-8751x6367,West Geraldmouth,IA
00384c20363a9,Sarah,,sarah.guerrero@hotmail.con,76647408772107,Levyberg,LA
00327b0ee5b35,Ryan,Jones,ryan.jones@gmail.com,62255193356284,West Johnton,OK
0038102d053f4,Steven,Moore,steven.moore@hotmail.com,922.877.2178,New Carlosborough,DE
00315fe3c1fe3,Mathew,Wallace,mathew.wallace@hotmail.com,3705677693,West Marcus,AL
003dc8e97a4ba,Madison,Thomas,madison.thomas@gmail.com,37288813770285,Kevinfort,AK
0033f5e002c68,Ronald,Barry,ronald.barry@yahoo.con,(209)302-8854x11112,West Samanthaberg,VI
003ee71afbd0f,Gregory,Anderson,gregory.anderson@yahoo.com,(557)331-6094,Deanstad,VT
003b3af6c5578,Kristy,,kristy.johnson@gmail.com,001-707-262-0545x9671,Hendricksport,VI
0038798b258ed,Chelsea,Morales,chelsea.morales@yahoo.com,001-872-762-4719x391,Nataliebury,MO
003f24a86f07d,Stephen,Brown,stephen.brown@yahoo.com,350-263-2405,East Patricia,MO
0033b59f4d011,Lori,Robinson,lori.robinson@gmail.con,0018045351840,South Christopher,AZ
00300cda3ffbb,Stephen,Hart,stephen.hart@gmail.con,9177883758,Abigailhaven,MD
003db72f0165a,Donald,Gentry,donald.gentry@gmail.com,+1-417-626-0761,Port Thomasfort,TX
003737014417b,Lisa,Kaiser,lisa.kaiser@gmail.com,225-343-4123,North Yvonne,ID
0036690fa23b9,Shannon,Jones,shannon.jones@hotmail.com,671-516-4560x59563,West Allison,MI
003a3589ef4e8,Cheryl,,cheryl.butler@gmail.com,8763473403,New Keithmouth,AL
0037bcc45f105,Kelly,Salas,kelly.salas@yahoo.com,311-828-4256,Woodsfort,MO
003e6ff58bb6e,Danielle,Brandt,danielle.brandt@hotmail.com,001384566133926289,Deanland,MS
0030d31b1774b,Erica,Stanton,erica.stanton@gmail.com,(819)999-3917,Hamptonview,ME
00373d125319d,Frances,,frances.stevenson@yahoo.com,(733)989-1562x4152,West Alyssa,WY
00302549fe104,John,,john.jones@gmail.com,001-434-907-6109x84393,Port Michael,IN
003f926bdfd71,Paula,Smith,paula.smith@gmail.com,0019923891982,Shortport,RI
003f7bca0bfd7,Patrick,Aguilar,patrick.aguilar@yahoo.com,971-781-7534x0961,North Austin,CT
003157b794741,Tara,Richardson,tara.richardson@hotmail.com,+1-633-513-6638x1087,Port Debbieburgh,MO
0030bcec52a89,Matthew,Dean,matthew.dean@yahoo.com,508-288-8503x7219,Port Kimberlyfort,IN
003a8e360db60,Kevin,Taylor,kevin.taylor@gmail.com,(563)343-9768x252,West Anthony,PW
003c8631a0dac,Jennifer,Guzman,jennifer.guzman@gmail.con,+1-568-850-9894x79398,Lake Melanie,OH
003ac290734d1,Christina,Mendez,christina.mendez@gmail.con,0014109673338,East Sydney,MN
003feb6f0f40c,Nicholas,,nicholas.williams@yahoo.com,8724156639,North Douglastown,KY
003e6d2d3d917,Stephanie,Hess,stephanie.hess@yahoo.com,783-803-0523x263,Alexaland,PR
003a74ec6f172,Kimberly,Gomez,kimberly.gomez@gmail.com,539-835-3019,Harringtonfort,VT
0039842617590,Jennifer,Thompson,jennifer.thompson@gmail.con,383.497.2833,East Zachary,NY
003353c377296,Luis,Leon,luis.leon@yahoo.con,43153281561368,Paulmouth,ME
00360ae01bbed,Michael,Mccullough,michael.mccullough@hotmail.com,001849365990527025,Lake Timothystad,DE
003a4bb89d5c7,Heather,Chapman,heather.chapman@hotmail.com,979953120409543,West Jamieland,MD
003844817f4fa,Sheryl,,sheryl.warren@hotmail.con,7682761907,New Adrianafurt,FM
0037849b36741,Jonathan,Smith,jonathan.smith@yahoo.com,635.873.8275x71628,North Martinstad,DC
003cf4cb4b757,Juan,Wright,juan.wright@yahoo.con,75675146829886,New Jillborough,NV
003b510c0ef44,Corey,Buchanan,corey.buchanan@yahoo.com,001686906253613818,North Stacey,NV
003761fd5e287,Lisa,Santos,lisa.santos@yahoo.com,4136649718,Tiffanyfort,CA
00372c237721e,Jeffrey,Vincent,jeffrey.vincent@gmail.com,001-834-223-2161x107,West Elizabethville,WY
003bb94abbe56,Robert,Oneal,robert.oneal@gmail.com,+1-303-396-6345x31632,Lindseymouth,KS
00343890410fa,William,Alvarez,william.alvarez@gmail.com,(204)788-6932x05534,West Caitlynmouth,NE
0035d293a4d89,Nicole,Smith,nicole.smith@gmail.com,18823519110,Heatherberg,MA
0037c1a2389b0,Kevin,Vasquez,kevin.vasquez@hotmail.com,481.346.9023x305,North Erika,MN
00384f919915b,Mary,King,mary.king@yahoo.com,410.360.6067x3778,Lake Danielville,NH
00369d1e28dcf,John,Blair,john.blair@hotmail.com,5124886691122,Clarkeside,OK
003153f94a092,Angel,,angel.hernandez@gmail.com,914943805158952,Summersbury,NY
003668c6b60b1,Paula,Green,paula.green@gmail.com,755-497-2056,New Veronicamouth,AL
003bdd84a3833,Darryl,,darryl.goodman@gmail.com,(360)958-0856x90289,North Thomas,IA
003fb265bba31,Jennifer,Coleman,jennifer.coleman@yahoo.com,837.252.4310,Gonzalesside,IL
003e72f2a9711,Jessica,Palmer,jessica.palmer@gmail.con,924-411-0588x8828,New Alexis,TX
0039c33bbe40e,Guy,Kelly,guy.kelly@gmail.con,354.309.1508x632,Port Rebecca,VA
003ea82f0121c,Christopher,Flowers,christopher.flowers@gmail.com,2707518439,Lake Joseph,HI
003b4cc203ddf,Lawrence,Wallace,lawrence.wallace@yahoo.com,969-783-6495x09262,Shelleyshire,RI
0032bac282c8a,Joseph,Ferguson,joseph.ferguson@gmail.com,(896)782-5326,Kevintown,NV
003f85af2f5c2,Justin,Knight,justin.knight@hotmail.com,001-772-433-7575x42281,Salazarbury,NJ
00368d88d270f,Vanessa,Heath,vanessa.heath@hotmail.com,647403489931926,Webbshire,DC
003d9760f362b,David,Robertson,david.robertson@gmail.com,(382)815-5337x6727,Brandiberg,OR
003ce56ac35a3,David,Williams,david.williams@yahoo.com,300-546-0104,Wolfberg,TX
0034e1df43e1e,Francisco,Weaver,francisco.weaver@gmail.com,001-597-772-9450x89369,West Christina,OH
003c7f72eccda,Kathryn,Reyes,kathryn.reyes@gmail.con,2486010317487,South Vincenthaven,AK
003b516567c3d,Samantha,Sampson,samantha.sampson@hotmail.com,425-907-1293x6673,West Tracy,MT
0038a0b5da60b,Maria,Patel,maria.patel@yahoo.com,001-851-531-9117,West Heather,AZ
0037c46421790,Samantha,Edwards,samantha.edwards@hotmail.com,949.387.5840x2493,Elizabethview,TX
0038839fa8280,Greg,Coffey,greg.coffey@yahoo.com,5508642076,Wallacefurt,NH
003d815c5dacc,Brian,Rodriguez,brian.rodriguez@gmail.com,311.964.8414x177,Lake Matthewville,AK
003070eb09019,Brendan,,brendan.costa@yahoo.com,001-985-482-4049x7795,Thompsonberg,TX
003621b4ce0d2,Brandon,Smith,brandon.smith@hotmail.com,2987786972,Timothyshire,NM
003933252024a,Amy,,amy.collins@hotmail.con,00136744166239567,Turnerberg,PW
00369d9a0e26c,Alexis,Johnson,alexis.johnson@gmail.con,6396170263,Lake Julieberg,ME
0033b7de4e523,Tammy,Yang,tammy.yang@hotmail.com,802-965-4214,Villanuevaport,AR
003bdf6aef354,Anthony,Fleming,anthony.fleming@hotmail.com,335.439.1016,West Teresa,IL
003734b4aacb7,Robin,Dominguez,robin.dominguez@yahoo.com,552-438-6767,Simpsonside,NM
0039382e4517b,Caroline,Foley,caroline.foley@hotmail.con,001606690439878889,New Aliciatown,HI
003d8858f6c73,Brenda,Frazier,brenda.frazier@gmail.com,690.706.8464x2873,West Anna,NJ
003b30287a105,Richard,Weaver,richard.weaver@hotmail.com,+1-833-831-6792,North Nicholasville,AR
003bfa1c63a7d,Brian,Whitaker,brian.whitaker@hotmail.com,+1-880-632-5428,Austinbury,ME
003171e76d77a,Haley,Bond,haley.bond@gmail.com,5439748153,Carrietown,PA
003039dcba803,Gina,Daniel,gina.daniel@yahoo.com,001-511-715-7962,Thompsonstad,OR
0038cd6743f13,Richard,Jackson,richard.jackson@gmail.com,(887)477-7014x972,Harrismouth,PA
003624e1b1a7f,Molly,Walters,molly.walters@hotmail.com,973.554.3962,Lake Julian,ME
003dbcf31f237,Elizabeth,Smith,elizabeth.smith@gmail.com,+1-982-590-7121x1610,Hopkinsstad,TX
00379b3f9e73e,Robert,Stafford,robert.stafford@hotmail.com,263.893.1248x70972,Lake Haroldfurt,LA
003cf021d5e4f,Jamie,Mitchell,jamie.mitchell@gmail.com,6603872575504,New Garystad,SD
003d9786d7462,Stephanie,Williams,stephanie.williams@yahoo.con,001-249-965-4590x008,West Annafort,NC
0038bb55d07be,Linda,Serrano,linda.serrano@yahoo.com,436.505.1713x6445,Carriechester,PA
0038d585b900c,Kimberly,Garcia,kimberly.garcia@hotmail.com,534.265.3363,South Sarah,AZ
003cc29c786aa,Christopher,White,christopher.white@yahoo.com,8744721970546,Lake Krystalside,AL
00358f72265f3,Rachel,Barton,rachel.barton@gmail.com,4274143100,Matthewview,PA
003f1f8c648df,Lauren,Allen,lauren.allen@gmail.com,798.413.8815x88144,Jonesside,CO
003e72ed5b223,Tanner,Baker,tanner.baker@hotmail.com,649-857-4218x842,Nelsonfort,SD
003ec7198980d,Katrina,Marshall,katrina.marshall@yahoo.com,440.361.8252x82252,Zacharyton,NJ
0038adbe60afb,Kaitlyn,West,kaitlyn.west@hotmail.con,18863009391,Knightborough,TN
003e94fbb1f4f,Kimberly,Hensley,kimberly.hensley@yahoo.com,(430)845-3356x657,Lake Lisa,MO
0034c8b986ed1,Melanie,,melanie.hanson@yahoo.con,(769)580-8782,Jonesville,SD
0036e4949fe3a,Sean,,sean.atkinson@hotmail.com,(426)408-2300x746,Kristinaside,AS
003a7d81df992,Julia,Brooks,julia.brooks@gmail.con,(753)489-7390x76667,Smithstad,WY
003fdf90fe044,John,Jones,john.jones@yahoo.com,+1-597-773-6772x4434,Rebeccaport,IN
003db4208fadb,Leah,,leah.allison@yahoo.con,661-566-9459,Jordanberg,FL
003e562585106,Michael,Murphy,michael.murphy@gmail.com,335.759.1649,North Seanport,KS
0036abc655806,Ruben,Garcia,ruben.garcia@yahoo.con,(315)928-2204x158,Andrewfurt,WA
003b2c659d608,Ashley,Bean,ashley.bean@gmail.con,(815)434-2151,Aaronville,HI
0033781f48848,Jennifer,Davis,jennifer.davis@hotmail.con,8139309190,Lake Kristenport,WA
003cffb0914f8,Michael,Terrell,michael.terrell@yahoo.com,6992625438,West Andreaberg,VI
003a72e74d4a7,Kent,Bishop,kent.bishop@yahoo.com,(460)511-4310,Lake Shellymouth,FM
0034368517f80,Albert,Owens,albert.owens@hotmail.com,15616690085,Mcgeeburgh,MO
003c35b88711b,Gregory,,gregory.brown@gmail.con,2865747152,Natashaside,MD
0035cc160a12e,Ashley,Moore,ashley.moore@hotmail.com,385.953.8191,Justinfurt,ME
00388d1ed2d28,Kelly,Wu,kelly.wu@hotmail.com,+1-562-792-8708x185,South Toddside,FL
003dc9b53d522,Mark,Fox,mark.fox@hotmail.com,197298547894109,Riosfurt,MT
0032d698e9d61,Walter,Johnson,walter.johnson@yahoo.com,001-561-770-7917x34762,Ericafort,SC
003372aabda63,James,Jones,james.jones@hotmail.com,+1-944-689-9835,Carterside,PR
003239866b198,Jennifer,Ramirez,jennifer.ramirez@hotmail.con,12628701268,Goodmanton,MP
0036d79fd8449,Cody,Lopez,cody.lopez@yahoo.com,326-973-0220x994,Morrismouth,AL
003c5a20b4006,Wayne,White,wayne.white@hotmail.con,+1-523-312-6043x2609,New Ronaldton,ME
0035a7d527c1e,David,Harris,david.harris@hotmail.com,7012504121,Port Jacobview,VI
00394cdf86bfc,Jodi,Stevens,jodi.stevens@hotmail.com,586-541-4537,West Tammy,NH
0032eaa09b3b2,Nicholas,Gibson,nicholas.gibson@yahoo.com,(593)244-3222x83721,Amytown,SD
00365ffb94a40,Caroline,Ferguson,caroline.ferguson@hotmail.com,306-760-1165x58651,South Ricardotown,MI
00362b5fe221a,Veronica,Wagner,veronica.wagner@hotmail.com,203.884.7413x4735,Adambury,MH
003b2038a77a0,Troy,,troy.edwards@hotmail.con,+1-511-285-9206,North Sarah,AK
00384c21b5868,John,Lopez,john.lopez@gmail.com,90559466961479,Stephanieshire,TN
0034b53734b39,Jesus,Baker,jesus.baker@hotmail.com,0013362183242,Benderhaven,ND
0030240ec23df,Daniel,Scott,daniel.scott@yahoo.com,(257)667-2991x154,Webbville,MD
003ddd924cc52,Samuel,Harrison,samuel.harrison@yahoo.com,6008561618,East Jeremy,RI
0039a38a65aa7,Connie,,connie.lopez@hotmail.con,381-267-1771,Luisview,CT
00377433db9d1,Jason,Kemp,jason.kemp@hotmail.com,891.605.4825x62739,New Robert,ND
0034739958aee,Destiny,,destiny.shah@hotmail.com,001653684256116159,Amandaberg,MO
00381ab406b34,William,Butler,william.butler@hotmail.con,9924755946,South Thomasshire,MI
0039e50773e16,Jason,Gardner,jason.gardner@yahoo.con,3329375083973,Moodychester,MD
003c104665714,Daniel,Curtis,daniel.curtis@hotmail.com,8974281090,South Kathy,OK
003c5361f7429,Alyssa,Daniels,alyssa.daniels@hotmail.con,001-322-879-3562x559,Lake Ashley,TN
0038df18fca46,Andre,Phillips,andre.phillips@gmail.con,+1-718-728-5181x612,West Ronaldtown,AR
003a5784161cc,Susan,Marks,susan.marks@yahoo.con,+1-374-495-1191,Stevenberg,SD
003f8c8b5bcc5,Erika,Sharp,erika.sharp@gmail.com,(375)849-8111x809,Johnport,AZ
003d1026ea960,Katherine,Anderson,katherine.anderson@hotmail.com,748.284.9030,Bryanside,KS
0033c67d5244a,Angela,Ray,angela.ray@gmail.com,(959)355-2366x26437,South Williamburgh,PA
003adfa459deb,Sara,,sara.joseph@hotmail.con,+1-911-820-9966,South Michael,NJ
0037cbb2b6620,Steven,Hunter,steven.hunter@yahoo.com,766-650-1800,Meganstad,CO
0031d70f97912,Joseph,Herrera,joseph.herrera@gmail.con,(736)345-1186,East Andrewbury,AS
003391eac69ea,Angela,Anderson,angela.anderson@gmail.com,2172236132,East Jameschester,NV
003c68be69280,Brittany,Mclean,brittany.mclean@gmail.com,(536)956-0450x06355,North Nicoleshire,SD
0030ac7bd2db4,Michael,Chase,michael.chase@yahoo.com,9633399129,North Joshua,MN
003c7613304fd,John,Wise,john.wise@gmail.com,5989303231109,New Jason,CA
003bff780d01a,Michelle,Brown,michelle.brown@hotmail.com,63965995342836,Floydmouth,UT
003d0686ecf7c,Jimmy,Willis,jimmy.willis@hotmail.com,604-344-8023x3969,Port Vanessaport,OR
0032ce2e963e3,Diamond,Newton,diamond.newton@yahoo.com,799.487.3468x9391,Chapmanside,IL
003a2809706ed,Brett,Lawrence,brett.lawrence@yahoo.com,+1-620-707-7308x3406,Jonesview,AR
00387b7e6dfc4,Christopher,Moore,christopher.moore@yahoo.com,15668775646,Jamesshire,MH
0031f5c980358,Alicia,Beltran,alicia.beltran@gmail.com,839-403-9092x005,North Jerry,NH
003858c2f16be,Tammy,,tammy.ramirez@hotmail.com,768.750.1429x40196,West Ryan,TN
003cae041edaa,Steven,Craig,steven.craig@gmail.com,16519954746,North Larryhaven,TN
003a126dca200,Scott,Williams,scott.williams@yahoo.com,6448297603,Rebekahchester,MH
003add11dd36f,Crystal,Huff,crystal.huff@hotmail.com,001-313-622-5560x010,East Dustin,OK
003ebb18ccfdf,Christopher,Woods,christopher.woods@gmail.com,+1-627-202-1258,New Barbara,AS
0036cb6bec930,Earl,Russell,earl.russell@gmail.com,+1-304-930-6638,South Amberfort,TX
0030207bc3fe6,Jennifer,Wells,jennifer.wells@gmail.com,+1-680-328-2131x1482,Port Mark,MT
0036462e41980,Carrie,Webb,carrie.webb@yahoo.com,223.224.7114x62772,Reynoldsfurt,CO
003776f9c4673,William,Sosa,william.sosa@yahoo.com,(840)287-1006,East Douglas,FL
0037808f65dfa,Scott,Anderson,scott.anderson@yahoo.com,207-802-9667,Brownview,MS
00390acd3e476,Christopher,Shields,christopher.shields@hotmail.com,(360)548-5913,Gutierrezmouth,FM
003b7fc10d4ea,Donald,Marsh,donald.marsh@hotmail.com,+1-957-622-8703x2200,Matthewton,MA
0036056a19664,Gavin,Simmons,gavin.simmons@yahoo.com,17472072176,South Zoeton,RI
0034c10efcdcd,Melanie,Frazier,melanie.frazier@hotmail.com,2112921520,Lisahaven,ID
003eafa05a83b,Jennifer,Schwartz,jennifer.schwartz@gmail.con,212-565-9746,West Gregorybury,VI
003ef56c0a0d5,Kathleen,Rojas,kathleen.rojas@gmail.com,2004288354,Goodland,AS
003a135692d08,Michael,Moss,michael.moss@yahoo.com,575.247.6038,Kimberlyberg,AZ
0035c7961f56e,Isabel,Yoder,isabel.yoder@yahoo.com,(876)264-7848,New Kevin,DE
00384e949f8fd,Jonathon,Monroe,jonathon.monroe@hotmail.com,2912617102763,North Brianna,ID
003d7ae2b6395,Tracey,Gilbert,tracey.gilbert@gmail.com,554905469118832,South Stephanie,MD
0039aa2624eb2,Spencer,Smith,spencer.smith@gmail.com,001-687-783-5054,New Bettyborough,KS
00378a86b63b8,Kristina,Chan,kristina.chan@yahoo.com,747.945.2455,Port Janetborough,TN
0038e37819c76,Stephanie,Washington,stephanie.washington@gmail.com,(588)676-7677x2190,Dunnville,OK
0033ec7ab2848,Rose,Wise,rose.wise@hotmail.con,+1-658-910-4573x46694,Davidshire,AK
0033aeebf4747,Alexander,,alexander.taylor@hotmail.con,+1-851-785-8976x811,Stevenside,WV
003f11d9811f5,Danielle,Booth,danielle.booth@hotmail.com,13138852551,South Theresa,MN
0035e4f158703,Kyle,Maldonado,kyle.maldonado@hotmail.com,(604)201-8079,Carrollstad,UT
00369933194ac,Wendy,Carlson,wendy.carlson@yahoo.con,651-593-1784,South Bruce,KS
00304934f2abd,Tara,Anderson,tara.anderson@gmail.com,00184525795372376,Port Tommy,HI
0039471b6986b,Phillip,Parks,phillip.parks@gmail.com,7186750036915,Ivanchester,IL
0035f34134b37,Stephanie,Scott,stephanie.scott@yahoo.com,4186669408654,South Josephmouth,GU
00371fb41bdba,Darlene,Mcmahon,darlene.mcmahon@hotmail.con,(548)274-8705x662,West Alexville,DC
003181cab3167,Christina,Hansen,christina.hansen@yahoo.con,365-322-8735,Everettborough,OR
003c7373ca296,Kathy,Horn,kathy.horn@hotmail.com,(884)258-4022x277,Port Jessica,GU
0037da516c2b9,Steven,Harris,steven.harris@gmail.com,8948271003,Armstrongmouth,MD
003ed9ab1bcf8,Nicholas,Schmidt,nicholas.schmidt@hotmail.com,(587)788-4204x7598,West Lance,CO
003837c4afe76,Xavier,Rhodes,xavier.rhodes@gmail.com,4509843234497,Lake Dawnland,NJ
003fa53634d53,Kelly,Schmitt,kelly.schmitt@hotmail.com,001-926-333-5231x75487,North Joe,WI
00377ade92e05,Jake,Phelps,jake.phelps@yahoo.com,001-257-276-6138x8655,East Sophia,OK
00303ea606b26,Laurie,,laurie.hernandez@gmail.con,8943621470,South Jennaland,SC
0031b4e011e13,John,Brown,john.brown@hotmail.con,7245117715,Port Ryan,PA
003d68e41b62b,Robert,Arnold,robert.arnold@hotmail.com,355-516-9324x05741,Erichaven,PW
003a345a5d96a,Christopher,Pena,christopher.pena@hotmail.com,001-498-986-8345,West Annafurt,ME
00384f6aacedb,Jose,Walton,jose.walton@gmail.com,388-474-6961x0599,Buchananchester,MI
003f734c40ce5,Andrea,Mann,andrea.mann@yahoo.com,001666682498503371,Floresberg,KY
003a3f5d82ac5,Alejandra,Richardson,alejandra.richardson@yahoo.com,+1-571-569-9175x541,North Billymouth,OH
003aee34a1ba1,Trevor,Brown,trevor.brown@yahoo.com,9643715437993,Cookberg,ME
003cef2676aa6,Cheryl,Patel,cheryl.patel@gmail.com,678-391-1797x2699,Hendersontown,WA
003b963f3a78f,Lynn,Wilkerson,lynn.wilkerson@gmail.com,001-345-222-6993x3418,East Kyle,SD
00359d62920a9,Christina,Jackson,christina.jackson@gmail.com,(712)653-2407x4361,Mathischester,WI
003f366a0fbe6,Adrian,Estrada,adrian.estrada@gmail.con,+1-301-456-1619x73844,Collierton,WV
0032611b306f7,Linda,Kelly,linda.kelly@hotmail.com,532-665-4346x7401,Jonesberg,IA
00380059a7f81,John,Williams,john.williams@gmail.com,+1-670-820-6348x323,Walshville,SD
0037f1eb54315,Nathan,Beard,nathan.beard@hotmail.com,001-895-950-3079x58254,South Ronaldfurt,WV
003785bb30b60,Michael,Figueroa,michael.figueroa@yahoo.com,001429344930998233,Fowlerstad,MS
003ccc19ed7cd,Cassandra,Miller,cassandra.miller@hotmail.com,(608)611-3640x348,Reillymouth,VT
0034e843d9c01,Lynn,Soto,lynn.soto@yahoo.com,711.632.6611,West Virginiaburgh,FL
00318d6fa7768,Samantha,Kennedy,samantha.kennedy@gmail.con,(531)362-8329,Trujillotown,NM
003dbb194081d,Manuel,Woodward,manuel.woodward@hotmail.com,5376665078,North Jeffrey,CT
0037cd1f35e36,Erik,Martinez,erik.martinez@gmail.com,(902)753-8120x446,New Jennifermouth,FM
003f07d1b88d6,Ruben,Pearson,ruben.pearson@yahoo.com,287-842-9488,West Danielle,VI
003acd77ad1db,Tiffany,Brady,tiffany.brady@gmail.con,463-293-5130x39949,Jacquelineville,OH
0036d56327200,Joshua,Garcia,joshua.garcia@hotmail.com,13457030424338,Martintown,MD
00341b39bd9bc,Danielle,Tran,danielle.tran@gmail.com,580.487.1353x847,Johnsonburgh,WY
0032bcf1e9b0e,Peter,Salinas,peter.salinas@hotmail.com,824-350-8821x0099,Port Karenside,NH
003d44e023aba,Theresa,,theresa.beck@gmail.con,910.426.7672x095,Lake Malik,VT
0035e07ef4c56,Jennifer,Bird,jennifer.bird@gmail.com,882-880-1745x469,East Jaredland,GU
0036b9f1d0051,Derek,Mills,derek.mills@gmail.com,705.804.6360,South Sarabury,DC
0038a5ce2686c,Ryan,Soto,ryan.soto@gmail.con,4834118327,Noblemouth,TN
003f131788e5d,Michael,Rivera,michael.rivera@gmail.com,6109154448,East Curtis,SD
003fda7da9ef9,Wendy,,wendy.macdonald@hotmail.con,738.242.5364x62805,New Ian,GU
0031d2ca68d49,Chloe,Sullivan,chloe.sullivan@hotmail.com,001-469-234-9617x46487,Lake Melissa,CO
003f20ccbe955,Stephanie,Martin,stephanie.martin@gmail.com,(495)714-3692x0091,Johnsonchester,TN
003f03bfcdacd,Timothy,Bailey,timothy.bailey@hotmail.com,001-690-613-3436x94645,East Kyleview,TX
0033075a6b8f7,Mitchell,Walker,mitchell.walker@hotmail.com,886-755-0784,Courtneyville,FM
00309163ce7af,Autumn,Ramos,autumn.ramos@yahoo.com,5974910251056,Lake Reneeside,LA
0033208973224,Danielle,,danielle.compton@gmail.com,001991559778146589,Lake James,AL
00381ae32a87d,Angela,Peterson,angela.peterson@yahoo.com,7152473824843,Timothybury,TX
003dc9d872465,Christopher,Richmond,christopher.richmond@gmail.con,847.215.6756x65051,West Cheryl,SC
00314c986019e,Edward,Martin,edward.martin@gmail.com,747-966-7096,Robertsville,NH
003f641ac298e,Kathryn,Riley,kathryn.riley@hotmail.com,458-575-9508x257,New Ryanport,NY
003b91e539f9f,Dennis,Jones,dennis.jones@yahoo.com,5907897171,West Jose,WY
003d4255e3703,Joseph,Austin,joseph.austin@gmail.com,6076493093,South Anthonyland,GU
0033d12d1ab9b,Blake,Daniels,blake.daniels@yahoo.con,757.341.9246x5941,East Sylvia,WV
003eae211717d,Angela,Benton,angela.benton@hotmail.con,362.740.4661x0106,Nguyenchester,MS
0039df0c82562,Heather,Parsons,heather.parsons@hotmail.com,809.974.9521x0109,Blankenshipport,HI
003da487e9d20,Deanna,Ramirez,deanna.ramirez@hotmail.com,+1-900-556-2561x209,Rodriguezfurt,PW
0030881098303,Catherine,Moore,catherine.moore@yahoo.com,966-262-1591x832,Port Carlosville,AR
003d71baa9392,Ashley,Taylor,ashley.taylor@yahoo.com,331.258.9357x12661,Barajasfort,VA
003b8d47186e5,Megan,Salazar,megan.salazar@gmail.com,001583977929574057,Brownland,FL
003d70b3a5984,Kathy,Mason,kathy.mason@gmail.com,549.885.2057,North Jennifer,VI
003d86a4338b9,Hannah,,hannah.ball@gmail.com,18993233536438,South Alyssa,IL
003600c24adbc,Melissa,Garcia,melissa.garcia@gmail.com,(234)252-9497x593,Pacechester,CA
003a3db039a03,Hannah,Harper,hannah.harper@hotmail.com,001-565-911-8158,Jennifershire,MT
003d4643de97d,Randall,,randall.turner@hotmail.com,805-910-6568,East Madison,MP
003edd3624b0d,Alex,Kramer,alex.kramer@gmail.com,+1-924-929-9906x396,Maxwellborough,IA
0039750b4c87b,Brenda,King,brenda.king@hotmail.com,15962523696,Mullinsville,PR
003d403ed5982,Valerie,King,valerie.king@yahoo.con,001-645-353-7313x322,Larryview,NY
0039fdea9a62d,Jasmine,Howell,jasmine.howell@gmail.com,717.473.2685x7810,Fernandeztown,MD
003f425d9701d,Hannah,Hall,hannah.hall@hotmail.com,(208)443-1703x46652,Lake Jamesport,IA
00364784b26df,Ashley,Williams,ashley.williams@hotmail.com,883-608-2413x0160,West Jennifer,SD
003b525920200,Kelsey,Gutierrez,kelsey.gutierrez@gmail.com,413935946756255,West Madison,CO
003504cb71f0f,Alicia,Liu,alicia.liu@gmail.com,517670388608680,East Kimberlyside,DC
00363d314f06e,Maria,Garcia,maria.garcia@gmail.com,0012615984322,Lake Todd,NJ
0037a6e240040,Donald,Cruz,donald.cruz@hotmail.com,140364847880047,North Michaelview,NE
003ef4a7bda03,Renee,Payne,renee.payne@yahoo.com,886.684.4380,Gonzalezland,MA
00306c05ab3c3,Nicole,Mitchell,nicole.mitchell@hotmail.com,(832)206-9068,North Andreafurt,PW
0036561181064,Samuel,Bryant,samuel.bryant@gmail.con,00137990770455300,New Connie,MI
00350d46f480c,Olivia,Dunn,olivia.dunn@gmail.com,53578053315131,Jacksonburgh,IN
0031fcc9ea947,Brian,Gardner,brian.gardner@hotmail.com,4372810103,Padillaside,AS
00346204485a7,William,Mccullough,william.mccullough@gmail.com,001-369-580-2250x91357,Davidville,AR
0035eae930e38,James,Jensen,james.jensen@gmail.com,599-547-1136,Griffinbury,CT
003c319247944,Jennifer,Carroll,jennifer.carroll@yahoo.com,(697)501-3712,North Donald,NJ
003ba864a3954,Barbara,Cochran,barbara.cochran@gmail.com,1309716516800472,South Rebeccaburgh,AL
003e8e8b4d38e,Catherine,Diaz,catherine.diaz@gmail.con,7092966272,Lake Larry,MD
003bd547d0a2d,Shelly,Medina,shelly.medina@yahoo.com,(624)434-9093,Port Mitchellport,MA
003287cb13d62,Richard,Murphy,richard.murphy@hotmail.com,612-974-0615,Hodgesmouth,MP
0031bbc8e3ae6,Tim,Hughes,tim.hughes@gmail.com,00120263598860000,Erikborough,WA
0039919021e20,Amy,,amy.perez@gmail.com,748-681-5687x0586,Laurastad,CT
00305a0cd89ee,Teresa,Moyer,teresa.moyer@hotmail.com,408.498.9309,Sextonshire,NV
003a2809a62e5,Scott,Friedman,scott.friedman@gmail.com,3742837768,Deckerton,NC
003d7b5132bb7,Lawrence,Burke,lawrence.burke@yahoo.com,+1-907-374-5447x08231,Whitemouth,UT
0030ad2f9b968,Nancy,Mcdowell,nancy.mcdowell@hotmail.com,46647318819126,Kennethton,FM
0035ec82c1b17,Thomas,Snyder,thomas.snyder@gmail.com,001-956-968-1780x3999,Kathleenview,UT
00364e323cfb7,James,Mcmillan,james.mcmillan@yahoo.com,6872209037,Coltonview,MS
003197065bf52,Jacob,Allison,jacob.allison@gmail.com,(869)649-6843,Raventon,RI
003aed7a7243f,Kelly,Nolan,kelly.nolan@gmail.com,+1-582-732-3453,Lake Adam,WY
00306bae412f9,Roger,Meyer,roger.meyer@gmail.com,9072386543,Ashleymouth,MT
0031ba970d99a,Robert,Rodriguez,robert.rodriguez@gmail.com,486-391-2906x582,Tracymouth,WV
003b0ff7366ca,Edward,Gomez,edward.gomez@gmail.com,(223)627-1320,Lake Saraland,MT
003824b0e14cf,James,Martin,james.martin@yahoo.com,8287996668,Meganborough,WY
0031f0d3f585d,Michele,Anderson,michele.anderson@yahoo.com,+1-888-608-4840x56068,Longchester,LA
0032d3baf433e,Michele,,michele.navarro@gmail.com,8674978086847,Lake Taylorshire,CT
003591ee6158c,Jimmy,Arroyo,jimmy.arroyo@hotmail.com,(234)958-1269x1741,Heathertown,KY
0039263a3653e,Katherine,Shaw,katherine.shaw@yahoo.com,(757)789-0662,Bradleyport,CO
003de6940ea83,Martha,Paul,martha.paul@gmail.com,+1-256-230-2750,Paulville,OH
00345e6811d5c,Mitchell,Thompson,mitchell.thompson@gmail.com,001-843-261-1686x114,Port Marvinmouth,VT
003a750f1a419,Robert,Thomas,robert.thomas@gmail.com,001-836-326-6933x51342,Port Courtneyfort,IN
0033267c5a7b1,Pamela,Nguyen,pamela.nguyen@yahoo.com,(473)585-7368x011,West Collin,KS
00321f8169066,Karen,Ramirez,karen.ramirez@yahoo.com,2444327192,New Joycemouth,VI
0032fe0b405de,Jamie,Davis,jamie.davis@yahoo.com,+1-614-687-8245x5696,Keithtown,NM
0035ba884b5b1,Tyler,Day,tyler.day@gmail.con,35053619202599,Port Josephchester,AK
00357ed858b69,Joel,Jackson,joel.jackson@hotmail.com,9399835844617,Carrville,HI
003368212e384,Jared,Holden,jared.holden@yahoo.com,308.601.3604x94742,West Luisfurt,OR
00377fb5d8f03,Lori,,lori.allen@gmail.com,711-784-0654,Franklinview,MI
003eff1dfeb72,Michelle,Palmer,michelle.palmer@hotmail.com,203715388824527,Jameshaven,KS
0032037c37472,Joel,Harris,joel.harris@hotmail.com,380.969.7338x28789,South Caitlin,PA
003059140f71c,Dominique,Pope,dominique.pope@gmail.con,7919491687,Nelsonmouth,FM
003d1206412e6,Patrick,Frazier,patrick.frazier@gmail.con,+1-409-348-3702x95212,Sarahtown,IN
0039c188a1a5f,Benjamin,Madden,benjamin.madden@gmail.com,(474)643-6193x5385,Lake Jamesberg,AS
00363eb2d0fcd,Karen,Jensen,karen.jensen@yahoo.com,8364834691,Davidbury,DC
0038dc2875446,Thomas,Richards,thomas.richards@gmail.com,8303044964,Danielville,IL
003e72eec96fd,Thomas,Villa,thomas.villa@gmail.com,662.215.2472x85129,West Linda,AZ
003c3179c78dd,Alexander,Smith,alexander.smith@hotmail.com,338.633.6736,Lake Jenniferside,CT
00327b06ffa77,Christian,Elliott,christian.elliott@hotmail.com,281-637-2293,Lake Thomas,OH
0032e06d2cf2e,Robert,Day,robert.day@hotmail.com,780.865.7875,East Dianeview,ND
003dd8e3af287,Todd,Spencer,todd.spencer@hotmail.con,(876)377-0740,West Daniel,KY
00335a3545722,Ashley,Hernandez,ashley.hernandez@yahoo.com,7659789635,Lanceburgh,DC
00314db8f14fd,Jacqueline,Baker,jacqueline.baker@yahoo.com,13166093659520,Coopertown,OR
003e479ed7082,Joseph,Matthews,joseph.matthews@gmail.com,66480060698826,Port Norma,OH
003467ae05654,Nicole,Fletcher,nicole.fletcher@gmail.com,540.926.6502,North Lauraberg,FL
003c7ae9edb5b,Kevin,Sandoval,kevin.sandoval@hotmail.con,001823448109452553,Lake David,MA
003d619c55fed,Anna,Conley,anna.conley@gmail.com,97240080912573,West Robert,NJ
0039274c04bb4,Richard,Espinoza,richard.espinoza@hotmail.con,001-283-596-4635x479,South Audrey,MO
003dd231ba70d,Amber,Allen,amber.allen@yahoo.com,001-279-920-8945x6121,Port Robert,AS
0037e175bddc1,Cheyenne,Garrett,cheyenne.garrett@gmail.com,(539)426-4957x82329,East Lonnieberg,VA
003d9c707ba20,Justin,Morris,justin.morris@hotmail.con,993-344-2462,Lake Miguel,NJ
0036c3d51355a,Laura,Nicholson,laura.nicholson@gmail.com,3146082901,Kaitlinville,NE
00361bf6d2102,Donna,Prince,donna.prince@hotmail.con,(867)624-9806x39379,Smithborough,LA
0030062cb9ac2,Louis,Mcdaniel,louis.mcdaniel@gmail.con,161262264923272,Jamesfort,NJ
003916b3b3091,Rebecca,Huffman,rebecca.huffman@hotmail.con,001-925-528-0949x823,Simsburgh,NE
00379c7b68f99,Jason,Brown,jason.brown@yahoo.con,(431)974-8167x43121,Lake Daniel,AS
003587d870046,Randy,Russo,randy.russo@gmail.com,(232)651-5310x4308,South Danielbury,MI
003e2cdaa4f93,Daniel,Clarke,daniel.clarke@hotmail.com,188923477310110,East Marymouth,MN
0037db06e3b59,Jimmy,Day,jimmy.day@yahoo.com,298-941-4202x48435,Adamborough,CO
003451809e1d0,Rita,Watson,rita.watson@yahoo.com,+1-835-774-9016x26888,Amychester,AZ
003bf78fb9276,Nicole,Murphy,nicole.murphy@gmail.com,413.529.8871,Gardnerberg,NE
0030b0e1e411e,Elizabeth,Davidson,elizabeth.davidson@gmail.com,+1-390-902-8772,Millerfort,NV
0031854f2d90f,Laura,Beard,laura.beard@yahoo.con,(601)213-7984,Lake Bryanview,VT
003b2d00a3e5d,Derek,York,derek.york@hotmail.con,7235303070,Maxview,WA
003dcd4538da7,David,Moore,david.moore@gmail.com,+1-570-411-9235x73739,East Davidmouth,WY
0031afd83f122,Julie,Mccarthy,julie.mccarthy@gmail.com,5533285386,West Angelaburgh,MT
0037825fc53ce,Jermaine,Curry,jermaine.curry@yahoo.con,001516743751372101,East Haileytown,ND
003d8a320e366,Jonathan,French,jonathan.french@yahoo.com,3338365641,Schmidtland,AZ
00363971ecea8,Henry,,henry.odom@hotmail.com,+1-371-862-5626x6578,North Reneeburgh,ID
00320486253db,Sheryl,Pena,sheryl.pena@yahoo.com,9236813705,Davidmouth,DC
003c5e95bcb5d,Kimberly,Allen,kimberly.allen@hotmail.com,001-802-230-4233x38831,Johnside,PW
00310a83fe096,Connie,Andrews,connie.andrews@hotmail.com,001-566-828-5983x4023,Heatherburgh,TX
003064a47b604,Dennis,Rice,dennis.rice@gmail.com,884.464.0157x746,West Rebecca,TN
003803a477114,Jessica,Cook,jessica.cook@hotmail.com,700-338-1803x648,South Brandonhaven,KS
003670faac7b1,Anthony,,anthony.stein@hotmail.com,32232249304598,Port Justin,PW
0035b666b4323,Jennifer,Baker,jennifer.baker@yahoo.con,374-690-9794x059,Port Robertobury,WV
0032f3bc5c755,Carolyn,,carolyn.ferguson@yahoo.com,+1-901-881-0129x00210,East Jessica,AS
003566d722bf5,Tanya,Wilson,tanya.wilson@hotmail.com,001-326-877-5046,Reedside,FM
0039c59480cf6,Matthew,Sullivan,matthew.sullivan@gmail.con,001-730-449-4841x4235,Barrettshire,OH
003b8f254f5c7,Deanna,Powell,deanna.powell@yahoo.com,9807540406,Jenkinsbury,DC
003282897fae8,Kari,Novak,kari.novak@gmail.con,(966)819-7399x641,Pamelafurt,MS
0039d4f5034b9,Grace,Carlson,grace.carlson@gmail.com,899.619.7936,Lake Derekberg,NJ
00343d498352e,Thomas,Wilkerson,thomas.wilkerson@yahoo.com,001-805-976-8534x434,West Thomashaven,MS
003eb89bf8990,Samantha,Ortiz,samantha.ortiz@yahoo.com,+1-597-231-5391x1498,New Brandishire,KY
0033ce5475702,Morgan,Owen,morgan.owen@yahoo.com,801.771.9910,Evansland,FM
003d4fa481ebe,Angela,Andrade,angela.andrade@hotmail.com,001-790-890-4232x6634,East Bryanbury,RI
0037a27338cd6,Thomas,Vega,thomas.vega@yahoo.com,6123808703,North Dale,ID
00388bb0b9b45,Brett,Kline,brett.kline@gmail.con,3045811468,Heatherberg,WA
003b1ea735694,Stephanie,Collins,stephanie.collins@hotmail.con,8662564337,Destinyberg,MN
0034c19a00e2a,Patricia,Allen,patricia.allen@hotmail.com,5259816022,East Johnny,PW
003520c422cf8,Amanda,Roberts,amanda.roberts@gmail.com,943.204.9820,Ballardland,NE
0037251a2a63c,Amy,Hall,amy.hall@hotmail.com,461.764.5701x588,West Thomas,ME
0033a950c0ddf,Laura,Phillips,laura.phillips@yahoo.com,001-240-751-9950x8190,Ianville,IA
0031f55756e90,Karen,Kennedy,karen.kennedy@hotmail.com,(958)292-2355x285,Garciaborough,MI
0033358e2bac7,Stephanie,Baker,stephanie.baker@hotmail.com,001-871-747-0675,Turnermouth,AL
00302a2dcf73d,Brenda,Smith,brenda.smith@hotmail.com,8708115777,South Brandimouth,ID
00353392526c0,Tyler,Taylor,tyler.taylor@yahoo.com,00160776976938051,East Kathleenton,NM
003099e4330f5,Crystal,,crystal.smith@yahoo.com,856-342-4581x97239,South Katie,AZ
003be0d5319a6,Troy,Schneider,troy.schneider@gmail.con,389.761.7832x250,Justinfurt,RI
003c6a49dfca8,Michael,Davis,michael.davis@hotmail.com,+1-843-337-5047x9303,East Jordanshire,PR
003b70f0e8964,Cynthia,Cantrell,cynthia.cantrell@gmail.com,(263)957-9671x48030,Port Matthew,TN
003a3d3d84dc0,Jonathan,Barton,jonathan.barton@hotmail.com,3283457186,East Jayhaven,NE
00361928a0172,Rita,Gonzalez,rita.gonzalez@yahoo.com,(980)755-2041x979,Carolyntown,MH
003fc8cee4e98,Ryan,Hernandez,ryan.hernandez@hotmail.com,(885)407-4510x66343,North Barbarabury,CA
003165b77dfa1,Elizabeth,Crawford,elizabeth.crawford@hotmail.com,488.541.3685,East Sarahview,GA
003b8a15d9695,Carrie,Gonzalez,carrie.gonzalez@gmail.com,001-277-337-2954x503,New Clinton,IL
003b731921c5c,Bradley,Wilkins,bradley.wilkins@yahoo.com,+1-433-846-5867,Evansmouth,SC
003b8ff355629,Melanie,Griffin,melanie.griffin@hotmail.com,001-258-900-8174x4117,New William,OR
003b639c6601c,Deborah,Davis,deborah.davis@gmail.com,001-857-230-3341,Stewartburgh,MO
003b399e2f831,Scott,Bradley,scott.bradley@hotmail.com,20897496122983,Medinachester,HI
003de8d53017d,Amber,Charles,amber.charles@gmail.com,+1-269-992-9290x65571,Warrenport,AR
003e8af2bbfaf,Charles,Holland,charles.holland@yahoo.com,586.706.9409x600,East Kyle,CT
003e622c092eb,Michael,Reid,michael.reid@hotmail.com,9379699296444,East Kevin,AL
003a5e4a1cf11,Dennis,French,dennis.french@yahoo.com,0013666146956,Lake Alan,IN
0039e5139879e,Joshua,Bowers,joshua.bowers@gmail.com,5759575679,East Amanda,KS
0039c7306a3e8,Jacob,Lucas,jacob.lucas@yahoo.com,0019456892251,Wandaborough,ND
003c9c5de669a,Matthew,Silva,matthew.silva@gmail.com,9696569459,Michellehaven,MI
0037b764d2cf0,Terrence,Clark,terrence.clark@yahoo.con,001-771-925-6721x23008,New Ambertown,FM
0035337131b26,Alexandra,Brown,alexandra.brown@gmail.com,399.577.1805,Watersborough,OR
003042e65ba39,James,Burnett,james.burnett@gmail.com,708-350-7085x1767,Port Bradleyside,VA
003477de9d203,Elizabeth,,elizabeth.grimes@hotmail.com,83658415191504,West Jasonview,WI
0031dd1a1d345,Samantha,Mendoza,samantha.mendoza@yahoo.con,+1-950-617-2390x702,New Mollyhaven,MN
003ba88b3f59b,Brian,,brian.taylor@gmail.com,001622866497986492,West Louistown,AZ
0031797a7fba3,Kelly,Simmons,kelly.simmons@yahoo.com,0018033764747,Lake Autumn,TX
003f5f91f1ddb,Holly,Russell,holly.russell@hotmail.com,001-798-953-2436x79241,Robertmouth,NY
0031013f3fa9f,Jacqueline,Farmer,jacqueline.farmer@hotmail.com,7188071569,East Juliaview,TX
00360cb9b5d1f,Jamie,Harris,jamie.harris@gmail.con,+1-752-711-1790x807,Ayerston,NY
0035913395ad1,Gary,Wilcox,gary.wilcox@yahoo.con,746.616.9500,Cynthialand,FM
0032f625680d4,Christopher,Curtis,christopher.curtis@gmail.com,698-376-3228x6520,Port Marioville,AK
00337431952c7,Brenda,Greene,brenda.greene@gmail.con,3447342494,Edwardschester,DE
0038094d60e8e,Anthony,Taylor,anthony.taylor@gmail.com,001-824-547-3158x4776,Lisaville,PA
003e9c90cc569,Stephanie,Santos,stephanie.santos@yahoo.con,(704)956-8939x1164,Davidhaven,TN
0036c6d5ba7af,Andrea,Briggs,andrea.briggs@yahoo.com,801.558.9671x9652,Cortezborough,OK
003c8c6b8b47b,Kelly,Mendez,kelly.mendez@yahoo.com,(903)575-1420x8596,Justinview,UT
003f2c6c541d2,Stephanie,Kelly,stephanie.kelly@yahoo.com,478.832.1867x337,West Chadside,WV
003e51e417bf1,Adrian,Tran,adrian.tran@yahoo.com,735-411-5879x1627,Brendafurt,NM
0039c788366f9,Tiffany,Rodriguez,tiffany.rodriguez@gmail.con,54989216400698,North Jeffrey,NC
003360c8aca86,Brian,,brian.gardner@gmail.con,(401)238-8253,Walkertown,IA
003892f62bd33,Lisa,Rios,lisa.rios@gmail.com,(733)707-9376x976,South Latashabury,ND
003447a424509,Deanna,Carlson,deanna.carlson@gmail.com,992-890-2450,Coreymouth,NJ
003d0948458b9,Kelly,Smith,kelly.smith@yahoo.com,274-429-3268x3487,Bullockbury,CT
003fe2e9825f9,April,Wallace,april.wallace@gmail.com,0017517627136111,Jensenmouth,VI
00366578c3f94,Lisa,Collins,lisa.collins@hotmail.com,001-969-766-0818,Greenville,DC
0034d8bf5ef31,Rhonda,Hunt,rhonda.hunt@yahoo.com,30433023854514,Lake Jasonfort,IA
003b8008bc43d,Johnathan,Mitchell,johnathan.mitchell@yahoo.con,(627)511-3037x915,South Chadborough,ME
003e8c7dcb44b,Jeremy,Clark,jeremy.clark@yahoo.com,001-784-906-1386x748,Pearsonstad,GU
003a3636745c1,Kathryn,Pollard,kathryn.pollard@hotmail.com,871.319.6902x13868,Dustinfort,TX
003964986c66a,Adam,Hamilton,adam.hamilton@hotmail.com,0016379157140692,Marshport,WV
003e1f3c4a0e6,Kyle,,kyle.hale@gmail.com,377-274-1546x3344,Susanberg,WI
0036ec27f9cb9,Jason,Mckay,jason.mckay@yahoo.com,4706793695,Michelleside,IA
0039bd2d950d8,Robert,,robert.dixon@hotmail.com,(485)874-9110x667,East Joshuaborough,FM
003a55f35a857,Jennifer,Schmitt,jennifer.schmitt@yahoo.com,404.342.0678x83171,North Wendyborough,MH
003fc78eac82a,Michael,Lopez,michael.lopez@hotmail.com,+1-818-775-0677x610,Huberville,NH
0030ae67ed261,Robert,Shaw,robert.shaw@hotmail.com,8937545235,Leehaven,FL
003f0daa5a4ce,Matthew,Norris,matthew.norris@hotmail.com,354-231-3742x0282,Coxfort,OH
003189719c3c9,Ruth,,ruth.serrano@gmail.con,8464023535,South Tylerfurt,MO
0032f5f4160f6,Kevin,Evans,kevin.evans@hotmail.com,982.766.1287x585,New William,DC
00318704f3c61,Kristin,Martinez,kristin.martinez@hotmail.con,0017038058023923,Jeffreyburgh,VI
00385165f88aa,Laura,Padilla,laura.padilla@yahoo.com,001-258-219-0815x485,New Michellemouth,MN
003f1283d82bd,Anthony,,anthony.mccoy@yahoo.con,794-634-8520,Jasontown,TX
0038f1dc75b3c,Russell,Thompson,russell.thompson@yahoo.com,(833)397-5317x528,South Mary,MA
003cec404cb46,David,Clark,david.clark@hotmail.com,(283)317-6417x26808,South Shawnbury,AR
003cb753eb443,Paula,Cole,paula.cole@hotmail.com,143529782071518,Ortizmouth,TX
0034540d809c4,Lawrence,Stevenson,lawrence.stevenson@hotmail.com,4203788216511,Steventown,NY
003b21343a455,Mary,Hill,mary.hill@yahoo.con,236-871-1176x0217,Jenniferport,CT
0030680c36b5a,David,Shaw,david.shaw@hotmail.com,86651999710818,Marciaview,NV
003e35d7091a2,Julie,Jones,julie.jones@hotmail.com,8535258139,Lake Kellyhaven,ID
0039fec858a1d,Parker,Nguyen,parker.nguyen@yahoo.com,(825)973-1253x6127,Wilsonbury,SD
003766e0ace96,Lisa,Hernandez,lisa.hernandez@yahoo.com,350-556-9582x616,Nelsonchester,AR
003f504b2bc7b,Justin,,justin.higgins@hotmail.con,7939636620,East Rebeccahaven,CA
003518a13e8e0,Madison,Sawyer,madison.sawyer@hotmail.com,+1-240-484-7727x972,South Joelville,NY
003b53d6d4230,Matthew,Castro,matthew.castro@hotmail.com,(923)282-8892,Lindahaven,OH
00356f9fc0582,Bethany,Tucker,bethany.tucker@hotmail.com,631.223.3843x774,New Jesus,NJ
003cc0a5ef40a,John,,john.evans@yahoo.com,(947)545-8033x5573,East Brian,KS
003509b577e80,Paula,Kennedy,paula.kennedy@yahoo.con,+1-359-205-3497x57445,Matthewchester,DC
003dc4b970aab,Alexis,Johnson,alexis.johnson@gmail.con,2383870007,Haleychester,CT
003690ceb8dd4,Joshua,Bell,joshua.bell@yahoo.com,(744)862-2016,Lake Amanda,KY
0036202953d31,Janet,Taylor,janet.taylor@gmail.com,853-615-7033x9004,Brandtburgh,NV
0034cf1c9912f,Kristy,Williams,kristy.williams@yahoo.com,5228287499589,North Daleborough,AZ
0035945b9945b,Lisa,Kemp,lisa.kemp@hotmail.com,732-718-3024x2646,West Jenniferside,NY
00301c87a457e,Christine,Sanchez,christine.sanchez@gmail.com,6384889312904,Hernandezside,RI
003240c95bcbd,Janice,Dixon,janice.dixon@hotmail.com,843-453-5425,Lake Kathy,WI
003c75e435716,Lori,Jennings,lori.jennings@yahoo.com,(324)631-4356x0341,Ericamouth,IL
003d938cb07b4,Tammy,Hernandez,tammy.hernandez@gmail.com,(631)807-8577,South Fred,IN
003007499d17b,Angela,Olson,angela.olson@hotmail.com,001-590-505-3669,Moorehaven,IN
003d3988205c7,Veronica,Love,veronica.love@yahoo.con,3095844404,West Jessica,MA
0034180ac6bd4,Todd,,todd.harris@yahoo.con,001-542-817-8572x2804,Morrisonland,OR
00327f8e10186,Ryan,Campbell,ryan.campbell@gmail.com,596-300-0182x08716,New Mary,CT
003c5410cb3e5,Teresa,Ayala,teresa.ayala@hotmail.com,3134361386,New Lorraineview,MT
003ad1f455d0d,Alyssa,Benjamin,alyssa.benjamin@yahoo.con,388.843.0217,North Noahview,FM
003cb53208f47,Tammy,Guerrero,tammy.guerrero@yahoo.com,0015619571732030,Port Desiree,NC
003ee7bf86abc,Diane,Madden,diane.madden@gmail.com,483.411.6952x3593,Martinville,DC
0036bd7b2f1c1,Christina,Smith,christina.smith@hotmail.com,867-480-7395,North Suzanneside,NY
0033db4a4913b,Virginia,,virginia.saunders@hotmail.com,001-717-398-9033x03937,Justinmouth,FM
003f0a280e8d1,Travis,Freeman,travis.freeman@gmail.com,001422911678841579,North Anthonyshire,MN
00323383b48d2,Vanessa,Baker,vanessa.baker@yahoo.com,840-348-9332,New Debbieville,NM
003e0513ffd75,Jeremy,Turner,jeremy.turner@hotmail.com,5819722580,Ashleyfurt,PA
00377b0f90e84,Michelle,Franco,michelle.franco@yahoo.com,427-337-2037x638,East Rachelview,AS
00379621de8ec,Michael,Wagner,michael.wagner@gmail.com,(871)772-6625,Danielbury,AL
003174c5c1846,Linda,Bailey,linda.bailey@hotmail.com,7788053833,Lake Samanthatown,NJ
003d5a25df79c,Madison,Harris,madison.harris@gmail.com,927-616-1862x869,South Alisha,OK
003a12e3205cd,Brandy,Jordan,brandy.jordan@gmail.com,720-495-3677x349,Tonyfurt,GA
003a927ffe659,Alexandra,Hopkins,alexandra.hopkins@gmail.com,5884990707730,East Joseph,GU
003d1388c23ca,Nicole,Crosby,nicole.crosby@hotmail.con,4506745115,Nguyenville,NH
00324940204b9,Mary,Myers,mary.myers@hotmail.com,+1-491-682-4404x283,Davidmouth,PA
003b5432258a8,Greg,Nguyen,greg.nguyen@yahoo.con,215732460639818,Barbaraborough,MA
00374ee32adf3,Donald,Davis,donald.davis@yahoo.com,(912)519-9975x25470,New Vanessastad,UT
00342474ac41d,Mia,,mia.reeves@gmail.con,150929070464450,Hallton,AK
003f11e409c70,Kayla,Conrad,kayla.conrad@yahoo.com,14675320774,North Michaelchester,NE
003d4f5e64693,Anthony,Williamson,anthony.williamson@gmail.com,991.954.2518x9714,North Samanthamouth,MS
00326746ff742,Judy,Martin,judy.martin@hotmail.com,14289792412,West Michaelshire,MD
003aaf2f4976f,Sean,Young,sean.young@yahoo.com,958-350-6431,North Maria,OH
0031c1a53f007,Jacqueline,,jacqueline.austin@gmail.com,001774264364805793,New April,UT
003c236b71ae9,Glenn,Duffy,glenn.duffy@hotmail.com,1969775667175240,Michelleside,PR
0030d51312b49,Sierra,Mcfarland,sierra.mcfarland@yahoo.com,44250707713599,Mosstown,MI
003ab77b49f9b,Amy,Avila,amy.avila@yahoo.com,391.906.5735,East Rhondabury,ID
003cf882c614b,John,Smith,john.smith@hotmail.com,001-842-729-6651x444,New Williammouth,FL
0030049e39556,Stephanie,Baldwin,stephanie.baldwin@hotmail.con,+1-545-886-2391,Evansburgh,VI
003afd80d0d34,Michelle,Curtis,michelle.curtis@hotmail.con,(535)466-2578,Markton,WI
003e7f693c8a6,Robert,Mitchell,robert.mitchell@yahoo.con,485-962-3788x6173,South Michaelfort,LA
003534eb71d53,Laura,Mcdonald,laura.mcdonald@yahoo.com,(845)727-6564,Whitetown,MA
003a3bc69bb8d,Adam,Rice,adam.rice@hotmail.con,+1-456-751-8516x634,Port Andre,AS
003c1838e5280,Sean,,sean.delgado@gmail.com,001416901240360360,New Mckenzie,AS
003e1eda50d3e,Robert,Harvey,robert.harvey@gmail.com,(537)966-1448x90659,Jeffreyland,VT
003bb08fc6d72,Michele,Garcia,michele.garcia@hotmail.com,401.679.9932x420,Rossmouth,WY
003c558bd6e50,Pamela,Sharp,pamela.sharp@hotmail.con,14917380807,Markmouth,FL
003ccdf5aa253,Lauren,Fleming,lauren.fleming@yahoo.com,769-213-9521,East Michael,GU
0032421118071,Brett,Marquez,brett.marquez@hotmail.con,(356)731-1402,Mcclainside,CT
003a39dc319ab,Logan,Reid,logan.reid@hotmail.com,+1-342-641-4529x999,Scottshire,MA
003a62f3f9aa7,Sierra,Hernandez,sierra.hernandez@gmail.com,567.710.6656x02492,Lake Tyler,TX
003582f09ea18,Derek,Haynes,derek.haynes@hotmail.con,(488)774-1594,Garrettfurt,MP
003c7273a1978,Emily,Morales,emily.morales@hotmail.com,(855)980-8178,Lake Jamesborough,MI
003b0da048487,Christopher,Allen,christopher.allen@hotmail.com,737.299.1618,Melanieborough,WV
003cda15c9af0,Matthew,Hernandez,matthew.hernandez@hotmail.com,(735)531-3184x560,New Joseph,KS
0036cca63e0e7,Gary,,gary.cantu@gmail.con,567-574-7731,Ashleybury,FL
0033e7b0ae01c,Teresa,Rivera,teresa.rivera@gmail.com,829-480-3102,Lake Michael,VI
0036a675166c1,Penny,Hammond,penny.hammond@hotmail.com,001-504-668-8698x90876,Leeside,CO
003d045b15b0d,Daniel,Mitchell,daniel.mitchell@yahoo.con,+1-453-564-1237x635,Perezfort,PW
003bcee6b184b,Sarah,Howell,sarah.howell@hotmail.com,8163714445505,South Tonya,ID
0038e6926410f,Madeline,Aguilar,madeline.aguilar@hotmail.con,892.586.9797x93485,Amymouth,NH
0031c96f16865,Derrick,Thompson,derrick.thompson@yahoo.com,(434)990-8601x374,New Ryanville,KY
003cb3b494545,John,Gonzalez,john.gonzalez@hotmail.com,505.409.8221x6259,West Pamela,MT
00317a35902b8,Matthew,Fields,matthew.fields@gmail.com,8946539341123,Steventown,VT
003399dc5e781,Alexis,Craig,alexis.craig@gmail.com,001-667-759-1297x4743,Codymouth,FM
00380444a0b6a,Tammy,Lee,tammy.lee@gmail.com,+1-289-448-4707x173,Sullivanhaven,KY
003ac6089a228,Lisa,Mcfarland,lisa.mcfarland@gmail.com,(879)692-8463x9555,North Mackenzieland,OK
00320c2047cdd,Sabrina,Shepherd,sabrina.shepherd@gmail.com,(790)830-3413x65329,Nelsonfurt,CT
00399d0d26da2,Jasmine,Holden,jasmine.holden@yahoo.con,001-358-461-5843x58149,Lake Erictown,GA
0035dc1f6f6fa,Denise,,denise.garcia@gmail.com,479-255-1312x1000,Carterhaven,SD
0031115a71784,James,Bennett,james.bennett@hotmail.con,(259)330-8787,Laurenside,DE
003731fc38bfd,Brian,Wolf,brian.wolf@hotmail.com,001-653-421-0597,Acevedoside,VI
00374080e8069,Christie,Hill,christie.hill@yahoo.con,678.351.3113x9840,South Emilyberg,DE
00354fba97c8f,Peter,Anderson,peter.anderson@gmail.com,37596950960162,Lake Tanyafurt,NE
003a9d45be6c4,Suzanne,Hoffman,suzanne.hoffman@hotmail.con,7728269667349,Lake Kellyfurt,MI
003d6cebdbb0f,Michael,Ramos,michael.ramos@gmail.com,909-485-3272,Lewistown,IA
0030ddf8e266f,Charles,,charles.thompson@gmail.com,249.860.5937,South Christopher,IA
003bbb98b9e22,Michelle,Leonard,michelle.leonard@hotmail.com,4319338607,South Robert,CT
0037cfa5aa332,Lacey,Adams,lacey.adams@gmail.com,55986075454223,Rileybury,GA
003a94f9c609d,Kevin,Hobbs,kevin.hobbs@gmail.con,25737211271681,North Shannontown,MO
0034e5fa16ee2,Alan,Jordan,alan.jordan@gmail.com,6885261702,West Julie,AL
003514572ca31,Shawna,Wright,shawna.wright@yahoo.com,886.721.0781x8710,East Sandra,VA
00366291ab63b,Jacqueline,Nelson,jacqueline.nelson@yahoo.com,913.651.8233,Heidiberg,SC
003f29a2b33b0,Michael,Gomez,michael.gomez@hotmail.com,780-431-5395x31313,New Madisonchester,DC
00321eedaabc2,Kimberly,Reid,kimberly.reid@yahoo.con,(646)286-6764x69142,Dennistown,WV
00357f0434f23,Mindy,,mindy.brown@yahoo.com,3658948053,Port Nicole,SD
003832aa4d577,Charles,,charles.elliott@gmail.com,(322)811-3886,Judyview,MI
0036df4b70d23,Jeremy,Thompson,jeremy.thompson@gmail.com,+1-568-894-9542x76293,Cherylville,SC
0030148e20ef3,Kristin,Wolfe,kristin.wolfe@gmail.com,+1-586-983-5119x0359,Samanthachester,SD
003336ce67d07,Martin,Tucker,martin.tucker@hotmail.con,5157508806,Port Michelleview,NJ
003e3e8b4ba32,Mark,Gonzalez,mark.gonzalez@hotmail.com,931253136363179,Davidshire,AR
0032ca0c2249c,Kathryn,Bailey,kathryn.bailey@hotmail.com,173967114776684,New Thomas,ME
003f086bff460,Lori,Mueller,lori.mueller@yahoo.com,(494)629-9211,Taylorville,CT
003a0f47352aa,Jennifer,Irwin,jennifer.irwin@hotmail.com,815.295.8812x36886,East Marcus,KS
003838c897ec0,Samuel,Patton,samuel.patton@yahoo.com,6227347780,East Debra,NC
00389cb9381d6,Melissa,Coleman,melissa.coleman@hotmail.com,(619)279-0837x3160,Kevinshire,OK
003ef7cfbb3ad,Patrick,Reese,patrick.reese@gmail.con,846655921895688,New Kelly,NV
0033270f4b685,Thomas,Williams,thomas.williams@yahoo.com,3587353458,West Erik,MO
0039af9d61ce2,Danielle,Shields,danielle.shields@yahoo.com,2983061489,Barkermouth,AK
003340cca5b80,Wanda,Patterson,wanda.patterson@hotmail.com,(535)762-1343,New Cheryl,WI
003e2e84943a8,Richard,Pearson,richard.pearson@hotmail.com,2333563693,Lake Adamport,PR
003872d175ff6,Todd,Rogers,todd.rogers@yahoo.com,(422)850-1394x884,Randyfurt,CT
003281724cddf,Nicholas,King,nicholas.king@yahoo.com,19967897482,Port Christopher,VT
00387b11bd01c,Walter,Price,walter.price@yahoo.com,2906254853626,Timothyview,HI
003cc368788e8,Sarah,Gross,sarah.gross@hotmail.com,931-705-5771x0302,West Rachel,ID
003a7e2e2d9d0,Dawn,Anderson,dawn.anderson@hotmail.com,+1-925-416-2816,Lake Joseph,RI
003def50ae9c2,Theresa,Jacobson,theresa.jacobson@yahoo.com,161621768802942,Hartfurt,MO
00364023c472c,Adam,Hudson,adam.hudson@yahoo.com,9193430584,South Sara,AK
0033018fed35c,Kaitlyn,Kennedy,kaitlyn.kennedy@yahoo.con,788-554-4213x1705,West Lisaville,AR
0037080cff94b,Nancy,Ryan,nancy.ryan@gmail.com,828.856.0539x70798,Port Laura,MN
0031136191758,Joshua,Mcgee,joshua.mcgee@hotmail.con,807-200-1312,New Sandra,VI
003b823e50c8b,Jessica,Drake,jessica.drake@gmail.con,864.268.5191x7777,Benjaminberg,MA
0032bbce9afa8,Kevin,Stewart,kevin.stewart@hotmail.com,(787)661-2976x76213,Johnland,HI
0039e0a0f76c6,Brianna,Rodriguez,brianna.rodriguez@yahoo.con,811-748-3240,Daviesshire,ME
003e9884360db,Katelyn,Gonzalez,katelyn.gonzalez@gmail.com,(794)814-0575x995,New Michael,ID
003d08e952912,Raymond,Hunter,raymond.hunter@yahoo.com,(858)354-7398x9301,North Margarettown,NV
003626072a44d,Linda,Lee,linda.lee@gmail.com,823.473.9434x2120,Jacquelineport,TN
003354ee4ccd7,Linda,King,linda.king@yahoo.com,482.250.0869,Edwinbury,MI
00386fb5563cd,Meghan,Clark,meghan.clark@yahoo.com,+1-434-870-9570x28872,East Lee,DE
0034318657dd6,Christopher,,christopher.taylor@hotmail.con,224.257.2308x481,East Ronaldberg,MI
0033820f08a98,Melissa,Green,melissa.green@yahoo.com,7322187039,Arnoldbury,MA
00353b69b902b,John,Hill,john.hill@yahoo.com,(385)809-5966,Heatherfurt,VA
003890dc824bd,Brian,Silva,brian.silva@hotmail.con,1769806828700762,Debrachester,UT
00312ec004b18,Jennifer,Cook,jennifer.cook@yahoo.com,00192691736292459,East Sophia,PR
00355677bb482,Stacey,Dennis,stacey.dennis@gmail.com,7983890084384,Joshuaburgh,OR
003301a9d825e,Cynthia,Fox,cynthia.fox@yahoo.com,703844536551665,Hodgehaven,MI
003a15a1fb8ac,Brittany,Hall,brittany.hall@yahoo.com,(310)438-8629,Boydstad,VI
0035b159404cb,Adam,English,adam.english@yahoo.con,16442522414395,New Jon,ND
00362b0895b70,Michael,Gomez,michael.gomez@yahoo.con,881-476-1426,North Crystalburgh,SD
003fcc7325a6f,Lauren,Pierce,lauren.pierce@yahoo.com,001-350-343-7371x256,New Patriciaport,UT
0031ce56c4bc4,Kayla,Johnson,kayla.johnson@hotmail.com,(671)577-3180x6325,Port Jacqueline,HI
0031824185fb7,Austin,Garza,austin.garza@yahoo.com,(488)226-7280x0727,Campbellmouth,NC
0030a29c1534e,Miguel,Ellis,miguel.ellis@gmail.com,+1-597-566-5620x670,Jamesfort,MH
003f01d9ff21d,Dawn,Smith,dawn.smith@hotmail.com,001-308-883-9411,West Victoriaborough,GU
0030c8835cf92,Jennifer,Miller,jennifer.miller@yahoo.com,+1-620-910-4912x104,East Lauren,GU
00312656e0688,Bruce,,bruce.ellis@hotmail.com,29894315227911,Medinafurt,WY
0036d8be13238,Christopher,Reese,christopher.reese@yahoo.com,4347238238,Lake Tasha,PW
0035a6c1f4fd5,Matthew,Walters,matthew.walters@yahoo.com,4543712993,Fisherport,CT
0030ccce50985,Melissa,Phelps,melissa.phelps@hotmail.com,(357)980-9134x3161,Nicholasberg,IA
0031d163bc984,Kimberly,Lopez,kimberly.lopez@hotmail.con,001-216-968-1133x97367,Lake Melissa,KY
0035d83c25b12,John,Odonnell,john.odonnell@gmail.com,964-800-5242,Michaelton,MH
0033446333d48,John,Campbell,john.campbell@gmail.com,374-497-1364,Holtfort,ID
003eb49618607,Micheal,Clark,micheal.clark@gmail.com,+1-463-599-7546,New Lauren,PW
00310b253c6a7,Sarah,Horn,sarah.horn@gmail.com,0012646552175,North Ryan,TX
003785f3cf272,Mary,Martinez,mary.martinez@gmail.com,821.511.3144x8042,New Joshua,MS
003d3b147a923,Michael,Collier,michael.collier@gmail.con,(715)210-7055x70529,Riosmouth,OH
00386c0f6610b,Benjamin,Taylor,benjamin.taylor@yahoo.com,+1-210-346-3632,Rhodesborough,CT
003d1dc5f2c0b,Michael,Allison,michael.allison@yahoo.com,0017592611449,Goldenview,VI
00304414e7910,Cindy,Clark,cindy.clark@hotmail.com,922-705-7673x27530,Lake Evanfort,NM
003e17f27ddf1,Tonya,Santos,tonya.santos@gmail.com,7656858276,West Elizabethport,SC
003373cc8c195,Jody,,jody.garcia@gmail.com,1551536651306791,New Emily,NV
0036d224f923c,Allison,Lewis,allison.lewis@hotmail.com,+1-204-804-4161x6613,West Kristentown,NY
003c889681936,Rachel,Fox,rachel.fox@gmail.com,265-251-4620,Markchester,WY
00390e815d691,Kevin,,kevin.foster@gmail.com,(684)963-9855,North Emilychester,OH
003c7576a28f9,Michael,Roth,michael.roth@hotmail.con,+1-426-591-7768,Royside,WA
003c95358e455,Anthony,Black,anthony.black@hotmail.com,(521)464-9420x2781,Deannamouth,MT
003797faa7866,Christopher,Flores,christopher.flores@gmail.com,+1-333-415-2352x53220,New Joseph,AR
003d017475468,Karen,Burke,karen.burke@yahoo.com,2287160596,New Tylermouth,VA
0037b591d9d9c,Jason,Campbell,jason.campbell@yahoo.com,69337772424278,South Theresa,GA
003f28ca95be2,Marvin,Adams,marvin.adams@hotmail.com,884-913-5296x6414,Johnmouth,PW
003ebf4c01ad7,Carl,Jordan,carl.jordan@yahoo.com,001-801-989-2926,Sharontown,HI
0031f0c15590b,Krista,Contreras,krista.contreras@yahoo.com,0013112634303,Michaelmouth,ME
003350aec0425,Shannon,Estrada,shannon.estrada@hotmail.con,435.466.3882,Rebeccamouth,MP
0037b36697e9e,Elaine,Harvey,elaine.harvey@yahoo.com,613-332-8348,North Rebeccaside,FM
0031d4944602a,Jessica,Diaz,jessica.diaz@hotmail.con,601-477-4950x354,New Diane,NV
0036c80188042,Tammy,Lee,tammy.lee@gmail.con,313.308.3741x4062,Smithtown,PA
003791349caf8,Erin,Garrett,erin.garrett@yahoo.con,14159966849,Johnsonstad,OK
003e3204abc5d,Nancy,Jones,nancy.jones@hotmail.com,+1-775-848-4119x947,West Richard,OR
003890077331a,Jesse,Phillips,jesse.phillips@gmail.com,386.520.6612x681,Tinamouth,NE
00349a8ce3969,Martha,Monroe,martha.monroe@yahoo.com,001-441-865-8634x4783,Loriside,NM
0032e9c6f4f3b,Laura,,laura.crawford@yahoo.com,5085815302,West Jim,ME
00386fb77ac3d,Brian,Lewis,brian.lewis@gmail.com,638-817-7998x992,North Christopher,NE
0036f87928589,Samantha,Hogan,samantha.hogan@gmail.com,(894)412-3280,Amberhaven,FM
00365bd68f4cb,Jimmy,Wagner,jimmy.wagner@hotmail.com,(867)748-7629,Fosterview,CO
0034f3ce61dca,Denise,King,denise.king@hotmail.com,995694636887258,Hartmanside,RI
003118ccc1188,Stephen,Mathis,stephen.mathis@gmail.com,6045720397,East Michaelport,KY
003b6c56e0f80,Rebecca,Carson,rebecca.carson@gmail.com,854-841-3069,Lake Michellemouth,WY
0033debba6067,James,Green,james.green@hotmail.com,608.811.7596x614,West Mistyburgh,GA
003080fe50ad6,Michele,Johnston,michele.johnston@hotmail.com,217-907-0963x9764,East Danaton,RI
00337e7aaacd8,Nicholas,Love,nicholas.love@gmail.com,(272)249-2598x764,Port Jennifer,AL
0036b9610807f,Jeffery,Mack,jeffery.mack@gmail.com,845.493.1413,Andersonville,OK
0031c3b3f3b79,Michael,Harmon,michael.harmon@hotmail.com,001-215-974-4965x3916,Port Johnside,FL
003df84f7d545,Thomas,Hoffman,thomas.hoffman@yahoo.con,617-893-8525x27470,Thompsonbury,AL
003f11ff63c3a,Amy,Mcdaniel,amy.mcdaniel@yahoo.con,5137835146,Cordovabury,VT
003a4e17a5a8e,Aaron,Thompson,aaron.thompson@gmail.com,(297)339-6707x106,East Michael,ME
00334235e5c25,Gabriela,Vincent,gabriela.vincent@hotmail.con,974.573.7914x9202,Port Julieborough,NY
0030c5251058c,Nathan,Anderson,nathan.anderson@hotmail.com,+1-316-440-9891x0390,Matthewborough,WI
003e3d6164fd1,Bryan,Tucker,bryan.tucker@gmail.com,708-537-0890,Markton,MS
003df865c29a4,Joshua,Bowers,joshua.bowers@yahoo.con,742.738.8565x271,Port Patrick,KS
00323e7c177c6,Jacqueline,Thompson,jacqueline.thompson@gmail.com,(968)808-6631x52717,Natashafort,ND
003fdad477198,Alec,Kane,alec.kane@hotmail.com,249.212.3216,West Dylan,VI
0030188888634,Corey,Williams,corey.williams@hotmail.com,001-961-571-4254x872,Lewisside,MH
0032a957dc2cf,Kelsey,Thomas,kelsey.thomas@hotmail.con,253478381496234,New Sheryl,MT
003a84e2f2779,Helen,Stokes,helen.stokes@yahoo.com,001-790-370-6487x23583,South Nancy,FM
003cbaea585fa,Alyssa,Rodriguez,alyssa.rodriguez@hotmail.com,2705177446,East Susanbury,DE
003d697a1facd,Heidi,Duarte,heidi.duarte@hotmail.com,953-309-3731x34037,Zacharyton,NJ
003d5676a5aaf,Teresa,Martinez,teresa.martinez@gmail.com,437-575-7165x787,South Arthurland,CA
003b353f581ac,Barbara,Bell,barbara.bell@yahoo.com,5738234251,Sarahfurt,FL
003051df8003b,Angela,Oneal,angela.oneal@yahoo.com,00199864250796699,Lake Thomasfort,GA
003fa094588fa,James,Davis,james.davis@yahoo.com,755.803.1093x8882,North Brendachester,PW
0039a5e9de900,Gabriel,,gabriel.perez@gmail.com,(840)604-7486x7948,Port Charlesfort,WV
003859295ee15,Roberto,Davidson,roberto.davidson@gmail.com,545-526-7889x553,Barbaraview,IL
003833ad7480b,Marvin,Decker,marvin.decker@yahoo.com,+1-691-916-6173,Rodriguezton,FL
0032019e2bdf7,Rachael,Henderson,rachael.henderson@hotmail.com,0012608440999757,Lake Shaun,NY
00354c968d152,Shelley,Shah,shelley.shah@hotmail.com,+1-252-258-0009x631,New Bobby,MO
003979c0fbf5a,Rachel,,rachel.davis@gmail.com,774.805.0133x20344,Chavezberg,MI
003061a16a682,Meagan,,meagan.sparks@yahoo.com,(884)410-7528x911,Davidville,MO
0039318ed314b,Franklin,Parrish,franklin.parrish@yahoo.com,414.754.6152,Port Joshuaville,WI
0036e83a99a50,Jeffrey,Crawford,jeffrey.crawford@gmail.com,+1-795-768-5142x3704,East Michaelhaven,VI
003ca1053148a,Donna,Patterson,donna.patterson@gmail.com,18279813624804,Woodwardburgh,TX
0030ec557af86,Amanda,Alexander,amanda.alexander@hotmail.com,448-660-0500,North David,VA
003d3aa3955b2,David,Murphy,david.murphy@hotmail.com,987.403.7507,Mayfort,PW
0036b49c0baf4,Amy,Young,amy.young@hotmail.com,+1-819-371-9975x81724,East Lisashire,MH
0033c22ffd5d4,Scott,Barnes,scott.barnes@hotmail.com,(270)257-4205x0080,New Carriefurt,MP
003ce82df29d5,Juan,Simmons,juan.simmons@hotmail.com,(760)433-2739x9741,Lake Tracy,AZ
003b558e58500,Amanda,,amanda.guerrero@gmail.com,+1-750-895-4930,Franciscofurt,NH
003d2079aefc4,Wendy,Bright,wendy.bright@gmail.com,673.853.4972,Villaview,SD
0034acac0d191,Ashley,,ashley.johnson@gmail.con,+1-586-653-7221x84586,Phillipsshire,FM
0036c30a35ce5,Joan,,joan.davis@gmail.com,(556)626-0835,North Rhonda,AR
0037f3061daf6,Pamela,Flores,pamela.flores@hotmail.com,859-683-9782x908,West Derekchester,MT
0036e37a0a48e,Amanda,Jones,amanda.jones@gmail.con,727473477496784,Courtneystad,MA
003c87270dc0e,Jeffrey,Ramirez,jeffrey.ramirez@hotmail.com,5303578245,Lake Timothy,SC
003a0a8e0c3a5,Joseph,Nelson,joseph.nelson@hotmail.com,347-648-4856x9445,South Calebborough,WY
0038fa4f0110b,Michael,Flores,michael.flores@gmail.com,17318912604,Stephenburgh,MH
003465fc639d9,Melissa,James,melissa.james@hotmail.com,6519194725,Lake Kaylaton,HI
0034cb295500e,Katherine,,katherine.larson@gmail.con,7082119776,East Jacquelineton,DE
0037efd9ffc21,Lisa,Robbins,lisa.robbins@yahoo.com,66171107976475,Sherrytown,WV
0031170f34bd8,Brett,Williams,brett.williams@yahoo.com,15415612365289,Marieburgh,MI
0030653536b53,Gregg,Hampton,gregg.hampton@gmail.com,4588099826,South Thomas,WY
003b79c8dd613,Sergio,Miller,sergio.miller@hotmail.com,572-725-6996x1125,Jacksontown,DC
003936908f918,Patricia,Williamson,patricia.williamson@gmail.com,597-348-9564x25275,South James,KS
003a9ca0ec32b,Maria,Wong,maria.wong@gmail.com,516-856-7002x889,North Zachary,SC
003e3f577cc38,Kristen,Ramos,kristen.ramos@gmail.con,673.863.6525,New Geraldport,ID
00362eaeb13a2,Jose,Ramirez,jose.ramirez@hotmail.com,001-466-419-2102x9957,South Connie,WY
003904d14fbb8,Randy,Stephens,randy.stephens@gmail.com,(665)988-6802x263,Reynoldsfurt,AL
003e6bfc3752b,Roger,Hayes,roger.hayes@hotmail.com,828.515.6130x2327,Longmouth,TX
00318e6e92750,James,Salazar,james.salazar@hotmail.com,690-822-3334,Greenshire,WI
003fc4dc1b9d8,Jessica,Williams,jessica.williams@yahoo.com,001-883-240-0771,West Marisa,VA
003d7972f9f8c,Gary,Myers,gary.myers@yahoo.com,545.330.0470,West Ryan,WA
003c98521abb9,Kaitlyn,Gonzalez,kaitlyn.gonzalez@gmail.con,0019736995992,South Hollyside,KS
003d2f01b1818,Lauren,,lauren.mclaughlin@yahoo.com,+1-558-260-7250x933,Matthewburgh,OH
00373011c45b8,Cynthia,Henderson,cynthia.henderson@yahoo.com,(301)579-1809,Alexandraland,NC
00399d21617f0,Ian,Mitchell,ian.mitchell@gmail.com,1885457800244323,Greenfort,AK
003c64fd2b0f6,Eric,Price,eric.price@yahoo.com,001-403-484-1019x5992,Lake David,AR
0035cb817ae6a,Peter,Hall,peter.hall@gmail.con,001-372-822-1553x250,Lisaland,NE
003f442ca0d63,Sandra,Martinez,sandra.martinez@hotmail.com,2214036740,East Kimberlyborough,AK
003710fd777d3,Christopher,Mclaughlin,christopher.mclaughlin@gmail.con,+1-267-412-0072,New Aaronborough,WY
0033fbee653d2,Monica,Grant,monica.grant@hotmail.com,520.620.4871x0365,Matthewland,VI
003d9d4da8dbf,Ashley,Rodriguez,ashley.rodriguez@yahoo.com,(874)725-8915,New Heather,GA
0034e15c77664,Thomas,Smith,thomas.smith@yahoo.con,12023797273,Denisemouth,OH
003dc1bdc4ea0,Justin,Kim,justin.kim@hotmail.com,933.656.2303,Lake Jenniferland,ND
003a6282e885e,Laura,,laura.prince@gmail.com,+1-685-475-4738x808,Jeffreytown,MN
003da6df4cb21,Kelly,Smith,kelly.smith@hotmail.com,879-362-2951x10848,Garzaville,NV
003f17fb0264f,Justin,Nelson,justin.nelson@hotmail.com,396.988.2489x323,Brooksport,TX
00398ea686678,Colin,Wilson,colin.wilson@yahoo.com,585388376367235,East Stephanieberg,MP
0032c05b3b21b,William,Horton,william.horton@hotmail.com,252-576-5096,Mcculloughberg,GU
0035f255dd3d9,Shelly,Rojas,shelly.rojas@hotmail.com,268.974.7774,Riversberg,GA
003e24658e5bb,Michele,West,michele.west@gmail.com,975-384-1262x2761,Brownstad,NM
0033bbbd557a4,Troy,Stafford,troy.stafford@gmail.com,889-507-2931x228,Hendricksshire,AK
003e52cee4d0a,Lori,Robinson,lori.robinson@hotmail.com,718919242412963,Port Anthonyburgh,RI
003289d054305,Donna,Mahoney,donna.mahoney@gmail.con,8382278742,Angelaborough,AR
0036281950179,Steven,Pineda,steven.pineda@gmail.com,7593094798,West Jeffreyborough,TN
00382758d850d,Walter,Klein,walter.klein@hotmail.com,(335)457-7543x72954,Moralesview,AL
0032cf774a6ea,Marcus,Wilkinson,marcus.wilkinson@hotmail.com,(619)495-8306x374,New Adam,KY
0036c1aef6fd7,Jonathan,Williams,jonathan.williams@hotmail.com,(265)695-1974x395,East Karenborough,CA
003513aafd1a3,Michele,Bates,michele.bates@yahoo.con,646.504.0672x0078,Dawnmouth,ID
003e65a9751b8,Kelly,Cruz,kelly.cruz@hotmail.con,232359532787747,Port Danielberg,FM
003bdf10fc532,Lisa,,lisa.clarke@yahoo.con,482.681.4046,East Brandon,TN
003c45333b2a2,Jeffrey,Gonzalez,jeffrey.gonzalez@yahoo.com,16533406681648,North Pamelaland,DC
003e6597524a1,Krystal,Tucker,krystal.tucker@gmail.com,(558)696-0707x228,New Taylorport,GA
0031273f3e232,Ann,Malone,ann.malone@yahoo.com,001-712-542-6957,Adkinstown,KY
00351abbc7fcb,Debra,Valencia,debra.valencia@hotmail.com,001-610-483-0007x5371,Joshuabury,GU
0032d46591bc2,Rebecca,Valenzuela,rebecca.valenzuela@yahoo.com,5296691360953,North Peter,VI
00318773e9686,Karen,Nelson,karen.nelson@yahoo.com,3605541137,Shawnfurt,AR
00334f0046d4d,Elizabeth,Johnson,elizabeth.johnson@gmail.con,29186288750865,Watsontown,AS
003406d5374de,John,Porter,john.porter@hotmail.con,8955830428,Thomasport,PA
0030df6c2001d,Rebekah,Williamson,rebekah.williamson@yahoo.com,347-790-4475,East Frances,FL
00396f8082b6e,Teresa,Boyd,teresa.boyd@gmail.com,00173689036289177,New Daniel,IL
00393cd6bff76,Susan,Schmitt,susan.schmitt@yahoo.com,432-504-0632,South Paul,AS
003ff4985e634,Robert,Stewart,robert.stewart@yahoo.com,566-363-3080x25437,Lake Melissaburgh,PW
00314372ebb73,Krystal,Maldonado,krystal.maldonado@yahoo.com,714391359345641,East Morgan,TN
003c8681be965,Lori,,lori.taylor@hotmail.com,680-369-5302x03315,Shermanborough,MD
003ac2953ff99,Connie,Reynolds,connie.reynolds@gmail.com,9737359985,Lake Jose,CO
003ccd2be15be,Anna,,anna.allen@hotmail.com,13343686207539,Lake Luke,NV
0036cdb5e8f98,Hannah,,hannah.riley@gmail.com,652-303-6089x411,Kathleenbury,PW
00393b4393b18,Nicholas,Garcia,nicholas.garcia@gmail.con,0017798948544625,Sallytown,MH
003e11c850d7a,Joseph,Reed,joseph.reed@yahoo.com,681.324.8346x10434,Monicastad,DE
0036cedf1dc4f,Kim,Henson,kim.henson@yahoo.com,+1-298-920-2542x00315,Wesleyton,ID
003cfd5b0ab14,Margaret,Deleon,margaret.deleon@yahoo.com,740-612-1610x6065,East Jonathantown,MD
00344f758ad41,Mark,Lowe,mark.lowe@yahoo.com,(324)540-7584x4782,Browntown,ME
003dc39358caa,Ryan,Stewart,ryan.stewart@hotmail.com,(968)581-4539x24133,Port Tammietown,NC
00323a404f81c,Adam,Gordon,adam.gordon@gmail.com,3908120874,Port Renee,TN
003cfea45e76a,Daniel,Howard,daniel.howard@gmail.com,(467)955-1254,West Jennifer,PA
00348b18046e4,Morgan,Mcintyre,morgan.mcintyre@gmail.com,(456)677-5216x359,New Amanda,NH
00314a2448516,Stephen,Esparza,stephen.esparza@yahoo.com,0015146701298,Reedburgh,OH
0035143f6e3d5,Chad,,chad.porter@gmail.com,250.763.6229x8225,Aprilview,FL
003cc11b28cfd,Paul,Day,paul.day@gmail.com,7078309505,Spencerside,VA
003df9d562253,Edward,Walters,edward.walters@hotmail.con,3727631068,Spencerville,OH
0030b33e9b26f,Brianna,Mccarty,brianna.mccarty@hotmail.con,4575634339971,Kaneton,SD
003c5ff76c63a,Margaret,,margaret.atkins@gmail.com,208.855.3606x223,Gabrielhaven,ME
003fe4367b883,Nicholas,Crawford,nicholas.crawford@gmail.com,(446)735-1452x2823,Lake Jonathan,PR
003894a351569,Ashley,Ramirez,ashley.ramirez@yahoo.com,939-773-8460x59716,Sarahshire,WA
003245f9d77ac,Ralph,Martinez,ralph.martinez@hotmail.com,519-974-3627x121,Brendaland,MO
00304e4682334,Cody,Richards,cody.richards@gmail.com,0019333359379,Port Matthew,VT
0034a70437ba5,Phyllis,,phyllis.choi@hotmail.com,8297965082,Port Jayside,NJ
003b908f3e692,Denise,Mcclure,denise.mcclure@gmail.com,720.799.1521,New Patrick,KS
0035638b49e84,Brandon,Cox,brandon.cox@hotmail.com,00192330374327531,Lake Nicholasmouth,CT
00304809e14bd,Matthew,Rivera,matthew.rivera@gmail.com,4423296428,East Alexandra,FM
003122c6ac414,Angela,Clark,angela.clark@yahoo.com,(742)288-4637x734,South Ericton,MP
003ffeaec33e9,William,Hill,william.hill@hotmail.com,963.561.7227,West Meganberg,AZ
0031b29658303,Shawn,,shawn.schultz@hotmail.com,5682640356,Hurstborough,MP
0035e2ca42a44,Paul,Davis,paul.davis@gmail.com,6964467887,Chanshire,SC
0032272fe2287,Jason,Bailey,jason.bailey@hotmail.com,0013053423357415,Grossbury,OK
003d1c7b133d2,Heather,Carr,heather.carr@gmail.com,509395673626171,Whitefort,UT
003f262edf6b8,Kimberly,,kimberly.schmidt@hotmail.com,5259912046,Charlestown,HI
003a9ff66619e,Maurice,Young,maurice.young@hotmail.com,525388858212402,Frankside,AL
00353660cf075,Monica,Miller,monica.miller@yahoo.com,(488)270-7155x348,South Richardmouth,MI
003f091f713f3,Ana,Lang,ana.lang@gmail.com,(469)993-4105x56724,Cainside,MT
003e7401be04a,Brian,Wallace,brian.wallace@yahoo.con,(760)594-9274,West Davidstad,OH
00346dc77f9c0,Deanna,Page,deanna.page@yahoo.com,761-984-6891x58336,Port Williambury,IN
003edf65a300e,Cindy,Hernandez,cindy.hernandez@gmail.con,6455338550,Lake Micheleton,ME
0033cb694db54,Jimmy,,jimmy.russo@hotmail.com,(437)576-6599x5990,New Deborahville,ME
003ba7d7569ad,Sergio,Huff,sergio.huff@hotmail.com,474.659.2541x2387,Morganstad,PA
00330498b5d07,Phillip,Moses,phillip.moses@hotmail.com,001-242-353-2836x9308,Lake Andre,GA
0032d2f445658,Allison,,allison.peterson@gmail.com,523.203.5821x7263,East Kelseyhaven,AK
003e2e956be63,Charlotte,Hamilton,charlotte.hamilton@hotmail.com,799-610-4716x4954,Garyhaven,WA
003e5d01fcd3e,Tami,Lee,tami.lee@hotmail.com,17066235466226,Martinburgh,DE
003483a551eef,Mark,Trujillo,mark.trujillo@yahoo.com,61394282334430,New Tonya,LA
003d333307903,Rose,Lee,rose.lee@yahoo.com,692.697.5698x86471,Johnbury,WI
003769d20b013,Laura,Steele,laura.steele@yahoo.com,6182536017430,Flemingfort,NH
003779ebba1bc,Kenneth,Villegas,kenneth.villegas@gmail.com,001-544-983-4599x61940,Laurentown,VI
0034b2f3d5243,Laura,Wright,laura.wright@hotmail.con,410.279.5163x52141,Ryanland,NC
003782cc1b793,Carla,Lawson,carla.lawson@hotmail.com,001-978-372-6196,Sandersshire,NV
0030c253efa7e,Tonya,Townsend,tonya.townsend@yahoo.com,(883)305-3789x40986,Timothyville,VI
0034958c98ca1,Cole,Ryan,cole.ryan@hotmail.com,00163247866868998,Ruthview,CT
003f150f9bf64,Jennifer,Alvarez,jennifer.alvarez@yahoo.com,(477)251-5367,Annetteview,LA
003364e06d0c7,Benjamin,Clark,benjamin.clark@hotmail.com,(890)432-7994,Lake Stephenville,AR
003353eda942a,Mary,,mary.leonard@yahoo.com,885.598.8192x06965,South Amber,CO
00323629c34e8,Allen,Graham,allen.graham@hotmail.com,001-827-992-4632x03747,Stevenfurt,FM
0038b083663a1,Robert,Jones,robert.jones@hotmail.com,2985098804,South Michael,KS
003be9e04a629,Tyler,Harvey,tyler.harvey@gmail.com,4627873451,Weberbury,DE
0036d4e7dfd71,Lindsay,Gardner,lindsay.gardner@hotmail.con,265.256.7173x43122,Sergioland,NC
003af20a23667,Victoria,Townsend,victoria.townsend@hotmail.com,001-208-203-1499x825,Rodgershaven,PR
003473e2e80fe,John,Rangel,john.rangel@yahoo.com,71169913656402,Jamesmouth,PA
003f67be80159,Mike,,mike.davis@hotmail.com,(881)546-9107x6432,Michelleshire,MA
003f24ef08afb,Daniel,,daniel.white@hotmail.com,+1-462-447-2863x94201,New Jacquelinechester,MO
0032f9ce25b7a,Frederick,Johnson,frederick.johnson@gmail.con,6684080682,East Shelby,OK
00330124c47c5,Jeffrey,Kelly,jeffrey.kelly@hotmail.com,+1-905-681-0801x533,Jonesmouth,MS
0037751b34a78,Glenn,King,glenn.king@yahoo.com,92979872473539,Tinaland,AS
0038b5570a01e,Rachel,,rachel.allen@yahoo.com,363.885.6493,Deannaland,CT
0037b7d97aea7,Jose,Hill,jose.hill@yahoo.com,2123586062,Julieport,AL
003c54625b139,David,Larson,david.larson@gmail.com,(474)356-8652x4062,West Joeport,NV
0038358fa36fb,Ricky,Dunn,ricky.dunn@hotmail.com,830-210-0830,Moorebury,MA
003c270745a05,Wendy,Jones,wendy.jones@hotmail.con,7532404822615,South Davidchester,OK
0035bcb486c00,William,Fisher,william.fisher@yahoo.com,3674917665,Port Cody,WA
003a25e21becc,Jessica,Taylor,jessica.taylor@gmail.com,(681)739-7951x962,Caitlinshire,TN
003625971bbe5,Kiara,Fox,kiara.fox@gmail.con,36895649226042,Davisbury,WA
00371a9ba94ec,Paul,Campbell,paul.campbell@hotmail.com,0014538045555950,Sandraborough,IN
003dfc5dc2d5c,Luis,Barrett,luis.barrett@hotmail.com,001-977-737-9395,Lake Allison,FL
00339a11d564d,Elizabeth,Patterson,elizabeth.patterson@gmail.com,(241)920-9579,Port Dwayne,CT
003d9d728bc59,Rebecca,Pierce,rebecca.pierce@hotmail.com,354.781.4423x352,New Michaelland,IN
003d763602da8,Shawna,Washington,shawna.washington@gmail.com,(215)413-3209x673,Perezhaven,MN
003bbca8163db,Alexis,Tucker,alexis.tucker@gmail.com,4216946723,New Joeville,NC
00360177a4cb8,Tyler,,tyler.thomas@gmail.com,(356)553-4440x9230,South Christopherberg,LA
003518d7346e9,Julie,Adams,julie.adams@yahoo.com,(661)215-5681x6096,Castanedaport,WA
003a4e2f2429a,Jennifer,Gallagher,jennifer.gallagher@hotmail.com,+1-664-363-3953,Wagnershire,WY
00307c3157919,Matthew,Francis,matthew.francis@hotmail.com,471.604.5688x2634,Derekland,WY
003077d37cfae,Nicole,Hernandez,nicole.hernandez@gmail.com,8455142469,New Pamelaville,CT
003ce7db8df25,Jason,Medina,jason.medina@yahoo.con,954.770.9128x48787,Blevinsland,VI
003276058666a,Kristine,Hernandez,kristine.hernandez@hotmail.com,619882642582624,North Kathleenton,FM
00375ffb17f1f,George,,george.jordan@yahoo.com,001-849-286-4786x86237,South Lori,OH
00399aa2dd37a,Eric,Li,eric.li@yahoo.con,3948618677,Woodardberg,FL
0031c4b3f3f51,Allison,Wagner,allison.wagner@yahoo.com,0019509324496726,Carolburgh,PR
003e949820bac,Michael,Bauer,michael.bauer@hotmail.com,+1-389-651-2370x85119,South Ronald,CO
0030241577631,Rebecca,,rebecca.flores@hotmail.com,4024613409731,Dianamouth,IN
003ac5a255bf7,Jeanne,Butler,jeanne.butler@yahoo.com,370943913246765,Port Michele,ME
0037740b3f18e,Deborah,Ali,deborah.ali@gmail.com,+1-398-491-9648,Williamshaven,PR
003c9e8d4ce50,Patrick,Foster,patrick.foster@yahoo.com,9685902552,Lynnchester,TX
003c5784b6c52,Martin,Kim,martin.kim@gmail.com,15379847719,East Johnhaven,VI
00346fd5b7430,Scott,,scott.wallace@hotmail.com,18114379830457,Port Katherinestad,TN
0037bdd2cda8f,Marc,,marc.hinton@hotmail.com,+1-968-706-6643x0673,Williammouth,NH
0034110f5d40d,John,Nicholson,john.nicholson@gmail.com,7645522039480,West Kristin,OK
003241d89d307,Aaron,Taylor,aaron.taylor@gmail.com,250.325.2102x242,Zacharybury,MH
003bb481fb76b,Michael,Mcdaniel,michael.mcdaniel@hotmail.com,(938)735-2237,Andreafurt,OH
0035ce4f280c6,Sarah,Rodriguez,sarah.rodriguez@hotmail.com,(785)333-2319,Kimberlyfurt,NM
00347fa65d464,Alexander,Frey,alexander.frey@gmail.com,224-857-1815,Barrystad,MA
003eb7b517f56,Gerald,Long,gerald.long@gmail.com,694-787-8360x029,North Angelaville,IL
00320e5ae9f01,Kathleen,Malone,kathleen.malone@yahoo.com,(625)477-9830,Lake Nicole,CA
0034391969e15,Tony,Zuniga,tony.zuniga@yahoo.com,(834)961-5121,Shawburgh,VT
003489f6d565a,Jonathan,Keller,jonathan.keller@hotmail.com,837-480-4987,Jillport,MH
003115a672663,Melissa,Solomon,melissa.solomon@yahoo.com,179552313628141,North Marchaven,NE
003d31fe4193c,Jesse,Padilla,jesse.padilla@gmail.com,214639137295416,Nguyenville,TN
0031a094eac4a,Roy,Matthews,roy.matthews@yahoo.com,727582985108076,Curtisland,WA
003eb546dac7d,Jessica,Castro,jessica.castro@hotmail.com,001-244-719-1479,Wellston,GU
00387670e5d54,Jamie,Levy,jamie.levy@gmail.con,3619525019,East Marcus,MP
0035caf3b410f,Krista,Wiggins,krista.wiggins@hotmail.com,(348)376-2303,East Kristin,MD
003e2ee655010,Norma,Jones,norma.jones@hotmail.com,+1-264-605-3767,Douglaston,MO
0037cea837743,Heather,Morris,heather.morris@hotmail.com,834-945-5329,Hallport,HI
003612536f78b,Monica,Brown,monica.brown@yahoo.com,16916558593922,Dianamouth,MO
00384a3368821,Jennifer,Clark,jennifer.clark@hotmail.com,001-465-338-9224,Kaitlynchester,AL
003fc4dbcf765,Jennifer,Anderson,jennifer.anderson@hotmail.com,853.413.6859x3152,North Cynthia,DE
0031b344e8648,Eric,Smith,eric.smith@yahoo.com,001-631-519-6488x0165,New Annland,CA
0031b0ac036e1,Laura,Green,laura.green@gmail.com,+1-606-904-5982x781,East Ricardohaven,CT
00349f214bf85,Denise,Lopez,denise.lopez@gmail.com,720-242-2470x4284,Lake Brian,AK
0036059af4fd1,Glenn,Berg,glenn.berg@yahoo.com,985-600-7288x9592,East Laurenfurt,MO
0034e6855a8d0,Savannah,Erickson,savannah.erickson@gmail.con,001-471-582-1821x60639,New Leahton,FL
0038843b2460c,Andrew,Brown,andrew.brown@yahoo.com,561-209-2551x46198,Alexanderborough,MI
003244552a81e,Debra,Black,debra.black@yahoo.con,958-450-9591x45049,Mosesville,ND
0030291333945,Thomas,Nicholson,thomas.nicholson@hotmail.con,0017049743762689,Port Jenniferton,WA
003d3495f1cd2,Annette,Silva,annette.silva@hotmail.com,001-652-859-7945x437,Abbottfort,MD
00386d0f92c38,Cynthia,Petersen,cynthia.petersen@hotmail.com,977-539-2024x440,Port Jamesfurt,NM
0032ffbbcf39a,Christopher,Williams,christopher.williams@yahoo.com,18982519121821,South Christina,NC
0033dd620a853,Angela,Anderson,angela.anderson@gmail.com,3637657837,Obrienshire,TN
003aac594cf9c,Christopher,,christopher.santiago@yahoo.com,58538425518931,Adambury,DE
003d92d06329f,Peter,Martin,peter.martin@yahoo.con,253.952.2774,Joannaland,NV
003798b2a5b2e,Donald,Padilla,donald.padilla@hotmail.com,(704)858-5976x07353,South Scott,NJ
0032b4c76985e,Kevin,Vasquez,kevin.vasquez@yahoo.com,001-678-662-1634,East Angela,NC
003d2c3a1283b,Samantha,Harris,samantha.harris@gmail.com,4505124955,Lake Coreyborough,PW
0033a57b0e0e1,Brandon,Moreno,brandon.moreno@yahoo.com,2678970016,New Tyler,CT
0038f725a0696,Billy,Reid,billy.reid@hotmail.con,+1-412-330-7388x8012,Langview,MA
00342f0fb1b2c,Jessica,Graves,jessica.graves@yahoo.con,(719)472-6344x556,North Gloriafurt,AK
00366c7ab118e,Robert,Hardy,robert.hardy@yahoo.com,001880943939881869,New Stephanie,UT
0032900ac99a3,Rebekah,Cunningham,rebekah.cunningham@yahoo.com,+1-493-807-0046x66052,Jennashire,CA
003c06ef44c62,Mitchell,Smith,mitchell.smith@yahoo.com,401560557047871,Baileyshire,SD
003d08a33b194,Angela,Archer,angela.archer@hotmail.com,926-393-7650x1676,North Jessicafurt,FM
00301f1d48859,Matthew,Johnson,matthew.johnson@gmail.com,549-908-0998x39767,Johnbury,WI
00352f763b08c,Nancy,Jackson,nancy.jackson@hotmail.com,9505750781,Kimberlyview,OK
0037d8abec46b,Brian,Oconnor,brian.oconnor@yahoo.com,00145056961588445,Vasquezton,ME
0032fd409df5c,Donald,,donald.buchanan@gmail.com,622.459.3103x3700,Lake David,SC
00330e542654a,Edward,,edward.jackson@hotmail.con,+1-510-573-3673,Port Damonton,VI
003a0d1d908b8,Kimberly,Martinez,kimberly.martinez@hotmail.con,713765904845878,Ryanhaven,OK
0039d3298e015,Anthony,Harris,anthony.harris@yahoo.com,125489500507026,Marshallchester,PR
003db4552d569,Mark,Logan,mark.logan@hotmail.com,146133615100374,Owensmouth,NV
003c59acebcd4,Alicia,Hudson,alicia.hudson@yahoo.con,(391)474-9706x52796,West Walterland,FM
003640be44e44,Jodi,Page,jodi.page@gmail.con,(480)646-5721x187,North Roberthaven,NE
003d6ec5de121,Alyssa,Gomez,alyssa.gomez@gmail.com,9962209722,Port Johnnyborough,MH
003427215b080,Andrea,Camacho,andrea.camacho@gmail.con,+1-916-356-1307x398,Lisamouth,WA
00354bb76cda6,Lori,Cook,lori.cook@yahoo.com,(224)599-6305x561,Port Jonathan,MI
0036cf5ba2fe4,Brittney,Taylor,brittney.taylor@yahoo.con,520.647.4421x756,Toddhaven,CA
003ff4e33c0af,Justin,Lee,justin.lee@yahoo.com,882-532-8901x710,Kaylaborough,KY
0034aa84be788,Richard,Mccarthy,richard.mccarthy@hotmail.com,422.857.7545x847,Reyesside,IA
0033341639442,Juan,Gonzales,juan.gonzales@hotmail.com,+1-809-241-4250x9563,New Christine,NE
003e7459a175c,William,Rivera,william.rivera@hotmail.con,(587)215-8344,Port Juan,FL
003a3d1872863,Mark,Knight,mark.knight@hotmail.com,430-995-5877x99364,South Susanland,DC
003914a34afaa,Rebecca,,rebecca.williams@gmail.com,286.834.8765x6128,Lovemouth,RI
00325c7266f8a,Heidi,Flores,heidi.flores@gmail.com,6519638326,East Feliciaport,SC
00358a7be2ce0,Ashley,Ford,ashley.ford@gmail.com,7066009621,Port Cynthia,NY
00324028be03d,Heather,,heather.patrick@yahoo.con,+1-357-323-8616x0186,Port Tammyland,NY
0039e105d7285,Jason,Meza,jason.meza@gmail.com,619.506.2440,Lake Suzanne,AK
003076496046a,Dawn,Paul,dawn.paul@hotmail.com,8499673719,Rachelborough,OH
00382ce50d6d9,Robert,,robert.mcdaniel@hotmail.com,001-630-491-8434,East Kathleen,TX
0034751b3fd7c,Alice,Stevenson,alice.stevenson@yahoo.com,+1-340-288-4351,East Maria,UT
0031adebbe86e,Jeremiah,Hall,jeremiah.hall@gmail.com,657212082677345,Khanburgh,PW
00390a9395415,David,Taylor,david.taylor@gmail.com,257-441-7565x9230,Jeremyborough,TN
0034b6fa44fcd,Richard,Walker,richard.walker@yahoo.con,989-303-0458x809,West Jillstad,OK
00319254235b4,Barbara,Murphy,barbara.murphy@yahoo.com,805-366-9375x40242,Port Feliciabury,ND
00331c873e2fd,Anthony,Lopez,anthony.lopez@hotmail.com,3582232385160,South Jasonberg,VI
003cb01c0e883,Tommy,Luna,tommy.luna@yahoo.com,15879130848,Gomezport,NY
003f28fe3abc1,Anna,Lee,anna.lee@hotmail.com,458.617.8105,Davisview,LA
0033d89dee0ba,Maria,Booth,maria.booth@yahoo.com,64057185331156,Robertsberg,DE
003f2e09dddc4,Edgar,Allen,edgar.allen@gmail.com,5137301075,East Jasonberg,HI
0037fa4f63302,David,Green,david.green@gmail.con,4806552578,Deborahport,NJ
003f3fd2f3b23,Erin,Mosley,erin.mosley@gmail.com,61451633565880,East Jill,VI
003cac94873cc,Elizabeth,Garcia,elizabeth.garcia@gmail.com,(978)817-5248x1353,Lake Helen,PR
00347f3ebd3d4,Susan,Smith,susan.smith@hotmail.con,172957806782465,South Cindyborough,WY
0037e490ea147,Julia,Sullivan,julia.sullivan@yahoo.com,001-509-459-1489x383,Morganfurt,NJ
00359e7967bbb,Andrew,Moore,andrew.moore@hotmail.com,8467491371,Fowlerfort,ND
003226ba1b251,Sean,Osborne,sean.osborne@yahoo.com,+1-500-349-3326x72446,East Nicoleside,MD
003dc30a23366,Kenneth,Hughes,kenneth.hughes@gmail.com,001-444-277-9279x693,West Cindy,OH
003593caf50b0,Timothy,Morales,timothy.morales@gmail.com,281.466.4969,North Kyleberg,AS
003410b582940,Karen,,karen.carson@hotmail.com,+1-293-690-8926x13715,Gibsonview,PA
00391cfa0c2e1,Scott,Cabrera,scott.cabrera@yahoo.com,8474858944397,Victoriaport,FM
0039133b953b0,Lisa,Galloway,lisa.galloway@gmail.com,26929818052792,Port Ethan,NM
00348ebda9a43,Gregory,Kerr,gregory.kerr@hotmail.com,001-250-986-7226x6281,West Denisemouth,KS
0037cf4ea0641,Erika,Fowler,erika.fowler@hotmail.con,832-568-4232,Millermouth,IA
0037d1b23d14a,Leslie,Gillespie,leslie.gillespie@yahoo.com,001-212-401-2275x950,Schultzmouth,AZ
003111136af81,Lucas,Smith,lucas.smith@yahoo.com,5795538164,Lisaborough,ID
0030dd7b952d0,Shelia,Frazier,shelia.frazier@gmail.com,884.332.6003x4292,Janeton,HI
0032eff7fb504,Steven,,steven.young@hotmail.com,001-503-278-4411x611,West Krista,MP
003d7e71dacd4,Robert,Smith,robert.smith@hotmail.com,001-278-427-3492x1112,Whiteberg,WA
0032e18efb2e6,Karen,,karen.glenn@hotmail.com,65377412600267,Lake Sara,MP
003f6f87b8e35,Anthony,Shields,anthony.shields@gmail.con,001-602-776-9990,Griffithberg,NH
003132c8829ee,Jordan,Flores,jordan.flores@hotmail.com,26727037846797,Marktown,CO
003d0bf240dce,Manuel,Mcclain,manuel.mcclain@yahoo.com,(655)561-4178,Lake Lisa,FL
00378c0d4fa4d,Michael,Cunningham,michael.cunningham@hotmail.com,958-491-4337x415,Bennettberg,FM
0038ffaa0bf24,Erica,Jefferson,erica.jefferson@yahoo.com,704.739.4290x08892,East Brettside,WY
003632a59f2ad,Leslie,Webster,leslie.webster@gmail.com,001-349-239-5679x9714,Samuelburgh,IL
0034d867f913a,Nathan,Baker,nathan.baker@hotmail.con,00173026002302865,West Luisshire,OK
003f224dd96ed,Zachary,Cooley,zachary.cooley@gmail.com,647-638-1471x7259,Lisaview,NY
0034b543374f7,Charles,Ryan,charles.ryan@yahoo.com,274.259.9418x8368,South Mariestad,DC
0032c5b3e1a41,Dennis,Casey,dennis.casey@hotmail.com,(229)576-1166x2866,Woodburgh,MP
00353a2072c7f,Keith,Richmond,keith.richmond@yahoo.com,(477)369-8292x40654,Port Kimberly,TX
003aa582d23ae,David,Rodriguez,david.rodriguez@hotmail.con,79853742791533,Woodfurt,TX
003591308866e,Brett,Thomas,brett.thomas@hotmail.com,0016345460606,Kimberlyport,CO
0032556840c68,Aaron,Rogers,aaron.rogers@gmail.com,001-241-395-5736x9718,Reedmouth,RI
003cb82d022b7,Mary,Salazar,mary.salazar@hotmail.com,939.833.8338,Clarkchester,ND
003a8dbc34987,Eric,Miller,eric.miller@yahoo.com,(736)591-4307,Derekside,ID
003f651288869,Ricky,Beck,ricky.beck@gmail.con,520-205-6555,East Michael,SD
00388d2d469dc,Susan,Snow,susan.snow@hotmail.com,157382232242637,Pughside,KY
003ff0a4c9c4f,Travis,Hudson,travis.hudson@yahoo.com,+1-920-745-2227x794,Port Ashley,UT
003462b6ebf26,Wayne,Hoffman,wayne.hoffman@gmail.com,6556126764,Kellyview,AS
0032554465d7a,Troy,Thomas,troy.thomas@yahoo.con,+1-273-974-2142x0942,Douglaston,VI
0037b5cbe38da,Melissa,Escobar,melissa.escobar@hotmail.com,238.757.0943x9137,Bankshaven,AL
003f06fcf9348,Stacy,,stacy.peterson@hotmail.con,793.677.7271,West Katherine,HI
0033063c80021,Morgan,Hayes,morgan.hayes@yahoo.com,934420165423567,South Sarah,NM
003c724971d7c,Mary,Johnson,mary.johnson@yahoo.con,+1-426-269-9295x039,Pamelaville,ID
00361cd90ccca,Lawrence,,lawrence.wallace@gmail.con,00125778749159939,West Kyle,OR
0036d7f0027b7,Cassandra,Jackson,cassandra.jackson@hotmail.com,+1-692-314-1558,Charlesstad,AK
003ec2c5481c7,Mary,,mary.reyes@gmail.com,9778416165665,Hudsonchester,NH
003d8dbf7da90,Matthew,Barron,matthew.barron@gmail.com,00141821599706296,North Brandon,OK
0038173c1261d,Billy,Anderson,billy.anderson@hotmail.com,001-858-210-7693x813,Taylorberg,ME
00325331a27fc,Christine,Klein,christine.klein@yahoo.com,922-448-7098,West Marisaborough,HI
003dca4e3c272,Mathew,,mathew.barton@hotmail.com,001-912-284-0384x058,Curtismouth,AR
003ed94199160,Robert,Schmidt,robert.schmidt@yahoo.com,7026880334,North Jakehaven,GU
003ae733a3bbc,Annette,Johnson,annette.johnson@gmail.com,894-879-5343x306,East Michaelside,AR
0035bbb1f0f59,John,Macias,john.macias@gmail.con,001-908-634-8124x2664,Port Gabrielle,GA
003d06b6fc490,Colin,Shah,colin.shah@yahoo.com,788.979.7888x4587,Lake Jennifer,AS
0033010980a3e,Billy,Rowland,billy.rowland@gmail.com,(961)921-2766,Jakeland,VA
00353c1d81ea4,Lisa,Morse,lisa.morse@hotmail.con,67426978513681,South Cristianville,CT
003911369c490,Kristen,Johnson,kristen.johnson@gmail.com,826717713538990,Lake Scottchester,PW
0039089609a8e,Thomas,Flores,thomas.flores@gmail.com,3804103022,Carlsonbury,DC
00384864d9b41,Marcus,Hill,marcus.hill@hotmail.com,001-458-475-6744x363,Lake David,GU
0035257465c94,Rick,Gonzales,rick.gonzales@yahoo.com,645-454-9444,Nunezstad,UT
003f6844a828b,Franklin,,franklin.wade@yahoo.com,001-626-912-0569x076,New Kevinbury,AZ
003215eaac6ec,Sarah,Brown,sarah.brown@gmail.con,40453692259164,North Karen,CO
003805c0c4075,Regina,Berry,regina.berry@hotmail.com,684-708-5270,Cookbury,NY
0033cbaa7f577,Bobby,Riley,bobby.riley@yahoo.com,511.721.8167x932,Tanyachester,MA
0034f7a108cb5,Ryan,Ortiz,ryan.ortiz@hotmail.com,+1-426-343-0237,Jamesbury,WA
00314b8bf3a35,Michael,,michael.thompson@gmail.com,751-858-2843x656,Michelleville,SC
0037f3520f71d,Leslie,Banks,leslie.banks@hotmail.com,255.826.3733,New Heather,PW
003411209d9e3,Bradley,Tyler,bradley.tyler@yahoo.com,16827622555741,West Alexander,SD
003a6fe7b9e32,Michael,Steele,michael.steele@yahoo.com,730-480-2878,Millerville,VI
00365330b9300,Kristi,Leblanc,kristi.leblanc@hotmail.con,00164721282256730,New Davidborough,VA
003997d1a0b4b,Clayton,Chavez,clayton.chavez@hotmail.com,(333)872-0945,North Carlosberg,FM
0034bbf0463c6,Edward,Cook,edward.cook@yahoo.com,(672)292-9907x2267,Lamberthaven,IL
00390a0634577,Julia,Chen,julia.chen@gmail.com,(365)281-3662x22086,Toddborough,MH
00309dbe551f8,Carol,Brown,carol.brown@yahoo.com,(470)972-1162,Brownberg,TX
0031945ab02f5,Michelle,Crawford,michelle.crawford@hotmail.com,714.426.5276,Nicholsville,HI
003440e4b8dc6,Cheryl,Brown,cheryl.brown@yahoo.com,5695126719196,Brooksbury,MA
00355e3b34912,Christina,Harris,christina.harris@gmail.com,(892)762-7993,West Charles,MD
003a52661e96e,Michael,,michael.moore@yahoo.com,+1-992-544-8372x687,Calhounland,AR
0039e4dd34a6b,Annette,Contreras,annette.contreras@gmail.com,+1-473-269-0789x4767,Wilsonbury,KY
003bb46a82e76,Shari,Craig,shari.craig@gmail.com,2909605636,Amandaland,OK
003ea051af7b1,Jackie,Williams,jackie.williams@hotmail.com,(307)293-9105x1507,Dawnborough,SC
003ca55d97d3a,Miranda,Palmer,miranda.palmer@yahoo.com,9143624912,Josephside,CO
003a7d8699ac4,Michael,,michael.perry@hotmail.com,(594)488-4755x541,West Gregoryberg,NM
003a000c0a13b,Donna,Wade,donna.wade@yahoo.con,468-447-7562x69142,North Amandaville,GA
003b7a073d9d4,Brittany,Reyes,brittany.reyes@gmail.com,(450)897-2567,Parkerville,AS
003040583062c,Nicole,Sanchez,nicole.sanchez@yahoo.com,001-520-267-0975x4122,Tinastad,PA
0036e4f33a233,Timothy,Hebert,timothy.hebert@gmail.com,001-550-966-6267x05514,Brittneyland,CT
003cd8ef056f2,Michael,Wood,michael.wood@gmail.com,(714)516-6258,East Donald,MH
003783247e1b0,William,,william.obrien@yahoo.com,357.834.6232,Antoniobury,PA
003beb5f2fc19,Catherine,Lambert,catherine.lambert@gmail.com,237.407.4348x750,Lake Patrickhaven,MD
0034d6e29e0a1,Katie,Weiss,katie.weiss@gmail.com,956.230.9755,East Stephanie,HI
00348cbdb3915,Kenneth,Potter,kenneth.potter@hotmail.con,+1-479-357-2857x595,Lake Charlene,VI
0032ace1b051c,Rebekah,Colon,rebekah.colon@hotmail.com,1611587400743262,Joshuaberg,LA
0036e03348f61,Randy,Henry,randy.henry@yahoo.com,(916)608-3402,Ramirezborough,MN
00378fe9a9931,John,Cole,john.cole@gmail.com,(378)653-7982,Barkershire,AZ
003ee819072d5,Ryan,Melton,ryan.melton@yahoo.com,666-606-4858,Hansenport,MD
0033af89e65d4,Hannah,,hannah.young@gmail.com,(477)658-4308,Michaelport,NE
0031f28fd7989,Joshua,Hall,joshua.hall@hotmail.com,+1-584-796-5523x91703,Jasonfurt,VT
003b7a6c0963e,Richard,Price,richard.price@gmail.com,347-771-5064x074,Lake Darleneville,FL
00398ddfed067,Vickie,Vargas,vickie.vargas@gmail.con,824627509016153,New Karenborough,MD
003589b0fb1d6,Louis,Johnston,louis.johnston@yahoo.com,483-621-3054,Michelletown,OK
003bed95a8d93,Amanda,Taylor,amanda.taylor@yahoo.com,+1-431-944-9734x1613,Kennedyberg,WA
003b9c6730f98,Amy,Mayo,amy.mayo@hotmail.con,745538811262887,Lake Robert,AR
0038cd1c6d61b,Natalie,Bell,natalie.bell@yahoo.com,635-353-9697x72326,West James,KS
003d0a88ad29f,Tricia,Lewis,tricia.lewis@yahoo.com,001-737-408-6382,West Johnnyfurt,OR
003a23a3de575,Linda,Dudley,linda.dudley@gmail.com,739-644-0601x46120,East Melissaborough,MN
00333b9d19fb3,Timothy,Graves,timothy.graves@hotmail.con,0016627351182224,North Michael,VA
003060a076571,Matthew,Adkins,matthew.adkins@gmail.com,4527164201180,Kristinbury,ID
0039871f4b042,Johnathan,Webb,johnathan.webb@hotmail.com,001-392-212-8185x7163,West Michaelmouth,IN
003abb261a5e9,Michael,Parrish,michael.parrish@yahoo.con,490.482.7231x8432,Lake Martha,AK
0033d6c8dc0e6,Thomas,,thomas.brooks@hotmail.com,(654)620-9582x2750,South Victoriastad,NC
0032631dd5c3e,Bonnie,Rodriguez,bonnie.rodriguez@hotmail.com,+1-968-630-2191x46566,East Jasonberg,MA
0032a1b99a35d,Christine,Nichols,christine.nichols@yahoo.com,4302376777,North Jennifer,MO
0034286e06278,John,Jordan,john.jordan@hotmail.com,+1-363-884-5269x69443,Lake Johnton,IN
0034575d02e87,Keith,Jackson,keith.jackson@yahoo.com,001-222-354-9203x693,Collinsland,KS
003e392e2aad1,Kyle,Miller,kyle.miller@hotmail.com,17097937588,New Cassandra,WI
003d19bc2cda4,Katie,Turner,katie.turner@yahoo.con,875.479.2888,Royville,ID
003c654d053e4,Dwayne,Jones,dwayne.jones@yahoo.com,+1-542-737-7329x641,Kathrynside,VT
0038bbae1bac1,Carol,Lynch,carol.lynch@hotmail.com,(693)262-5840,Peckborough,ND
00399f72e0e41,James,Howard,james.howard@gmail.com,+1-659-772-2370x91442,North Paige,NM
003a993bab20e,Miranda,Reeves,miranda.reeves@hotmail.com,001-320-920-8307x7431,Porterborough,CA
0030358eee3f5,Steven,White,steven.white@gmail.com,346-457-5492,North Steven,MP
003e9226b2605,Angela,West,angela.west@yahoo.com,170431471408877,South Angelaport,TX
003b10e231186,Sheila,Brown,sheila.brown@hotmail.con,18138946893327,Port Kimberly,MA
0030437078543,John,Allen,john.allen@yahoo.com,+1-428-650-1005,South Erikborough,GU
003a05fac0a49,Matthew,Li,matthew.li@hotmail.con,305.468.7807,Lake Charlesville,KY
00399042a6442,Kevin,Fitzgerald,kevin.fitzgerald@yahoo.com,95834745705458,New Joyce,NE
0031879c405b1,Jennifer,Tanner,jennifer.tanner@hotmail.com,902.949.1169x934,Bridgesburgh,CA
003711d6df65a,Danielle,Collins,danielle.collins@hotmail.con,1720424464285952,Amandaport,IN
0039edd4b7d43,Robert,Maldonado,robert.maldonado@gmail.com,4215969379,Landryshire,ME
00350240d977d,Sandra,Reyes,sandra.reyes@hotmail.com,588.378.8361x9689,West Michaelberg,LA
0034f50b1bcaf,Oscar,Lopez,oscar.lopez@gmail.com,(240)932-4873x5700,Parsonsland,SD
003089c87fd0d,Terry,Foster,terry.foster@hotmail.con,6133684658,New Stephanieshire,CO
003dde59c7a45,George,Holland,george.holland@gmail.com,+1-501-750-4479x66570,North Ann,NV
003db2f93980e,Kristi,Reynolds,kristi.reynolds@yahoo.com,437-207-5221x85093,East Arielfort,PA
0035003c14649,Richard,Ballard,richard.ballard@gmail.con,84596979181433,Jameshaven,ND
003d2a7b6e460,Pamela,Cameron,pamela.cameron@yahoo.com,8618978968126,Hortonfurt,MI
0037e5c6d20ab,Matthew,Payne,matthew.payne@hotmail.com,+1-866-521-9011x42747,Port Amyfort,KS
0033e29dd07f8,Kurt,Schwartz,kurt.schwartz@gmail.com,+1-493-878-1326x72733,New Cynthiaport,WV
00310c9823f60,Dustin,Todd,dustin.todd@gmail.com,(959)359-9592x419,New Bradley,IA
003f31b347718,Angelica,Martin,angelica.martin@gmail.com,(245)369-3885x457,Elizabethfort,SD
003b96969eb6b,Francisco,Quinn,francisco.quinn@yahoo.com,5128517769,Ericton,DE
0039b91d78924,Matthew,Walker,matthew.walker@yahoo.com,+1-860-874-2990x74729,Ginashire,LA
0034bdd49d358,Victor,Good,victor.good@gmail.con,+1-893-835-7024x093,Derekmouth,IA
0033feec578bc,Jerry,Mccann,jerry.mccann@hotmail.com,+1-233-236-1679,West Gregory,OK
003a34dec5b90,Lawrence,Campbell,lawrence.campbell@gmail.com,960.814.5692,South Michaelstad,PR
003e65a1153f6,Angela,Miranda,angela.miranda@gmail.com,5415544747,Ericstad,MP
003c16e6284a3,Jonathan,Parker,jonathan.parker@yahoo.com,584-755-9396x5213,North Joycefurt,DC
0038a5d4f3d04,Brett,Johnson,brett.johnson@gmail.con,0019859658513,East Katie,VA
003dd69f08f60,Kathryn,Kelly,kathryn.kelly@yahoo.com,3704597928,Sarahland,MA
00349d134b408,John,Shaw,john.shaw@hotmail.com,36834381100535,Hornshire,MI
003bdf05c627d,David,Allen,david.allen@hotmail.com,8836022377,Juliantown,NJ
0038826b663ac,Rebecca,Morse,rebecca.morse@yahoo.com,491-935-4542,West Ashley,SD
003ea8592451b,Gary,Vincent,gary.vincent@gmail.com,+1-759-907-4926x351,New Billymouth,VI
003f2910e739c,Michelle,Humphrey,michelle.humphrey@yahoo.con,565816391727154,East Jamesfurt,AL
003f6e0247970,John,Brown,john.brown@hotmail.com,641685203971010,Port Jonathan,TN
003c4d90a2700,Barry,Soto,barry.soto@gmail.com,+1-325-919-9945x295,East Andrew,PR
0037e250dfc9e,Alexandra,Harris,alexandra.harris@hotmail.com,001-958-294-7735x228,Codymouth,PA
0039c6b4eef73,Johnathan,,johnathan.garcia@gmail.con,001-609-761-7300x992,Michaelmouth,CT
003eebededfa0,Richard,Austin,richard.austin@hotmail.com,723.690.2709x4854,North John,KS
0030f07487250,Derek,Neal,derek.neal@gmail.com,7153674305,South Paulfort,CT
0037db7c42086,James,Adams,james.adams@hotmail.com,7123549707,Mcguiremouth,IA
003d0411a13ed,Olivia,White,olivia.white@gmail.com,316-870-9257x73475,New Jeffreyborough,MD
0031e97131289,Nicole,Fernandez,nicole.fernandez@yahoo.com,1482380549206259,North Wayne,VA
0032cd6aabaf0,Amanda,,amanda.nelson@hotmail.con,001-391-693-0315x84256,West Thomas,WV
003d734946a3a,Carla,Mcbride,carla.mcbride@gmail.com,6668432239,Christinaside,MA
0036f78c72146,Austin,Walters,austin.walters@gmail.com,9294633472,North Robert,KS
0031de86583f0,Tracy,Barr,tracy.barr@yahoo.com,61722428192579,Davidmouth,SD
0034a83440aa7,Katelyn,Black,katelyn.black@gmail.com,+1-314-905-1325,Laurafurt,NH
0032ee71d34ac,Jordan,Carrillo,jordan.carrillo@hotmail.con,15747023386860,Brownton,AS
003717d396b3c,Hayley,Clayton,hayley.clayton@gmail.com,(332)236-6185x076,North Travisberg,MO
003251aa93542,Ebony,Wong,ebony.wong@yahoo.com,8419904377029,Port Joshua,TN
003dd6d4844dc,Joshua,Jones,joshua.jones@yahoo.com,372.804.5337x6979,Walkerton,NH
003c55347c31d,Andrea,Barnett,andrea.barnett@gmail.com,7212318960,Rhondaview,MT
0034ae67fb368,Kimberly,,kimberly.sanchez@yahoo.com,+1-561-420-7959x709,Norriston,CT
003988fb37e27,Jennifer,Bryant,jennifer.bryant@gmail.com,2687609316,East Bradley,MO
0037f4aa7ff63,Austin,Shields,austin.shields@yahoo.com,001-306-472-8338x155,New Michelle,OH
0031551cdcb10,Steve,Morrow,steve.morrow@hotmail.com,379-900-8898x7673,New Thomasport,OR
0038a6951fd27,Joseph,Delgado,joseph.delgado@hotmail.com,(851)576-7372x72590,East Colleenshire,NC
0038a9ed62a6b,Brittany,Eaton,brittany.eaton@yahoo.con,5686605257,Michelleview,GA
00397ecaab8fd,Taylor,Sanchez,taylor.sanchez@yahoo.com,4823001376835,West Eric,SD
003755fabd629,Susan,Guerrero,susan.guerrero@yahoo.com,(979)778-3344,Peterstad,AK
003478d823934,Riley,Rodgers,riley.rodgers@hotmail.com,5852021553,Raymondhaven,KY
003e6a87311da,Logan,Figueroa,logan.figueroa@hotmail.com,+1-575-321-9326x94464,Lake Michael,DE
003c42407a0dd,Deborah,Torres,deborah.torres@hotmail.con,(310)856-9017,Christopherfort,MN
0032cdf1669ef,Frances,Zuniga,frances.zuniga@hotmail.com,5235616603,East Jamieland,MA
0037272ef386f,Donald,Campbell,donald.campbell@yahoo.com,(957)760-1380,Brianville,MN
0030c4a77673d,Joshua,Wilson,joshua.wilson@yahoo.com,219.436.2526,East Michellebury,ID
003ecf0447ce9,Richard,Kim,richard.kim@gmail.com,280.248.0812x72746,North Jessicahaven,KY
003212b0cd1c0,Cody,Santiago,cody.santiago@yahoo.com,8055327654,South Jacquelineburgh,NJ
003ba5434838c,Carl,Perez,carl.perez@gmail.com,514-474-6757,North Jessica,NH
003c983577147,Karen,Mason,karen.mason@gmail.con,603.824.4320,North Melissaberg,IA
0033b6e67551c,Anthony,Maynard,anthony.maynard@yahoo.com,478-949-6997x93687,Russellfort,NH
003bdbbfce919,Michelle,,michelle.cook@yahoo.com,3895635957086,Walkerland,IN
0037e51fd1722,Caroline,Pittman,caroline.pittman@yahoo.com,6633516098,New David,CA
003670ac44d72,Vincent,Pacheco,vincent.pacheco@hotmail.com,7327536952,Lake Caitlin,AS
003c59c73fb21,Heather,Ramsey,heather.ramsey@hotmail.com,274-993-1756,Shepherdton,CO
0037a893ea359,Christopher,Jenkins,christopher.jenkins@yahoo.com,001-751-231-2773x15281,Christopherburgh,AS
0035483c47094,Michael,Lawrence,michael.lawrence@gmail.com,762939378408719,Mannland,WY
003c178fc69b3,Riley,Wade,riley.wade@hotmail.com,(502)313-6080x608,South Hunter,MN
003ee888252af,Cynthia,Robertson,cynthia.robertson@gmail.com,13366317619730,Morrisonside,MA
0032eaf5bab8c,Roger,Sutton,roger.sutton@hotmail.com,(756)305-9233x892,Austinview,GU
0031037672915,Jessica,Jackson,jessica.jackson@gmail.com,999971745033571,Port Bryan,SC
0032a71cc4dc1,Sara,Cole,sara.cole@hotmail.com,880918569454414,Amytown,MP
0038bd59857bc,Amber,Macias,amber.macias@gmail.con,156787639663527,Lake Jameshaven,IN
0033db693a10e,Nathan,Doyle,nathan.doyle@gmail.com,66653389363334,Robertmouth,ME
00346dc925e58,Jennifer,Caldwell,jennifer.caldwell@gmail.com,370.208.7775,Hicksport,IA
003e2e30da2ca,Kimberly,,kimberly.thompson@gmail.com,9542212588,Zacharyside,FM
0030d80dd3564,Kenneth,Ford,kenneth.ford@gmail.com,0019369006082,Cantrellberg,MO
00321eb6c060b,Cindy,Alvarado,cindy.alvarado@gmail.com,00144864656482366,New Thomas,MH
003695196d5d6,Dwayne,Fleming,dwayne.fleming@hotmail.com,+1-326-747-6965x030,Coleville,KS
003e0011fad1c,Maria,Brown,maria.brown@hotmail.com,001-365-948-7084x77954,West Brandymouth,NM
003035dbe29e0,James,Cameron,james.cameron@hotmail.com,913.377.4689x45084,South Cameronmouth,MO
003b123c75462,Lisa,,lisa.shaffer@gmail.con,001-347-992-1903x287,West Amandahaven,CA
0034232a41842,Donna,Fox,donna.fox@hotmail.com,00193952114367858,Schmidtborough,AR
003908f8f44c3,Robin,Hunter,robin.hunter@gmail.com,001-438-299-9068,North Paul,AS
003dd37f39ebc,Daniel,Wilson,daniel.wilson@yahoo.com,001-870-212-4423,East Johnburgh,AR
0032b86d06457,Lauren,Sims,lauren.sims@yahoo.com,+1-617-380-8855x763,North Jennifer,MN
003bc97d930f3,Aaron,Foster,aaron.foster@gmail.com,14999554447,Lake Amberside,VI
0030b83444386,Nathan,Hughes,nathan.hughes@yahoo.com,8229650630441,Lake Mark,SD
0037e0190f100,Shannon,Adams,shannon.adams@hotmail.con,0012149869960,Montgomeryside,NV
003c0c20e0b11,Dennis,Wilcox,dennis.wilcox@gmail.com,+1-426-919-9701x35416,New Matthewstad,WV
0031ce3baa244,John,,john.atkinson@gmail.com,+1-920-614-8735x44625,West Michelle,MN
0031ef1ff0102,Tammy,Powell,tammy.powell@gmail.com,763-346-5186,Guerrerochester,MD
0030acb4a420d,Walter,Vargas,walter.vargas@hotmail.com,586-617-5686,West Kim,NC
003bd0d8155f0,Zachary,Smith,zachary.smith@hotmail.com,636-221-0079,Port Brandonfurt,PR
0039439b79994,Joseph,Romero,joseph.romero@gmail.com,(327)997-6530,North Amber,AZ
003fb1c6858c3,Alexandra,Thompson,alexandra.thompson@yahoo.com,767-354-3005x36854,East Nicholemouth,MP
0037a797cc056,Sara,Day,sara.day@gmail.com,2683411602,Burnetthaven,VI
0030cde35d3e1,Deanna,Mitchell,deanna.mitchell@hotmail.com,276.449.7789x536,Waltonmouth,SC
00366c2678007,William,French,william.french@hotmail.com,5345448077,West Bradleyburgh,FM
00359709481b8,Jennifer,Cordova,jennifer.cordova@gmail.con,(991)785-4683,South Joditon,SD
00307109736bc,Drew,Leonard,drew.leonard@gmail.com,324-808-2746x198,Port Jessicaton,KS
003f52b9f495f,Tanya,House,tanya.house@gmail.com,(267)873-6026,Brianshire,NJ
003b779bc761f,Elizabeth,Blankenship,elizabeth.blankenship@hotmail.com,7469358080,New Paulview,VT
0037b3c15b8ce,Nicholas,Maynard,nicholas.maynard@gmail.con,341-781-8615,Briannafort,CT
00313efdafd44,Susan,Wade,susan.wade@gmail.con,288-548-6638x8815,North Michaelchester,NE
003b7f8f63632,Caitlin,,caitlin.ross@hotmail.com,7693408812,Martinezborough,VI
00366395c577e,Abigail,Lang,abigail.lang@gmail.com,357414270931912,Powellburgh,TN
003315046bd01,Jonathan,Henry,jonathan.henry@hotmail.com,4762591538,Wallacebury,VI
0037e24b5b852,David,Bennett,david.bennett@gmail.com,(659)227-9760,Tinastad,FL
003d242fbc086,Christy,Torres,christy.torres@gmail.com,+1-596-790-4539x25287,East Valeriechester,ME
003779c09136c,Wesley,Waters,wesley.waters@hotmail.com,+1-817-542-0752x563,New Cathychester,MO
003a80c991996,Cynthia,Marshall,cynthia.marshall@hotmail.com,861-920-0471x1382,Antoniostad,IL
00397c4ec210b,Harold,Newton,harold.newton@hotmail.com,4262870015836,North Adammouth,KY
0036f7efae166,David,,david.sullivan@hotmail.com,270598272908929,North Ginabury,WI
00326220c4729,Jeffrey,Morgan,jeffrey.morgan@hotmail.com,12397301031,Sanchezfort,AS
00306c0abbba9,Antonio,Lynch,antonio.lynch@hotmail.com,001901738630065124,North Travisland,AZ
003864817a1c1,Katherine,Mccoy,katherine.mccoy@hotmail.con,2572750297599,Sarahshire,IN
00383268d421c,Regina,Warner,regina.warner@gmail.com,12097375141,Stewartfurt,HI
003a4fff34c34,Ashley,Williams,ashley.williams@yahoo.con,516-586-2278x376,Michaelmouth,MI
003c7483f7e91,Sarah,Martinez,sarah.martinez@yahoo.com,865-967-0986,North Mollymouth,PW
00366853886db,Christine,Stokes,christine.stokes@yahoo.com,(421)854-2626x7188,Banksmouth,MI
003669c8466fa,Kristin,Grant,kristin.grant@gmail.com,+1-413-847-4296x36412,Anthonyland,NH
003cad84c289d,Lindsay,Cook,lindsay.cook@hotmail.com,8193762134,Williamshaven,CT
0034d4349bd19,John,Copeland,john.copeland@hotmail.com,(508)787-4535x18786,Lake Matthewborough,GA
0034949ac5bbc,Gregory,,gregory.jones@hotmail.com,9403186435,Patriciaport,NE
00312bf51578d,Phillip,Henderson,phillip.henderson@yahoo.com,6192577024,South Glennchester,PA
003a82696d985,Sophia,Weber,sophia.weber@gmail.com,7962407601,East Rachelfort,AK
0035857aaee43,Kim,Sosa,kim.sosa@yahoo.com,418.673.1785x29764,South Jacqueline,LA
003d90589184d,Daniel,Daniel,daniel.daniel@yahoo.com,241-782-7711x48816,Rojasfurt,PR
003b7f04c9e85,Eric,Carroll,eric.carroll@hotmail.con,654235884183437,Barrettton,MD
00343d745793d,Jonathan,Shaw,jonathan.shaw@hotmail.con,779-337-1512,New Tammytown,AS
00353f9bf1a63,Carolyn,Bush,carolyn.bush@gmail.com,861-440-0814x52860,Gilbertport,PA
00309da93c657,Justin,Campbell,justin.campbell@yahoo.com,0012479553241369,South Lorettamouth,NY
003d6b5c7f4c8,Anthony,Rosales,anthony.rosales@yahoo.com,216.756.9386x512,Bautistafurt,DC
003b3cd4bb0cd,Valerie,Knapp,valerie.knapp@gmail.com,0017302097154759,Hubbardhaven,CA
00395851c7886,William,Gray,william.gray@hotmail.con,1370913215667019,Patrickhaven,VI
003140acc4872,Linda,Contreras,linda.contreras@hotmail.con,00134493827859683,North Dylan,MA
003da0e5602c6,Ernest,Moore,ernest.moore@hotmail.com,199373873006032,Martinezmouth,PA
00330cb83147d,Lindsay,Walker,lindsay.walker@yahoo.con,67142881079108,Geraldborough,WV
003b447a6a666,Terri,Morse,terri.morse@hotmail.com,+1-556-274-0920x16759,South Crystaltown,OK
0031be92c050f,Brandi,Baker,brandi.baker@hotmail.com,876-229-6117x139,Lake Mackenzie,PW
003c47d7721b9,Anthony,Watts,anthony.watts@hotmail.com,698.452.6736x9829,South Michael,NH
003584110af85,Robert,,robert.lane@yahoo.com,3732995513,Craigbury,AL
0031afea0fe81,Patricia,Smith,patricia.smith@hotmail.com,7533847927,West Ryanburgh,AZ
003c0e7fcaba9,Anthony,Alvarez,anthony.alvarez@yahoo.com,372.645.9928x1615,Muellerchester,OK
0030138f42b43,Phillip,Alvarez,phillip.alvarez@gmail.com,686-418-2114x08487,East Rachel,HI
003315be137b8,Aaron,Romero,aaron.romero@gmail.com,79242338540336,Youngmouth,AS
0034de1a094d2,Francis,Mcclain,francis.mcclain@hotmail.com,001-402-472-4198x756,Garcialand,TN
0031cc9d1bfe5,Brian,,brian.harvey@hotmail.con,(314)335-6310x8232,West Christianborough,MI
00383b81ec8ee,Vanessa,Bentley,vanessa.bentley@yahoo.con,(692)259-7692x4658,Pierceview,IA
00336335590a7,Austin,Johnson,austin.johnson@hotmail.com,855.905.6244x8188,North Craig,KY
003be63ca9a6a,Lisa,,lisa.mendez@yahoo.com,(295)327-8291,Lake Susan,TN
00311036b95b5,Thomas,Foster,thomas.foster@hotmail.con,8148621445,New Raymond,NH
0032d515b456f,Nathaniel,Davidson,nathaniel.davidson@yahoo.com,19257687042646,Robinsonburgh,NY
003a05237e04f,William,Shannon,william.shannon@yahoo.com,958.859.9197,Jeremychester,ID
0038de73abcd8,Joshua,Jackson,joshua.jackson@hotmail.con,+1-652-670-4973,North Alexisstad,DC
003827fee6860,Brittney,Nelson,brittney.nelson@yahoo.com,(834)728-5357x46206,Port Brettland,MH
0032834e87065,Stephanie,Martin,stephanie.martin@yahoo.com,2857184506,Port Elizabeth,LA
0032a20ed522f,Richard,Williams,richard.williams@gmail.com,(757)787-2982,Cabrerastad,MA
0035747fb7d05,Richard,Shaw,richard.shaw@gmail.com,771-565-3595,Youngton,PA
003efd14be3ce,Johnny,Wong,johnny.wong@yahoo.com,001-295-389-5748,Williamshaven,IN
0031513dc7080,Virginia,Boyd,virginia.boyd@hotmail.com,5513809701,East Gary,LA
003e0a49015fb,Thomas,Morgan,thomas.morgan@hotmail.con,2149416993,Meganhaven,NM
003b67e56c5f4,Frank,Jordan,frank.jordan@yahoo.com,001-467-219-7889x778,East Marystad,AS
00375dd9f6c67,Tracy,Horton,tracy.horton@gmail.con,892.764.0532x739,Mcintyrehaven,VI
00330c20fc6f8,Charles,Neal,charles.neal@hotmail.con,965.963.6004x125,East Kellyside,WA
00336ad364087,Amy,Carlson,amy.carlson@yahoo.com,745.770.8533x0182,Daughertyfort,WA
0033606ae01c7,Timothy,Ryan,timothy.ryan@hotmail.com,892-286-8671x49169,New Victoriaview,TX
00351933a4894,Troy,Williams,troy.williams@yahoo.con,26444235986484,North Kevinfurt,ND
00361c9cb9e04,Michael,Davis,michael.davis@yahoo.com,001355612939130448,North Patriciaton,NJ
003d9682f3599,Hayley,Hampton,hayley.hampton@gmail.com,4488967808,Whiteview,MP
003d55635de9d,Shawn,Blake,shawn.blake@yahoo.com,727-361-2863,New Rachel,IA
003d8cd60fca9,Jesse,Hernandez,jesse.hernandez@gmail.com,726.523.4112x394,Kristymouth,CA
003cac9dba7a9,Troy,Adams,troy.adams@yahoo.com,+1-579-378-2686x245,Josephshire,VA
0037d8e7eddc0,David,Osborn,david.osborn@hotmail.com,597-984-9780x862,Medinaland,NE
0032c069d4ce7,Jane,Perry,jane.perry@hotmail.com,5888358558,Sandrashire,SD
00309a3e7a6f2,Christopher,Nelson,christopher.nelson@hotmail.com,1433744146796938,Danielleburgh,RI
003eb274ab7b3,Stacey,Jenkins,stacey.jenkins@gmail.com,(915)417-5196,South Margaretport,IL
0030af6db5db2,Deborah,Johnson,deborah.johnson@gmail.com,720-644-8207x001,New Elizabethshire,WI
003e071ec5b36,Timothy,,timothy.allen@yahoo.com,351.271.4522x414,Jessicaview,CT
0037c2289740f,James,Wilkerson,james.wilkerson@hotmail.com,(241)399-7711,South Cory,KS
00368c794ca1e,John,Brown,john.brown@gmail.com,(557)781-4963x55019,North Lisa,NJ
003d7dd991279,Stephen,Haynes,stephen.haynes@gmail.com,721-322-7642,East Taraville,HI
00388ef7a6e55,Alan,Bates,alan.bates@yahoo.com,892566509373001,Port Wanda,NY
003dd09df6b57,Andrew,Rodriguez,andrew.rodriguez@hotmail.com,001-696-711-7785,Wheelerborough,IA
003a1bb6775b7,Diane,Morris,diane.morris@yahoo.com,001-946-581-9662x3003,East Kelli,NC
00338a7dad100,Scott,Romero,scott.romero@gmail.com,5373820816,Lynnbury,WA
003f65e34bcf4,Gail,,gail.banks@yahoo.com,001-726-599-5191x3205,Lake James,OR
003ac2a63274f,Joseph,Wright,joseph.wright@gmail.com,(741)800-6762x676,Andrewview,CT
0039bb62d8363,Joshua,Mullins,joshua.mullins@gmail.con,976.466.9916,Grantland,MH
0032c8ae33e83,Michelle,Brown,michelle.brown@gmail.com,6547459406,East Justintown,MP
00338a242d277,Kristy,,kristy.mahoney@hotmail.com,895.704.7729x1095,Lake Richardport,KY
003b639f5243b,Kara,Gill,kara.gill@hotmail.com,(400)934-0935,Fosterchester,UT
003337162755a,Dawn,Kline,dawn.kline@yahoo.com,(711)368-4603,Markbury,CT
003fb88de1e4e,Tanya,Martin,tanya.martin@hotmail.com,409.370.1268,Port Katelyn,ID
003afb4c5fa37,Justin,Powers,justin.powers@gmail.com,001-367-949-9883x5199,Shannonport,KS
0036f67b0989d,Kelly,Alexander,kelly.alexander@hotmail.com,712.655.2137x6037,Cobbberg,AS
003717f1c8f5a,Nicole,Smith,nicole.smith@gmail.com,692-636-0368x0858,Port Sherri,VT
003ffe71feaad,John,Graham,john.graham@hotmail.com,+1-500-298-6780x0013,Lake Anitaland,OR
00323eb2cf49b,Lisa,Miller,lisa.miller@gmail.con,001-322-757-5552,Harveyport,CA
003f2ccbe8bb2,Kristin,Brennan,kristin.brennan@hotmail.com,5965641475,Jaredshire,UT
0031ba5e30141,Patrick,Larson,patrick.larson@yahoo.com,+1-319-537-5919x2267,Floreshaven,SC
00376e1f82eac,Julie,,julie.nelson@yahoo.com,9604231064079,Wandafort,OK
003f744826a94,Elizabeth,Copeland,elizabeth.copeland@yahoo.com,001-474-267-3896x0003,Davidville,MS
00373850bd836,John,Burke,john.burke@yahoo.com,+1-523-352-4880x7196,Lake Alexastad,PA
00320b5e733cc,Margaret,Little,margaret.little@gmail.com,(860)661-4245,Frederickmouth,GU
0033bb2671fe5,Amy,Nelson,amy.nelson@yahoo.com,9373103795,Michellestad,GU
003d199fa71a4,Jennifer,Hawkins,jennifer.hawkins@gmail.com,(221)201-0232,New Maureenside,PW
003bfecba5923,Ashley,Clarke,ashley.clarke@yahoo.con,001-346-293-1681x51649,Browntown,DE
0035cd629ded4,Jasmin,Lynch,jasmin.lynch@gmail.con,730875921709886,Port Albert,MS
0030f204bfdfd,Anthony,Jones,anthony.jones@gmail.com,001-531-577-9053x403,East Johnberg,ND
0036a98d973c4,Amy,Sharp,amy.sharp@hotmail.com,001-467-662-1822x4792,Steveberg,MA
00398f4d5a2ef,Timothy,Allen,timothy.allen@yahoo.com,796.346.9009x478,Lake Jacob,CT
003ccea347c54,Meredith,Martinez,meredith.martinez@gmail.com,974-484-1238x042,South Rachelborough,NE
003410f7166ff,Alexandra,,alexandra.tate@gmail.com,467921524093835,Smithview,CO
003a825bd9ab3,Christopher,Taylor,christopher.taylor@hotmail.com,425-558-8983,Tannerchester,NV
0038deafb19c0,Arthur,Crawford,arthur.crawford@yahoo.com,1223284281826954,West Crystal,LA
0033e9016153b,Daniel,Butler,daniel.butler@yahoo.com,001-809-474-9930x9728,South Warren,RI
0033bda6b7020,Tara,,tara.boyd@gmail.com,655461396047510,Paynestad,ID
0030dba661238,Tonya,Smith,tonya.smith@yahoo.com,(685)774-3973x84718,East Richard,PR
003d4b09568f2,Theresa,Santos,theresa.santos@hotmail.con,56754804114575,North Jackson,NE
003be91fb6649,Matthew,Watson,matthew.watson@yahoo.com,979.550.1604x14401,West Michael,ID
00330b0c105e7,Elizabeth,Rogers,elizabeth.rogers@gmail.com,735.935.3244x492,Paulview,MO
00350d0fbeef8,Rachel,Flynn,rachel.flynn@gmail.com,731-348-1864x5162,Aaronburgh,GA
003d53b9595c9,Matthew,Jordan,matthew.jordan@yahoo.com,001-227-442-2585x39635,Bartlettview,NV
00399b26a92bf,John,Johnson,john.johnson@yahoo.com,670-994-5225x361,Johnport,NH
003e7294d0b9a,Christina,Lara,christina.lara@hotmail.com,1898362254686296,South Denise,CO
00382f1631e53,Robert,Collins,robert.collins@hotmail.con,+1-600-752-1045x067,South Michael,NC
00319a6446b53,Cindy,Johnson,cindy.johnson@gmail.com,(526)839-6385x6905,Port Deannafort,AR
0039858520149,Robert,Parsons,robert.parsons@yahoo.com,4344262570346,Armstrongbury,DE
003c2ac18856a,Virginia,,virginia.wright@hotmail.com,001292636133760523,Tylerview,DE
003195f0be78c,Katherine,Knapp,katherine.knapp@yahoo.com,957-845-6599x250,Rodriguezville,LA
003b9ea442693,Annette,Short,annette.short@gmail.com,001-486-432-7311,Clementsmouth,AL
00344713434e0,Nancy,Schmidt,nancy.schmidt@hotmail.com,126996609635476,New Andrewberg,PR
003ccb7426449,Amber,Hammond,amber.hammond@gmail.com,(439)726-6937x063,Adrianberg,AZ
00326d21439c3,Erik,Morris,erik.morris@gmail.com,3068092098,Jamesbury,VA
003750a523d6e,Mark,Cortez,mark.cortez@yahoo.com,759473697475496,Lake Katieberg,MD
003453e8e263b,Daniel,,daniel.andrews@yahoo.com,+1-207-772-1889x0665,Taylormouth,NV
0033c29401a50,Stephanie,Garcia,stephanie.garcia@hotmail.com,001-673-614-2175x6247,Debrafort,MT
0032731faf08f,Jill,Davis,jill.davis@hotmail.com,376.645.2088,East Laurashire,DE
003fad00960ec,Laura,Jordan,laura.jordan@yahoo.com,+1-209-610-2319x379,North Gregory,VI
0033171c0bae9,Gerald,,gerald.taylor@yahoo.com,47248333432603,West Erin,TN
003371e3822b5,Austin,Whitney,austin.whitney@hotmail.com,458-926-0340x8487,West Melissa,IL
0031c88bf01f4,Susan,,susan.torres@yahoo.com,(551)549-9753x01446,Anitaborough,CO
003c1a4023726,John,Moore,john.moore@gmail.com,001-358-592-0790x4266,New Vanessa,VI
003f4814ffd25,Brooke,Pierce,brooke.pierce@hotmail.com,+1-590-311-4003x471,Lake Williamville,OR
0035515dd9211,Vanessa,,vanessa.sosa@gmail.com,456.955.1519,Omarmouth,UT
003d42ef4d3b0,John,Jones,john.jones@gmail.con,9592822189,Millerfort,AL
0036ad489ddb9,George,Matthews,george.matthews@gmail.com,2393831354,Leestad,KS
00370bc4e5f7a,Robert,Potter,robert.potter@hotmail.com,660.404.5457,Larryshire,NJ
0037e5c8f5190,Michael,Ruiz,michael.ruiz@yahoo.com,+1-714-355-9253x460,Stewartport,HI
0031386c1846a,Terri,Ortiz,terri.ortiz@yahoo.com,(955)807-8688,South Austinland,RI
0032aef6738fe,Denise,Williams,denise.williams@hotmail.com,(605)203-5090x78611,Emilyport,MS
00394ca24628c,Jeffrey,Burns,jeffrey.burns@hotmail.com,(233)334-3704x038,Romanside,OR
0036d93ad32c5,Bradley,Lewis,bradley.lewis@gmail.com,931.409.1571x91043,Harriston,PW
003c7c374e135,Kenneth,Cohen,kenneth.cohen@gmail.con,18819901145,New Ericville,NV
0038af7bb4e26,Andres,Barr,andres.barr@yahoo.com,(583)389-0309x1436,Lake Carly,NV
0034ead87036f,Jason,Jackson,jason.jackson@hotmail.com,+1-907-956-8188x1955,North Cherylside,IA
003c4b9d7044c,Barbara,Nguyen,barbara.nguyen@yahoo.com,547-863-1691x45590,East Robert,UT
003bd93e88aba,Sierra,Gomez,sierra.gomez@yahoo.com,00127044276883929,New Sarah,ND
0039adf9ba623,Chase,Lewis,chase.lewis@hotmail.com,001-552-800-2391x52313,East Johnside,PA
003651fd416a5,Kathleen,Murray,kathleen.murray@hotmail.com,350-300-0001x529,Lake Edwardstad,MD
003c2cb0e8f95,Steven,Hernandez,steven.hernandez@yahoo.com,(891)791-5726x5213,Ronaldside,SD
00358cc8d3e89,Nicholas,,nicholas.franklin@gmail.com,001-383-810-4384,Tanyachester,MP
0036c667e2827,Joanne,Harris,joanne.harris@yahoo.com,903.303.6638x6026,East William,SC
003a7c9b5ab16,Ann,Ayala,ann.ayala@gmail.com,238317933554864,East Patriciamouth,CO
003da6bda9fa8,Adam,Black,adam.black@hotmail.com,001591414160091692,Castilloview,MS
003669966b869,Jessica,Williams,jessica.williams@gmail.com,4723645629,Taylorton,KS
0032c7b89b26f,Lawrence,Carlson,lawrence.carlson@gmail.com,7128148851457,New Amberburgh,SD
0038805d698e1,Bryan,Herring,bryan.herring@yahoo.com,263-218-9275,Oconnellfort,VT
0036cdd99e914,David,Preston,david.preston@gmail.com,+1-439-744-9530x06776,West Daniel,ND
0034e4f818111,Marcus,Allen,marcus.allen@hotmail.con,268.645.7760,Andrewview,PW
003ccc6ec333b,Mary,Bailey,mary.bailey@hotmail.com,76038604899401,Lake Maryport,RI
003cd165978eb,Michael,Sanders,michael.sanders@gmail.com,001777696304483608,Sethbury,OK
003fb1384fba1,Rebecca,,rebecca.smith@yahoo.com,582-935-3277,Kyleville,LA
003fa6fbf8c35,Richard,Yang,richard.yang@yahoo.com,376434452808574,Reyesberg,WY
003d7b85a41c8,Joseph,Gibson,joseph.gibson@yahoo.com,+1-699-501-3747x932,New Valerie,AL
0038631f85ea2,Dylan,Johnston,dylan.johnston@yahoo.com,+1-378-542-6090x620,South Keithshire,IA
00399c8209a02,Gabriel,Armstrong,gabriel.armstrong@gmail.con,+1-966-204-0098x9368,Jonathonton,AR
003792b1e4201,Brenda,Murphy,brenda.murphy@yahoo.com,280-294-0476x044,Lake Jill,VI
003a46bf98a4f,Elizabeth,Miller,elizabeth.miller@gmail.com,259-475-9033,Rickyton,VA
003634cb8f645,Jason,Ingram,jason.ingram@gmail.com,001-914-430-8779,New Henrytown,ME
003527000ff74,Joseph,Vega,joseph.vega@yahoo.con,12438740278,Angelamouth,VA
003bf7d9dffd6,Benjamin,Moore,benjamin.moore@gmail.com,892-450-9618x3038,Port Brianmouth,NY
00304a38f7113,James,Caldwell,james.caldwell@yahoo.con,842.763.3618x91355,Lopezbury,NY
0039ac7ccc213,Kevin,Carpenter,kevin.carpenter@yahoo.com,001-228-809-2411x505,Wesleyside,ID
003348cf2c365,Anthony,Gates,anthony.gates@yahoo.con,654-559-5041x81075,North Catherinemouth,IN
00306d69d1dc8,Francisco,,francisco.aguirre@hotmail.com,(938)749-2031,Katieberg,NC
0031c1c175fd0,David,Davidson,david.davidson@yahoo.com,5814499402,Lake Jillian,SC
0031a19585766,Javier,Booker,javier.booker@yahoo.com,(318)261-1891x7942,Nicholasfurt,RI
003a781290e88,Craig,Perez,craig.perez@hotmail.com,001-666-661-3473x235,East Jacobmouth,FL
0037b88b755ab,Stephen,Love,stephen.love@hotmail.com,6448894009,South Ray,SC
003f81e38250e,John,Campbell,john.campbell@yahoo.com,9522560884,West Carlshire,PW
003d99d2a244c,Richard,Miller,richard.miller@gmail.con,+1-643-729-4292x8406,Danielmouth,ID
0034331401a11,Diane,Marsh,diane.marsh@hotmail.com,59678814499080,Kathymouth,FL
003ae4eb9ccbf,Chad,Lyons,chad.lyons@gmail.com,00146369517563022,New Courtney,CT
0037f98213dfc,Austin,Sanchez,austin.sanchez@hotmail.com,(647)728-9594x211,New Benjamin,NC
003ff36f2324b,Amanda,,amanda.ray@hotmail.com,459.690.5884x1948,South Danielchester,PA
003dcdccbebd6,Veronica,Lamb,veronica.lamb@hotmail.com,4476128144,Port Alison,AZ
003dfe11492f5,Matthew,Shaw,matthew.shaw@hotmail.com,+1-736-351-4690,West Stephenside,IL
003e383178650,Peter,Ramirez,peter.ramirez@yahoo.con,001-999-800-9378x14604,South Jessicaland,ND
003e50de09837,Ashley,Richards,ashley.richards@yahoo.com,350-275-8837x63085,Benjaminmouth,CA
0034947e78d6a,Jerry,Washington,jerry.washington@hotmail.com,(510)750-8440x6844,East Darlenetown,MT
003f4391f5682,Jeremy,Armstrong,jeremy.armstrong@hotmail.com,19577346986,North Olivia,FM
003fcbcfd0121,Mallory,Johnson,mallory.johnson@gmail.con,001-407-217-0290,Port Kennethside,ID
003a3fe7c5eb3,Chelsea,Henry,chelsea.henry@yahoo.com,2102069774,North Alishamouth,WY
0034a23c1edd1,Ryan,Robinson,ryan.robinson@gmail.com,(911)499-4461x4561,Lake Cynthia,NE
0031e7b34352d,Jeffrey,Joseph,jeffrey.joseph@gmail.com,001-495-701-0232x3213,Kimberlyland,MO
0030d64c513f1,Andrew,Huff,andrew.huff@yahoo.com,(359)725-0169,New Bryanborough,WV
003b181651bc5,Stephanie,Reynolds,stephanie.reynolds@gmail.com,(990)908-9730x36590,Kristineville,UT
0032a31cc86aa,Brent,Zimmerman,brent.zimmerman@yahoo.com,001-588-873-0296x20563,Sancheztown,VA
003b5a8bc6ba7,Grace,Williams,grace.williams@gmail.con,249.439.0981x122,Antonioport,MP
0034ca37db548,James,,james.miller@hotmail.com,3363133254,West Marissa,GU
0034c09dcd583,Robert,Thornton,robert.thornton@hotmail.com,3728064613,Pottsshire,NJ
0030762042c38,Joshua,,joshua.patel@hotmail.com,3584658309226,Nicholasmouth,CA
0035e3b7b9318,Charles,Conley,charles.conley@yahoo.com,(919)763-4610,Arnoldview,NY
003bbd7c184ae,Kevin,Martinez,kevin.martinez@hotmail.com,749.897.6224,New Hayden,ID
00318ed619848,James,Brown,james.brown@hotmail.con,+1-436-877-7639x857,East Kevin,SC
003299f9e97fb,Angela,Deleon,angela.deleon@gmail.con,8728836069,Jeffersonview,VT
003f4b4eb70c8,Tiffany,Rodgers,tiffany.rodgers@hotmail.con,753-778-4205,South Kimberlytown,KY
0031a01187f8e,Mary,Green,mary.green@yahoo.con,8673326813,Port Jennifer,NJ
003ac31293528,Cheyenne,Miller,cheyenne.miller@hotmail.com,524.201.0783x5674,Dominguezchester,UT
003d251be69e2,Mark,Blake,mark.blake@yahoo.com,(912)747-6400x068,East Patricia,VI
003f51688d689,Abigail,Moody,abigail.moody@hotmail.con,86723631633084,Collinston,NY
003cdd0f40c97,Thomas,,thomas.orozco@yahoo.con,327-863-0965x00401,West Andrewland,WY
0031e83f29f7c,Carla,Thomas,carla.thomas@yahoo.com,985.419.6106x4628,Hansenmouth,IN
0034cfe929370,Billy,Dominguez,billy.dominguez@gmail.com,5729989820541,Jessefurt,RI
0031898040e0b,Jeffrey,Banks,jeffrey.banks@gmail.com,8818433161,Troymouth,DC
0033e9019087f,Kathy,Myers,kathy.myers@hotmail.com,830.393.3532,Lake William,OR
0031a26c1056a,Richard,,richard.daniels@gmail.com,5892348688,West Charlesville,OR
003bf65bdce37,Brian,Brown,brian.brown@hotmail.con,+1-710-372-9967x22485,East Denisemouth,GU
0038982d60933,Robert,Allen,robert.allen@gmail.com,2226750936,Robertsburgh,NM
003dfae18e9f7,Shannon,Herrera,shannon.herrera@yahoo.com,19216816977525,Cherylbury,MA
003d7fed69359,William,Summers,william.summers@yahoo.com,408.414.6581x01678,Mariachester,MS
003416a1d6780,Julia,Jones,julia.jones@gmail.com,9722483516,Briannaview,MO
003b2fac23208,Dawn,Snyder,dawn.snyder@gmail.com,001-555-208-0050x908,Larryland,OR
003f91ab1b2af,Benjamin,Becker,benjamin.becker@yahoo.con,677-216-5354x346,Longburgh,RI
003109240e96a,Brittany,Adams,brittany.adams@yahoo.com,2496284617,Matthewshire,TN
003a2e5b1ddf8,Barbara,Elliott,barbara.elliott@gmail.com,7336371471,Kevinmouth,SC
0032f0234c70c,Candice,Sanchez,candice.sanchez@gmail.com,298628136833652,Port Kaitlynville,IA
00366816ee6c2,Nancy,Allen,nancy.allen@gmail.com,(297)796-3303x68351,Royfort,KS
0031ba6140927,Henry,Baker,henry.baker@hotmail.com,+1-668-846-9138x04753,Jessicamouth,AZ
003e35d5aa1d1,Jason,Thompson,jason.thompson@gmail.con,2645076558,West Jamieborough,MI
0034e507841d1,David,Sawyer,david.sawyer@gmail.com,489-600-6067x0876,Lake Beckyfort,IL
003027ae5629d,Nathaniel,Brown,nathaniel.brown@gmail.con,571.914.6726x579,Gabriellehaven,KY
0038700f552b7,Matthew,Gutierrez,matthew.gutierrez@yahoo.com,6816239278,Carrside,AS
003e7a63a59d0,Lance,Parks,lance.parks@yahoo.com,311-524-2296x069,New Robertmouth,NC
003cf2a9c3483,Susan,Fernandez,susan.fernandez@hotmail.com,282.670.3224x89136,New Michele,AK
003078f50151e,Emily,Garrison,emily.garrison@yahoo.com,+1-729-205-2565,Hendersonport,PR
0036f2587e3ed,Patricia,Anderson,patricia.anderson@gmail.com,869-934-5564,Williamsburgh,OH
0036677c78420,Jessica,Ochoa,jessica.ochoa@gmail.com,367.723.0079,North Russellmouth,UT
003d1884bbc81,Steven,Jackson,steven.jackson@hotmail.com,001-605-841-3317,North Kyle,WA
003b588813e90,Melissa,Graves,melissa.graves@hotmail.com,449.940.0147,South Lisaview,CT
003d77ee30219,Howard,,howard.russell@hotmail.com,7833440932,South Bruceville,KS
0033743ae4964,Beverly,Park,beverly.park@hotmail.com,234.549.3053x788,South Sharon,NY
003eb1f0fccb2,Curtis,Watts,curtis.watts@hotmail.com,921-539-5116,New Cheryl,IN
003a1ead309a6,Nicole,Huerta,nicole.huerta@yahoo.con,7005082220,Odomton,NC
003931cb997cd,Julie,Moss,julie.moss@gmail.com,94557358848750,West Phillip,OK
003ffe00c3e07,Amy,Thomas,amy.thomas@yahoo.com,001-449-906-6031x75234,Traceyview,VI
00378b3b07a0c,Whitney,Henderson,whitney.henderson@hotmail.com,599.480.6821,Lake Steven,AR
00345ebd8de87,Darren,,darren.richardson@gmail.com,222.326.6509,Travisview,SC
003b906183d7a,Michael,Potter,michael.potter@gmail.com,8547947504,Lake Jeremyberg,MT
0039f8b844d15,Rachel,Dunn,rachel.dunn@gmail.com,2119305244,Kingland,KS
003f3ee859c91,Victoria,Hill,victoria.hill@yahoo.com,(864)329-3064,Monicastad,ND
00368eca2b3d0,Michael,Ramos,michael.ramos@gmail.con,9326851552,East Jamesborough,PR
003d707b14850,Bradley,Johnson,bradley.johnson@yahoo.com,001-374-280-2818x355,Antonioview,MT
003cea7e0f12d,James,Meyer,james.meyer@gmail.con,1332574487710228,Boothberg,AZ
0039cb392599b,Christopher,Day,christopher.day@hotmail.con,159856646936561,Lake Heather,PR
003c0518f7811,Karen,Snyder,karen.snyder@yahoo.com,4287389378,Port Amanda,SC
0036a77531109,James,Zimmerman,james.zimmerman@hotmail.com,0015779844464691,West Marthachester,AL
003a4e6d54b4b,Jennifer,,jennifer.sexton@gmail.com,3598848086,Port Miranda,UT
0034808ff4288,Brandon,Ryan,brandon.ryan@yahoo.com,5703435175,Garciaburgh,MT
003b7a558e082,Patrick,Murray,patrick.murray@hotmail.com,(379)476-0817,Reynoldsport,ND
0031a2ec9ef69,Crystal,Allen,crystal.allen@hotmail.con,9777358467,Aaronstad,NY
003992898592f,Christopher,Garcia,christopher.garcia@gmail.com,001-565-665-2341,Port Rachaelbury,NM
003852dc3f2b7,Jay,Wilkins,jay.wilkins@gmail.com,987.677.8731x35035,Perezview,FM
003308d455920,Courtney,,courtney.jackson@hotmail.con,8947705447,Port Sean,KY
0033c653004fa,Mark,Torres,mark.torres@hotmail.com,7674415867,Bonillaview,ME
003e7cfe3e93a,Curtis,Barber,curtis.barber@yahoo.com,217-408-2922,Thompsonshire,AR
003e2beddbdf4,Dylan,,dylan.frank@gmail.com,8126797176350,South Rebekahchester,NH
0031f11960bb3,Nicholas,Thomas,nicholas.thomas@hotmail.com,(223)755-2165,Fischerton,OH
003af45db701d,Christine,Bowman,christine.bowman@gmail.com,809-719-4093,Jorgechester,AS
003bf32c6452d,Lisa,Lin,lisa.lin@gmail.com,+1-454-947-5568x254,Michaelport,SC
003aaea9e6f14,Angela,Edwards,angela.edwards@hotmail.com,2645771591,Lisaside,AL
003d25bf31ab1,Christopher,Shaw,christopher.shaw@hotmail.con,747-484-1523,Buchananland,NV
003221d31a287,Linda,Mcdonald,linda.mcdonald@gmail.com,(336)985-1604,Rosebury,SD
003e563f5dc32,Donald,Herrera,donald.herrera@gmail.com,950713524711788,Christophertown,MI
003f2e1e504e3,Timothy,Reed,timothy.reed@hotmail.com,412-413-2914x037,Mcphersonbury,KY
003b99fa1d614,Elizabeth,Glenn,elizabeth.glenn@hotmail.con,(809)885-5794,Karenfort,NY
003cb0930a32f,Lisa,Rodriguez,lisa.rodriguez@yahoo.com,872.763.1995,East Saraside,MD
003bf230f3c94,Jose,Whitaker,jose.whitaker@yahoo.com,25343991603731,West Katherine,AS
0035bcfd8ae08,Richard,Flores,richard.flores@gmail.con,001-507-944-6660x9935,Destinybury,MI
0030e023701c5,Rebecca,,rebecca.ray@hotmail.com,390-801-4243,New Michaelview,SC
0039d1a81a262,Robert,Garcia,robert.garcia@gmail.com,845.795.8295,Diazborough,WV
003a1ced1fca5,Alexander,Bell,alexander.bell@yahoo.com,(387)508-4519x613,North Scotthaven,OR
003d3a500a968,Meagan,Payne,meagan.payne@hotmail.com,+1-979-916-2022x32883,North Justin,DE
003a55bef5df8,Jesse,Keller,jesse.keller@gmail.com,8059802566212,Mooreshire,ME
003484fe32ca5,Jennifer,Harris,jennifer.harris@yahoo.com,9435370096,West Donna,MN
003e71ae9bb45,Michael,,michael.farley@hotmail.com,+1-500-998-3273x6529,Montgomeryville,FM
003c27077e565,Robert,Garcia,robert.garcia@yahoo.com,849-461-8068,Christopherchester,RI
0038c40a7a9ce,Cynthia,Jordan,cynthia.jordan@yahoo.com,9475494156,Lake Loretta,WA
0033042e45423,Tonya,Holmes,tonya.holmes@gmail.com,985.308.7978x229,Ramosstad,NY
003cecaca92e4,Melissa,Perez,melissa.perez@hotmail.com,36281741037514,Johnsonhaven,LA
0037f1c02bef5,Jeffrey,Stewart,jeffrey.stewart@hotmail.con,(902)552-8546x130,New Michelle,PR
003b529d0aeff,David,Johnson,david.johnson@yahoo.com,882.826.0686,Langhaven,PR
003a674a506cc,Melissa,Ford,melissa.ford@hotmail.com,(753)265-2053x90504,Kathyland,DC
00385ed0d507a,Amber,Vincent,amber.vincent@hotmail.com,(287)822-5893x70858,Karlafurt,MS
0034b23d48919,Misty,Tyler,misty.tyler@gmail.com,+1-311-287-9619x20850,Kimberlyhaven,NJ
003e7030f42d1,Kaylee,,kaylee.hopkins@yahoo.con,320-491-1791,Jonesland,IL
0032d0078bd1c,Alexis,Arias,alexis.arias@gmail.con,626-920-6985x12468,East Stephanie,MT
00348dcc9a4ae,Tyler,Donovan,tyler.donovan@hotmail.com,+1-911-666-1898x311,East Robert,NM
0034b6100b831,Matthew,Hill,matthew.hill@hotmail.com,530441887117023,Michelemouth,WY
0033bcd45873f,Lori,Thompson,lori.thompson@hotmail.com,(645)348-2771x95911,Michelleton,VA
0033f139408eb,Samuel,Neal,samuel.neal@gmail.con,(225)709-1792x6119,South Heather,TX
003786672191e,Mark,,mark.johnson@gmail.com,650-971-7416,Moraleston,GA
003bfaf1b48d5,Laura,Wright,laura.wright@yahoo.com,(577)999-5883,Nicholasbury,NV
003c5e2c77530,James,Murphy,james.murphy@gmail.com,306.971.5152x5862,Port Danielville,WI
003a665a02b0d,Kristy,Robinson,kristy.robinson@hotmail.com,127345861819667,Roachport,MA
003e80e9aa469,Ryan,Walker,ryan.walker@yahoo.com,001-636-438-1392x2230,Hartborough,NM
0031fe18a00d8,Sarah,Woods,sarah.woods@hotmail.com,8403953141,Port Sarahshire,AS
0039de48f0a33,Danny,Romero,danny.romero@hotmail.con,0012547707520169,Brownside,MH
00353d8c958e0,Amanda,Knight,amanda.knight@hotmail.con,9583839784,West Cynthia,SD
003913e5841c1,Katherine,Barnett,katherine.barnett@gmail.com,2005370907,South Laurenton,OK
00365ce56f1c8,Dennis,Roberson,dennis.roberson@gmail.com,+1-690-482-6110x35659,Port Gary,MI
0032b25c7b648,Anna,Martinez,anna.martinez@gmail.com,3439093535215,Lake Jonathan,CT
003494a6ffb17,Brittney,Dunn,brittney.dunn@gmail.com,999.479.6887,Garciahaven,TX
0035b0e1c061a,Alexis,Robinson,alexis.robinson@yahoo.com,97547051204618,Lake Virginia,ID
0030376f7f1f6,William,Payne,william.payne@hotmail.con,4253448306,Samanthaville,CO
003693d4be836,Patricia,Johnson,patricia.johnson@hotmail.com,+1-266-516-8019,South Bryanfort,OK
003ff680bb866,Bradley,Davis,bradley.davis@hotmail.com,+1-776-507-9046x6005,Lake Debraland,MN
0033929f58216,Albert,Jones,albert.jones@yahoo.com,315.890.1125x023,Lake Dennis,HI
003a2aab90b53,Heather,,heather.avila@hotmail.com,426-475-9988,Gutierrezhaven,PW
0037f58c23da6,Elizabeth,,elizabeth.little@yahoo.com,(434)265-5461,North Moniquehaven,RI
003a933444435,Kristina,Manning,kristina.manning@yahoo.con,4606890647,East Jaimetown,NV
0034c646db8b9,Curtis,Johnson,curtis.johnson@hotmail.con,465.770.5356x325,Lake Scott,KS
0030906f19f99,Amanda,Bradley,amanda.bradley@yahoo.com,(929)374-5493x03646,North April,ND
0031514a36b27,Micheal,Miller,micheal.miller@gmail.com,6509805491,Port Kristinemouth,DE
0030cdfc6307f,Justin,Fuller,justin.fuller@yahoo.com,(611)523-8701x502,Robertsburgh,AZ
003c837e18660,Angel,Meyer,angel.meyer@gmail.com,8502814647023,East Jonathanland,NV
003a5b3ac69a0,Barbara,Barton,barbara.barton@hotmail.com,(734)420-5668x073,Port Allenview,SC
00320a503859f,Kimberly,Vega,kimberly.vega@yahoo.com,957-864-3554,Mariaville,CO
003d10cef868e,Sarah,Logan,sarah.logan@hotmail.con,6605945675809,Tricialand,CA
0035e540fb0e5,Christina,Tyler,christina.tyler@yahoo.com,186662697955360,West Pamela,SC
003ffbad2e030,Brandon,,brandon.schneider@yahoo.con,950.631.8849,Port Sue,NE
00352cd2ffb8e,Joe,Hines,joe.hines@yahoo.con,12723537172,East Sandrabury,CA
003a3e4972042,Shari,Jones,shari.jones@yahoo.com,903-489-7528,Ernestberg,LA
00328ef8170d6,Mark,Lawson,mark.lawson@gmail.com,(244)791-5321x80113,Sarahtown,VA
003969fed96f4,Robert,Orozco,robert.orozco@yahoo.com,001-944-269-4421x106,Port Matthewside,NH
003c27add72d8,Nathaniel,Burton,nathaniel.burton@yahoo.com,+1-533-374-7219,Parkerchester,AZ
003801007abb5,Linda,Cooper,linda.cooper@hotmail.com,7856738385,Katelynbury,UT
0037e81747767,Michael,Schmidt,michael.schmidt@hotmail.com,15097704683227,Espinozaview,NV
003e0e6915100,Joshua,Davis,joshua.davis@gmail.con,26930259681664,East Eugene,AR
003e9af486e9d,Amanda,,amanda.bell@gmail.com,128394349363568,Thomasside,NM
003268e40072d,Cassandra,Henry,cassandra.henry@yahoo.com,(809)433-7732x86478,Smithfort,ND
003db2d0fb716,Christopher,Williams,christopher.williams@hotmail.com,(262)757-6210x902,Ronaldfurt,TX
0037473d15271,Crystal,Gonzalez,crystal.gonzalez@yahoo.com,82525603020805,Kevinport,PA
00366a9bfc30f,Brittany,Blair,brittany.blair@hotmail.com,149429265118580,New Sharonland,FL
003022602c681,Stephanie,Diaz,stephanie.diaz@gmail.com,223-703-4899,Port Charlesfurt,WV
00374efe8f8cf,Chase,Conway,chase.conway@hotmail.com,23267195932819,Lake Stevenstad,UT
0035ab4502691,Cynthia,Palmer,cynthia.palmer@gmail.com,6787087667,Lake Charleston,ID
003798ce5f7b0,Tiffany,Watson,tiffany.watson@hotmail.com,955.214.2033x833,Christophermouth,OH
0032f09a600ad,Susan,Sanchez,susan.sanchez@hotmail.con,001-621-701-2546x7591,North Carl,KY
003a66df2c5ca,Joseph,Obrien,joseph.obrien@hotmail.com,0019768391600,Kennethchester,NV
0034df630abb8,Christian,Hale,christian.hale@gmail.com,6059911862,Wallerfurt,PW
00331509a41e2,Tricia,Kerr,tricia.kerr@hotmail.com,+1-929-998-3358x76887,New Staceyview,MH
003be3ba7ac65,Natalie,Taylor,natalie.taylor@yahoo.com,+1-508-564-0355x3380,East Christopher,OR
003c5f0e4839e,Katherine,,katherine.franklin@hotmail.com,817.686.2561x5636,Jeremyfort,GU
00394ae8eb075,Suzanne,Vaughn,suzanne.vaughn@yahoo.com,836-671-3695x9440,Jefferyborough,RI
003b9b3b023c4,Emily,Norton,emily.norton@hotmail.com,194434218299874,Mcdonaldton,PA
0033e3ea24af5,Virginia,,virginia.sherman@yahoo.com,(812)624-7141x1673,Silvaland,DE
003f8ef13c261,Robert,Newman,robert.newman@yahoo.con,(941)647-3594x68953,Lovebury,TX
003da599439b5,Jessica,Joseph,jessica.joseph@gmail.com,+1-730-369-7899,South Nicholashaven,VA
00314dd3ecb54,Lawrence,Patterson,lawrence.patterson@gmail.com,001-429-695-9110,Jamesfurt,PA
003465626a070,Heather,King,heather.king@gmail.con,0014072443297,New Walter,ND
003929a98947b,Jodi,Murray,jodi.murray@hotmail.com,(222)887-2808x010,Brucefort,TN
0036303dbf944,Joseph,Simon,joseph.simon@yahoo.con,698.862.1433,Lake Cathy,CT
00376657c1748,Troy,Gilbert,troy.gilbert@gmail.com,2046186905638,Villafurt,NM
0037c74cf1771,Bobby,Sawyer,bobby.sawyer@hotmail.com,6732380792660,Zacharyton,SD
003e02e8eb6df,Elizabeth,Richards,elizabeth.richards@gmail.com,825-337-3377x7312,East Courtney,MT
003b9a8c396b2,Joshua,Campbell,joshua.campbell@gmail.con,001-811-597-3881x82730,South Richardtown,MI
003e05092cf8b,Christopher,,christopher.park@hotmail.com,8019123301,West Johnport,MO
003d1f423145b,James,Allen,james.allen@yahoo.com,389-380-4373x67918,Lopezfurt,OK
0039b0da109bf,Martha,Parrish,martha.parrish@yahoo.con,288-929-9178,North Toniborough,MT
